id,provider,name,subdivision_name,municipality,direct_download_url,latest_url,status,min_lat,max_lat,min_lon,max_lon
mdb-1,Casco Bay Lines,,Maine,Portland,http://smttracker.com/downloads/gtfs/cascobaylines-portland-me-usa.zip,https://files.mobilitydatabase.org/mdb-1/latest.zip,active,43.6554627,43.7163196,-70.248374,-70.1099246
mdb-4,Athens Public Transit,,Ohio,Athens,https://openmobilitydata-data.s3.us-west-1.amazonaws.com/public/feeds/athens-public-transit/298/20160926/gtfs.zip,,deprecated,,,,
mdb-5,St Lawrence County Public Transit,,New York,Saint Lawrence County,https://s3.amazonaws.com/datatools-511ny/public/St_Lawrence_County_Public_Transit.zip,https://files.mobilitydatabase.org/mdb-5/latest.zip,deprecated,44.308467,44.979147017,-75.75756393,-74.611761
mdb-10,TheBus,,Hawaii,,http://webapps.thebus.org/transitdata/Production/google_transit.zip,https://files.mobilitydatabase.org/mdb-10/latest.zip,deprecated,21.255957,21.70332,-158.228463,-157.662429
mdb-11,Amtrak,,California,Los Angeles County,https://content.amtrak.com/content/gtfs/GTFS.zip,https://files.mobilitydatabase.org/mdb-11/latest.zip,active,25.849554,54.77395978,-124.16933,-69.965541
mdb-12,Avalon Transit,,California,Avalon,http://data.trilliumtransit.com/gtfs/avalon-ca-us/avalon-ca-us.zip,https://files.mobilitydatabase.org/mdb-12/latest.zip,inactive,33.3265468093768,33.35083600387301,-118.340356050519,-118.32185964799
mdb-13,"San Diego International Airport, Metropolitan Transit System (MTS)",,California,San Diego County,https://www.sdmts.com/google_transit_files/google_transit.zip,https://files.mobilitydatabase.org/mdb-13/latest.zip,active,32.54281914,33.2568868,-117.27792366,-116.18445788
mdb-14,North County Transit District (NCTD),,California,Carlsbad,http://www.gonctd.com/google_transit.zip,https://files.mobilitydatabase.org/mdb-14/latest.zip,inactive,32.716895,33.394164,-117.514206,-116.869776
mdb-15,Orange County Transportation Authority (OCTA),,California,Anaheim,https://www.octa.net/current/google_transit.zip,https://files.mobilitydatabase.org/mdb-15/latest.zip,active,33.396269,33.939472,-118.119155,-117.577689
mdb-16,Laguna Beach Transit (LBT),,California,Laguna Beach,http://data.trilliumtransit.com/gtfs/lagunabeach-ca-us/lagunabeach-ca-us.zip,https://files.mobilitydatabase.org/mdb-16/latest.zip,active,33.476315,33.656174386297735,-117.799868,-117.716808
mdb-17,Yuma County Intergovernmental Public Transportation Authority (YCIPTA),,Arizona,San Luis,http://www.ycipta.org/gtfs/google_transit.zip,https://files.mobilitydatabase.org/mdb-17/latest.zip,active,32.484682743136176,32.79171205546877,-115.56963801383972,-114.1335509410652
mdb-18,Palo Verde Valley Transit Agency,,California,,http://data.trilliumtransit.com/gtfs/paloverde_valley-ca-us/paloverde_valley-ca-us.zip,https://files.mobilitydatabase.org/mdb-18/latest.zip,deprecated,33.521321,33.83888769,-116.5437887,-114.517118
mdb-19,Humboldt Transit Authority,,California,Arcata,http://data.trilliumtransit.com/gtfs/humboldtcounty-ca-us/humboldtcounty-ca-us.zip,https://files.mobilitydatabase.org/mdb-19/latest.zip,deprecated,39.1533019,41.06145518545524,-124.223416986081,-123.19884215396728
mdb-20,Redwood Coast Transit (RCT),,California,Del Norte County,http://data.trilliumtransit.com/gtfs/delnorte-ca-us/delnorte-ca-us.zip,https://files.mobilitydatabase.org/mdb-20/latest.zip,active,40.781145559,41.956908495083496,-124.216937405798,-123.96551954304
mdb-21,Coos County Area Transit (CCAT),,Oregon,Coos County,https://oregon-gtfs.trilliumtransit.com/gtfs_data/cooscounty-or-us/cooscounty-or-us.zip,https://files.mobilitydatabase.org/mdb-21/latest.zip,active,42.87881944,43.9847294038583,-124.434431,-123.345208
mdb-22,Curry Public Transit,,Oregon,Coos Bay,https://oregon-gtfs.trilliumtransit.com/gtfs_data/currypublictransit-or-us/currypublictransit-brookings-or-us.zip,https://files.mobilitydatabase.org/mdb-22/latest.zip,active,41.9336420175064,43.41605710733381,-124.4975959721118,-124.1641857951742
mdb-23,Lincoln County Transit (LCT),,Oregon,Albany,https://oregon-gtfs.trilliumtransit.com/gtfs_data/lincolncounty-or-us/lincolncounty-or-us.zip,https://files.mobilitydatabase.org/mdb-23/latest.zip,active,44.3116263048855,45.01935811,-124.105422953253,-123.10286
mdb-24,Rhody Express,,Oregon,Florence,https://oregon-gtfs.trilliumtransit.com/gtfs_data/rhodyexpress-or-us/rhodyexpress-or-us.zip,https://files.mobilitydatabase.org/mdb-24/latest.zip,active,43.96632921581482,44.00783688,-124.1178985,-124.086991158899
mdb-25,Eastern Sierra Transit,,California,Inyo County,http://data.trilliumtransit.com/gtfs/easternsierra-ca-us/easternsierra-ca-us.zip,https://files.mobilitydatabase.org/mdb-25/latest.zip,active,34.696209,39.5349289,-119.77547286502951,-117.816841286
mdb-26,Santa Maria Area Transit,,California,,http://data.trilliumtransit.com/gtfs/smat-ca-us/smat-ca-us.zip,https://files.mobilitydatabase.org/mdb-26/latest.zip,deprecated,34.595943118981,34.98595,-120.52211,-120.140531457672
mdb-27,Airport Valet Express,,California,Los Angeles,http://data.trilliumtransit.com/gtfs/airportvaletexpress-ca-us/airportvaletexpress-ca-us.zip,https://files.mobilitydatabase.org/mdb-27/latest.zip,inactive,33.942609,35.3533707819563,-119.062001238098,-118.398682
mdb-28,Los Angeles County Department of Public Works (the LINK and shuttles),,California,Los Angeles County,http://data.trilliumtransit.com/gtfs/dpwlacounty-ca-us/dpwlacounty-ca-us.zip,https://files.mobilitydatabase.org/mdb-28/latest.zip,active,33.908508,34.49328549085506,-118.52573594954056,-117.880424
mdb-29,Los Angeles County Metropolitan Transportation Authority (LA Metro),Bus,California,Beverly Hills,https://gitlab.com/LACMTA/gtfs_bus/raw/master/gtfs_bus.zip,https://files.mobilitydatabase.org/mdb-29/latest.zip,active,33.706853,34.326157,-118.860915,-117.913475
mdb-30,Los Angeles County Metropolitan Transportation Authority (LA Metro),Rail,California,La Verne,https://gitlab.com/LACMTA/gtfs_rail/raw/master/gtfs_rail.zip,https://files.mobilitydatabase.org/mdb-30/latest.zip,active,33.76804,34.16906,-118.49189,-117.7522
mdb-31,Ventura County Transportation Commission,,California,Ventura,http://data.trilliumtransit.com/gtfs/vctc-ca-us/vctc-ca-us.zip,https://files.mobilitydatabase.org/mdb-31/latest.zip,inactive,34.15384,34.4439177,-119.86559373432384,-118.5793661649194
mdb-32,"Gold Coast Transit, South Coast Area Transit",,California,Oxnard,http://www.goldcoasttransit.org/images/GTFS/GTFS.zip,https://files.mobilitydatabase.org/mdb-32/latest.zip,inactive,34.14269871250784,34.44820108297236,-119.30746185,-119.13247253857648
mdb-33,Thousand Oaks Transit,,California,,http://data.trilliumtransit.com/gtfs/thousandoaks-ca-us/thousandoaks-ca-us.zip,https://files.mobilitydatabase.org/mdb-33/latest.zip,deprecated,34.021383769332,34.285345,-119.266906,-118.815668825
mdb-34,Torrance Transit,,California,Torrance,https://transit.torranceca.gov/home/showdocument?id=16673,,active,,,,
mdb-35,Palos Verdes Peninsula Transit Authority (PVPTA),,California,Los Angeles County,http://data.trilliumtransit.com/gtfs/pvpta-ca-us/pvpta-ca-us.zip,https://files.mobilitydatabase.org/mdb-35/latest.zip,active,33.720604,33.819042,-118.423141,-118.28767494016756
mdb-36,Lawndale Beat,,California,Lawndale,http://data.trilliumtransit.com/gtfs/cityoflawndale-ca-us/cityoflawndale-ca-us.zip,https://files.mobilitydatabase.org/mdb-36/latest.zip,active,33.8708620651923,33.90178469324111,-118.36957063707776,-118.34400480783832
mdb-37,Big Blue Bus,,California,Los Angeles County,http://gtfs.bigbluebus.com/current.zip,https://files.mobilitydatabase.org/mdb-37/latest.zip,active,33.951481,34.075669,-118.549205,-118.237266
mdb-38,Culver City Bus,,California,Culver City,https://www.culvercity.org/files/assets/public/documents/information-technology/maps/gtfsexport.zip,https://files.mobilitydatabase.org/mdb-38/latest.zip,inactive,33.950849,34.068294,-118.471525,-118.36869
mdb-39,Spirit Bus,,California,Monterey Park,http://data.trilliumtransit.com/gtfs/montereypark-ca-us/montereypark-ca-us.zip,https://files.mobilitydatabase.org/mdb-39/latest.zip,deprecated,34.0365252,34.0697248,-118.1686876,-118.1088128
mdb-40,Simi Valley Transit,,California,Simi Valley,http://data.trilliumtransit.com/gtfs/simivalley-ca-us/simivalley-ca-us.zip,https://files.mobilitydatabase.org/mdb-40/latest.zip,active,34.22958457,34.3021463101492,-118.83637467254,-118.598911921367
mdb-41,Pasadena Transit,,California,Los Angeles County,http://rt.pasadenatransit.net/rtt/public/utility/gtfs.aspx,https://files.mobilitydatabase.org/mdb-41/latest.zip,active,34.10971,34.197933,-118.19336,-118.068852
mdb-42,Kings Area Rural Transit,,California,,http://data.trilliumtransit.com/gtfs/kcapta-ca-us/kcapta-ca-us.zip,https://files.mobilitydatabase.org/mdb-42/latest.zip,deprecated,36.002941,36.885069,-120.14516,-119.288234
mdb-43,San Luis Obispo Regional Transit Authority (SLORTA),,California,San Luis Obispo County,http://slo.connexionz.net/rtt/public/resource/gtfs.zip,https://files.mobilitydatabase.org/mdb-43/latest.zip,active,34.944001,35.752511,-121.186588,-120.413275
mdb-44,City of San Luis Obispo Transit,,California,San Luis Obispo,https://app.mecatran.com/urb/ws/feed/c2l0ZT1zbG90cmFuc2l0O2NsaWVudD1zZWxmO2V4cGlyZT07dHlwZT1ndGZzO2tleT0zZTMwMzM1OTRiMTE2NzA0N2IxNjQwNjA0ZjQwMGMzMzdiM2E1MTQ0,https://files.mobilitydatabase.org/mdb-44/latest.zip,active,35.23933972,35.302551,-120.70909948,-120.63319399
mdb-45,Morro Bay Transit,,California,Morro Bay,http://mjcaction.com/MJC_GTFS_Public/morrobay_google_transit.zip,,deprecated,,,,
mdb-46,Golden Empire Transit District (GET),,California,Kern County,http://eta.getbus.org/rtt/public/utility/gtfs.aspx,https://files.mobilitydatabase.org/mdb-46/latest.zip,active,35.2667,35.447091,-119.145718,-118.91409
mdb-47,Kern Transit,,California,Arvin,http://data.trilliumtransit.com/gtfs/kerncounty-ca-us/kerncounty-ca-us.zip,https://files.mobilitydatabase.org/mdb-47/latest.zip,active,34.4136741299023,35.77525384,-119.694137,-117.6462533
mdb-48,Porterville Transit,,California,Visalia,http://data.trilliumtransit.com/gtfs/porterville-ca-us/porterville-ca-us.zip,https://files.mobilitydatabase.org/mdb-48/latest.zip,inactive,35.761867,36.607999,-119.486362,-118.77602944931
mdb-49,San Mateo County Transit District (samTrans),,California,San Mateo County,http://www.samtrans.com/Assets/GTFS/samtrans/ST-GTFS.zip,https://files.mobilitydatabase.org/mdb-49/latest.zip,deprecated,37.367894,37.790396,-122.51796,-122.129824
mdb-50,San Francisco Municipal Transportation Agency (SFMTA - Muni),,California,San Francisco,https://gtfs.sfmta.com/transitdata/google_transit.zip,https://files.mobilitydatabase.org/mdb-50/latest.zip,deprecated,37.705764,37.829848,-122.510792,-122.365593
mdb-51,Mission Bay Transportation Management Association (TMA),,California,San Francisco,http://data.trilliumtransit.com/gtfs/missionbaytma-ca-us/missionbaytma-ca-us.zip,https://files.mobilitydatabase.org/mdb-51/latest.zip,active,37.766910305944,37.79274030201688,-122.41602803586,-122.38628046391018
mdb-52,Tideline Water Taxi,,California,San Francisco,http://trilliumtransit.com/transit_feeds/tidelinewatertaxi-ca-us/tidelinewatertaxi-ca-us.zip,https://files.mobilitydatabase.org/mdb-52/latest.zip,inactive,37.7708398,37.913659,-122.3950251,-122.31393184362
mdb-53,Bay Area Rapid Transit (BART),,California,Alameda County,http://www.bart.gov/dev/schedules/google_transit.zip,https://files.mobilitydatabase.org/mdb-53/latest.zip,active,37.3682021,38.01895,-122.4690221,-121.7799827
mdb-54,Caltrain,,California,San Mateo,http://data.trilliumtransit.com/gtfs/caltrain-ca-us/caltrain-ca-us.zip,https://files.mobilitydatabase.org/mdb-54/latest.zip,active,37.003485,37.776404,-122.4120764,-121.566088
mdb-55,Modesto Area Express,,California,Stanislaus County,https://www.modestoareaexpress.com/preview-gtfs.zip,https://files.mobilitydatabase.org/mdb-55/latest.zip,inactive,37.31121,37.954866,-121.898961,-120.74953
mdb-56,Monterey-Salinas Transit (MST),,California,Monterey County,https://www.mst.org/google/google_transit.zip,https://files.mobilitydatabase.org/mdb-56/latest.zip,active,35.622688,37.004346,-121.936034,-120.687893
mdb-57,Santa Clara Valley Transportation Authority (VTA),,California,Cupertino,https://gtfs.vta.org/gtfs_vta.zip,https://files.mobilitydatabase.org/mdb-57/latest.zip,active,36.974922,37.458086,-122.173639,-121.549029
mdb-58,San Benito County Express (SBCE),,California,Hollister,http://data.trilliumtransit.com/gtfs/sanbenitocounty-ca-us/sanbenitocounty-ca-us.zip,https://files.mobilitydatabase.org/mdb-58/latest.zip,active,36.8277310881144,37.004068,-121.570689082146,-121.36651485272571
mdb-59,Stanford Marguerite Shuttle (SMS),,California,Palo Alto,https://transportation-forms.stanford.edu/google/google_transit.zip,https://files.mobilitydatabase.org/mdb-59/latest.zip,active,37.393531,37.56783115,-122.23088832,-121.97549998
mdb-60,Mountain View Transportation Management Association (MVgo),,California,Mountain View,http://data.trilliumtransit.com/gtfs/mountainview-ca-us/mountainview-ca-us.zip,https://files.mobilitydatabase.org/mdb-60/latest.zip,deprecated,37.387655512462,37.4314288965063,-122.111591291827,-122.04758367268
mdb-61,Commute.org San Mateo County Shuttles,,California,Menlo Park,http://data.trilliumtransit.com/gtfs/commute-ca-us/commute-ca-us.zip,https://files.mobilitydatabase.org/mdb-61/latest.zip,active,37.423779,37.7211495911134,-122.474656,-122.14127489034692
mdb-62,San Francisco Bay Area Water Emergency Transportation Authority (WETA),,California,San Francisco,http://data.trilliumtransit.com/gtfs/sfbayferry-ca-us/sfbayferry-ca-us.zip,https://files.mobilitydatabase.org/mdb-62/latest.zip,active,37.662676,38.10127,-122.41209,-122.25692
mdb-63,Emery Go-Round,,California,Emeryville,http://data.trilliumtransit.com/gtfs/emerygoround-ca-us/emerygoround-ca-us.zip,https://files.mobilitydatabase.org/mdb-63/latest.zip,deprecated,37.829413295667,37.8523174318222,-122.313441419571,-122.26671053997
mdb-64,Livermore Amador Valley Transit Authority,,California,Alameda County,http://webwatch.lavta.org/TMGTFSRealTimeWebService/GTFS-Static/google_transit.zip,https://files.mobilitydatabase.org/mdb-64/latest.zip,active,37.631448,37.928652,-122.06865,-121.701221
mdb-65,eTrans,,California,San Joaquin County,http://data.trilliumtransit.com/gtfs/escalon-ca-us/escalon-ca-us.zip,https://files.mobilitydatabase.org/mdb-65/latest.zip,active,37.685265,37.80286,-121.050301,-120.9437394646315
mdb-66,Sonoma County Airport Express,,California,Oakland,http://data.trilliumtransit.com/gtfs/airportexpressinc-ca-us/airportexpressinc-ca-us.zip,https://files.mobilitydatabase.org/mdb-66/latest.zip,inactive,37.615612,38.5100997340212,-122.805338301203,-122.212134
mdb-67,Golden Gate Transit,,California,Marin County,https://realtime.goldengate.org/gtfsstatic/GTFSTransitData.zip,https://files.mobilitydatabase.org/mdb-67/latest.zip,active,37.777609,38.472081,-122.740448,-122.316653
mdb-68,Lake Transit Authority (LTA),,California,Clearlake,http://data.trilliumtransit.com/gtfs/laketransit-ca-us/laketransit-ca-us.zip,https://files.mobilitydatabase.org/mdb-68/latest.zip,active,38.542878,39.18968310102375,-123.22645623706892,-122.475567
mdb-69,Mendocino Transit Authority,,California,Mendocino County,http://data.trilliumtransit.com/gtfs/mendocino-ca-us/mendocino-ca-us.zip,https://files.mobilitydatabase.org/mdb-69/latest.zip,active,38.324141,39.4518993,-123.8161353,-122.713631
mdb-70,Sonoma County Transit (SCT),,California,Santa Rosa,http://data.trilliumtransit.com/gtfs/sonomacounty-ca-us/sonomacounty-ca-us.zip,https://files.mobilitydatabase.org/mdb-70/latest.zip,active,37.97116752,38.8123488647763,-123.1264984029,-122.4580372
mdb-71,Marin Transit,,California,Belvedere,http://www.marintransit.org/data/google_transit.zip,https://files.mobilitydatabase.org/mdb-71/latest.zip,deprecated,37.857136,38.124531,-122.851524,-122.456139
mdb-72,Petaluma Transit,,California,Petaluma,http://data.trilliumtransit.com/gtfs/petalumatransit-petaluma-ca-us/petalumatransit-petaluma-ca-us.zip,https://files.mobilitydatabase.org/mdb-72/latest.zip,deprecated,38.217522404908,38.276555,-122.669474,-122.585068
mdb-73,Santa Rosa CityBus,,California,Santa Rosa,https://srcity.org/DocumentCenter/View/21635/google_transit,,deprecated,,,,
mdb-74,Capitol Corridor Joint Powers Authority (Capitol Corridor),,California,San Francisco,https://www.capitolcorridor.org/googletransit/GTFS.zip,https://files.mobilitydatabase.org/mdb-74/latest.zip,active,37.329935,39.099809,-122.410306,-120.952693
mdb-75,El Dorado Transit,,California,El Dorado County,http://data.trilliumtransit.com/gtfs/eldoradotransit-ca-us/eldoradotransit-ca-us.zip,https://files.mobilitydatabase.org/mdb-75/latest.zip,active,38.551646,38.957753,-121.502804,-119.942393
mdb-76,Fairfield and Suisun Transit (FAST Transit),,California,Fairfield,http://data.trilliumtransit.com/gtfs/fairfield-ca-us/fairfield-ca-us.zip,https://files.mobilitydatabase.org/mdb-76/latest.zip,active,37.90546570314972,38.584657,-122.317311795047,-121.49599072575704
mdb-77,Placer County Transit,,California,Rocklin,http://data.trilliumtransit.com/gtfs/placercounty-ca-us/placercounty-ca-us.zip,https://files.mobilitydatabase.org/mdb-77/latest.zip,active,38.5727195121879,39.207120438024624,-121.503338951854,-120.81097209933117
mdb-78,WestCAT,,California,Contra Costa County,http://data.trilliumtransit.com/gtfs/westcat-ca-us/westcat-ca-us.zip,https://files.mobilitydatabase.org/mdb-78/latest.zip,active,37.788966,38.05571565366719,-122.397233,-122.11445
mdb-79,Yuba-Sutter Transit,,California,Yuba City,http://data.trilliumtransit.com/gtfs/yubasutter-ca-us/yubasutter-ca-us.zip,https://files.mobilitydatabase.org/mdb-79/latest.zip,active,38.572670409003,39.45720196442736,-121.67273923052,-121.25373447668
mdb-80,SolTrans,,California,Solano County,https://soltrans.connexionz.net/rtt/public/resource/gtfs.zip,https://files.mobilitydatabase.org/mdb-80/latest.zip,active,37.796127,38.534414,-122.395237,-121.748489
mdb-81,Rio Vista Delta Breeze,,California,Rio Vista,http://data.trilliumtransit.com/gtfs/riovista-ca-us/riovista-ca-us.zip,https://files.mobilitydatabase.org/mdb-81/latest.zip,inactive,37.997593,38.2629,-122.08389423265524,-121.612557023764
mdb-82,Unitrans,,California,Yolo County,https://unitrans.ucdavis.edu/media/gtfs/Unitrans_GTFS.zip,https://files.mobilitydatabase.org/mdb-82/latest.zip,active,38.534458,38.692561,-121.788493,-121.588738
mdb-83,GrapeLine,,California,Lodi,https://www.lodi.gov/DocumentCenter/View/2453/lodi_gtfs-ZIP,https://files.mobilitydatabase.org/mdb-83/latest.zip,active,38.101806,38.1457562509751,-121.309442,-121.252695
mdb-84,Nevada County Connects (Gold Country Stage),,California,Alta Sierra,http://data.trilliumtransit.com/gtfs/goldcountrystage-ca-us/goldcountrystage-ca-us.zip,https://files.mobilitydatabase.org/mdb-84/latest.zip,inactive,38.90302085,39.3707053363352,-121.20505269,-120.990358820743
mdb-85,Fresno County Rural Transit Agency (FCRTA),,California,Fresno County,https://rapid.nationalrtap.org/GTFSFileManagement/UserUploadFiles/7869/google_transit.zip,https://files.mobilitydatabase.org/mdb-85/latest.zip,active,36.134471,36.868542,-120.463387,-119.312622
mdb-86,Merced County Transit (The Bus),,California,Atwater,http://data.trilliumtransit.com/gtfs/mercedthebus-ca-us/mercedthebus-ca-us.zip,https://files.mobilitydatabase.org/mdb-86/latest.zip,active,36.9645033416456,37.5217855174328,-121.02023996456528,-120.248
mdb-87,Stanislaus Regional Transit (StaRT),,California,,http://data.trilliumtransit.com/gtfs/stanislaus-ca-us/stanislaus-ca-us.zip,https://files.mobilitydatabase.org/mdb-87/latest.zip,deprecated,37.25707509,37.77173034,-121.897639,-120.488203167915
mdb-88,Yosemite Area Regional Transportation System (YARTS),,California,Mariposa County,http://data.trilliumtransit.com/gtfs/yosemite-ca-us/yosemite-ca-us.zip,https://files.mobilitydatabase.org/mdb-88/latest.zip,deprecated,36.738144,37.9833804966473,-120.515457,-118.964912
mdb-89,Clovis Transit,,California,Clovis,http://data.trilliumtransit.com/gtfs/clovistransit-ca-us/clovistransit-ca-us.zip,https://files.mobilitydatabase.org/mdb-89/latest.zip,deprecated,36.78689796407576,36.85929368,-119.754093,-119.6392337
mdb-90,Fresno Area Express (FAX),,California,Fresno,http://gis4u.fresno.gov/downloads/fax_gtfs.zip,https://files.mobilitydatabase.org/mdb-90/latest.zip,active,36.678042,36.888538,-119.908969,-119.681881
mdb-91,City of Madera,,California,Madera County,http://data.trilliumtransit.com/gtfs/cityofmadera-ca-us/cityofmadera-ca-us.zip,https://files.mobilitydatabase.org/mdb-91/latest.zip,active,36.92434,37.02292,-120.09316,-119.99759
mdb-92,Amador Transit,,California,Amador County,http://data.trilliumtransit.com/gtfs/amador-ca-us/amador-ca-us.zip,https://files.mobilitydatabase.org/mdb-92/latest.zip,active,38.2937614121438,38.579566966842,-121.50389981886,-120.512016
mdb-93,Calaveras Transit,,California,Angels Camp,http://data.trilliumtransit.com/gtfs/calaveras-ca-us/calaveras-ca-us.zip,https://files.mobilitydatabase.org/mdb-93/latest.zip,active,37.932161,38.380043,-120.8387301,-120.347157
mdb-94,"Tahoe Area Regional Transit (TART), North Lake Tahoe Express",Placer County,California,Placer County,http://data.trilliumtransit.com/gtfs/laketahoe-ca-us/laketahoe-ca-us.zip,https://files.mobilitydatabase.org/mdb-94/latest.zip,active,39.0575273,39.50729,-120.3888378,-119.775261
mdb-95,Jump Around Carson,,Nevada,Carson City,http://r.peaktransit.com/res/76/google_transit.zip,https://files.mobilitydatabase.org/mdb-95/latest.zip,deprecated,39.11556,39.20368,-119.79043,-119.72803
mdb-96,Metrolink,,California,Los Angeles County,https://metrolinktrains.com/globalassets/about/gtfs/gtfs.zip,https://files.mobilitydatabase.org/mdb-96/latest.zip,active,33.192554,34.696579,-119.205025,-117.165729
mdb-97,OmniTrans,,California,San Bernardino County,http://www.omnitrans.org/google/google_transit.zip,https://files.mobilitydatabase.org/mdb-97/latest.zip,active,33.977157,34.18983,-117.751673,-117.034458
mdb-98,Riverside Transit Agency,,California,Hemet,http://www.riversidetransit.com/google_transit.zip,https://files.mobilitydatabase.org/mdb-98/latest.zip,active,33.452304,34.10009,-117.915548,-116.875799
mdb-99,Victor Valley Transit Authority (VVTA),,California,Victorville,http://data.trilliumtransit.com/gtfs/victorville-ca-us/victorville-ca-us.zip,https://files.mobilitydatabase.org/mdb-99/latest.zip,inactive,34.072411,35.273818,-117.64701,-116.663439
mdb-100,Anaheim Resort Transportation (ART),,California,Orange County,https://art.tripshot.com/v1/gtfs.zip?regionId=CA558DDC-D7F2-4B48-9CAC-DEEA1134F820,https://files.mobilitydatabase.org/mdb-100/latest.zip,active,33.7799756540457,33.8553728204877,-117.92822275,-117.840508056942
mdb-101,Foothill Transit,,California,Los Angeles County,https://foothilltransit.rideralerts.com/myStop/GTFS-Zip.ashx,https://files.mobilitydatabase.org/mdb-101/latest.zip,active,33.91615,34.151292,-118.267203,-117.690366
mdb-102,Norwalk Transit System (NTS),,California,,http://data.trilliumtransit.com/gtfs/nts-ca-us/nts-ca-us.zip,https://files.mobilitydatabase.org/mdb-102/latest.zip,deprecated,33.8654944889,34.0724551769048,-118.133963901,-117.959304257
mdb-103,El Monte Transit,,California,Los Angeles County,http://data.trilliumtransit.com/gtfs/elmonte-ca-us/elmonte-ca-us.zip,https://files.mobilitydatabase.org/mdb-103/latest.zip,inactive,34.043981602068,34.09689398778,-118.0686841,-118.00382343434
mdb-104,Corona Cruiser,,California,Corona,http://data.trilliumtransit.com/gtfs/corona-ca-us/corona-ca-us.zip,https://files.mobilitydatabase.org/mdb-104/latest.zip,active,33.813968645208,33.8990059361134,-117.6013863782,-117.50625785349
mdb-105,Duarte Transit,,California,Duarte,http://data.trilliumtransit.com/gtfs/duartetransit-ca-us/duartetransit-ca-us.zip,https://files.mobilitydatabase.org/mdb-105/latest.zip,deprecated,34.1255727,34.1515031,-117.9888608,-117.9324427
mdb-106,Beaumont Transit,,California,Riverside County,http://data.trilliumtransit.com/gtfs/beaumont-ca-us/beaumont-ca-us.zip,https://files.mobilitydatabase.org/mdb-106/latest.zip,active,33.9132530168794,34.10027863051583,-117.29652029388964,-116.79992101357588
mdb-107,Mountain Transit,,California,San Bernardino County,http://data.trilliumtransit.com/gtfs/bigbear-ca-us/bigbear-ca-us.zip,https://files.mobilitydatabase.org/mdb-107/latest.zip,active,34.100491,34.272346961248,-117.326256,-116.790879
mdb-108,SunLine Transit Agency,,California,Riverside County,http://www.sunline.org/transit/google_transit.zip,https://files.mobilitydatabase.org/mdb-108/latest.zip,active,33.522632,34.179853,-117.326156,-115.921462
mdb-109,Bullhead Area Transit System,,Arizona,Mohave County,http://data.trilliumtransit.com/gtfs/bullheadareatransit-az-us/bullheadareatransit-az-us.zip,https://files.mobilitydatabase.org/mdb-109/latest.zip,active,35.049874201132,35.165897,-114.64066405236,-114.53114181833
mdb-110,Regional Transportation Commission of Southern Nevada (RTC),,Nevada,,http://rtcws.rtcsnv.com/g/google_transit.zip,https://files.mobilitydatabase.org/mdb-110/latest.zip,deprecated,35.960432,36.314247,-115.331538,-114.825897
mdb-111,SunTran Utah,,Utah,St. George,http://www.fivecounty.utah.gov/transit/google_transit.zip,https://files.mobilitydatabase.org/mdb-111/latest.zip,active,37.061946,37.188009,-113.679685,-113.490836
mdb-112,People Mover,,Oregon,John Day,https://oregon-gtfs.trilliumtransit.com/gtfs_data/peoplemover-or-us/peoplemover-or-us.zip,https://files.mobilitydatabase.org/mdb-112/latest.zip,active,43.5730477,46.0523909,-121.300789,-116.9382
mdb-113,Sage Stage,,Nevada,Reno,http://data.trilliumtransit.com/gtfs/sagestage-ca-us/sagestage-ca-us.zip,https://files.mobilitydatabase.org/mdb-113/latest.zip,active,39.505241027309,42.225403,-122.39271591988503,-119.775224
mdb-114,Redding Area Bus Authority (RABA),,California,Redding,http://data.trilliumtransit.com/gtfs/redding-ca-us/redding-ca-us.zip,https://openmobilitydata-data.s3.us-west-1.amazonaws.com/public/feeds/redding-area-bus-authority/346/20230328/gtfs.zip,deprecated,,,,
mdb-115,Trinity Transit,,California,Trinity County,http://data.trilliumtransit.com/gtfs/weaverville-ca-us/weaverville-ca-us.zip,https://files.mobilitydatabase.org/mdb-115/latest.zip,deprecated,40.55231310181496,40.939975,-123.63141779877662,-122.353498489549
mdb-116,"Tehama Rural Area Express (TRAX), Susanville Indian Rancheria Public Transportation Program",,California,Red Bluff,http://data.trilliumtransit.com/gtfs/tehama-ca-us/tehama-ca-us.zip,https://files.mobilitydatabase.org/mdb-116/latest.zip,active,39.7487666060753,40.58389179,-122.459110730898,-120.657032132149
mdb-117,Siskiyou County,,California,Yreka,http://data.trilliumtransit.com/gtfs/siskiyou-ca-us/siskiyou-ca-us.zip,https://files.mobilitydatabase.org/mdb-117/latest.zip,active,41.14875037162295,41.90842286882315,-123.545406460762,-122.127867
mdb-118,Lassen Rural Bus (LRB),,California,Susanville,http://data.trilliumtransit.com/gtfs/lassen-ca-us/lassen-ca-us.zip,https://files.mobilitydatabase.org/mdb-118/latest.zip,active,40.026325,40.438362,-121.338867872111,-120.103928
mdb-119,Plumas Transit,,California,Plumas County,http://data.trilliumtransit.com/gtfs/plumas-ca-us/plumas-ca-us.zip,https://files.mobilitydatabase.org/mdb-119/latest.zip,active,39.766285,40.3123914556704,-121.240784,-120.037295269399
mdb-120,Regional Transportation Commission (RTC),,Nevada,Washoe County,http://data.trilliumtransit.com/gtfs/rtc-nv-us/rtc-nv-us.zip,https://files.mobilitydatabase.org/mdb-120/latest.zip,active,39.157417,39.65477,-119.897018,-119.697891
mdb-121,Josephine County Transit (JCT),,Oregon,Grants Pass,https://oregon-gtfs.trilliumtransit.com/gtfs_data/josephinecounty-or-us/josephinecounty-or-us.zip,https://files.mobilitydatabase.org/mdb-121/latest.zip,active,42.162895,42.69524,-123.650417,-122.871036
mdb-122,Rogue Valley Transportation District (RVTD),,Oregon,Ashland,http://data.trilliumtransit.com/gtfs/rvtd-or-us/rvtd-or-us.zip,https://files.mobilitydatabase.org/mdb-122/latest.zip,active,42.17616861333937,42.481486,-122.96675635686108,-122.657363
mdb-123,UTrans,,Oregon,Roseburg,http://oregon-gtfs.com/gtfs_data/umpquatransit-or-us/umpquatransit-or-us.zip,https://files.mobilitydatabase.org/mdb-123/latest.zip,inactive,42.737182450611,43.695870028905,-124.17377849378,-123.01875661
mdb-124,Klamath Shuttle - Crater Lake Trolley,,Oregon,Klamath County,https://oregon-gtfs.trilliumtransit.com/gtfs_data/craterlaketrolley-or-us/craterlaketrolley-or-us.zip,https://files.mobilitydatabase.org/mdb-124/latest.zip,inactive,42.225506,42.91113,-122.144812,-121.771952
mdb-125,Basin Transit Service (BTS),,Oregon,Klamath County,https://oregon-gtfs.trilliumtransit.com/gtfs_data/basin-or-us/basin-or-us.zip,https://files.mobilitydatabase.org/mdb-125/latest.zip,active,42.01016950453933,44.05845938806561,-122.21070952643473,-121.04379376444494
mdb-126,Benton Area Transportation,,Oregon,Adair Village,https://oregon-gtfs.trilliumtransit.com/gtfs_data/benton-or-us/benton-or-us.zip,https://files.mobilitydatabase.org/mdb-126/latest.zip,active,44.539028,44.67836894234341,-124.05396483388,-123.066012766411
mdb-127,Caravan Airport Transportation,,Oregon,Lincoln City,https://oregon-gtfs.trilliumtransit.com/gtfs_data/caravan-or-us/caravan-or-us.zip,https://files.mobilitydatabase.org/mdb-127/latest.zip,active,44.425325014,45.588654,-124.08133636681272,-122.593117
mdb-128,Cherriots,,Oregon,Salem,https://www.cherriots.org/media/doc/gtfs.zip,https://files.mobilitydatabase.org/mdb-128/latest.zip,inactive,44.749211,45.310953,-123.31752,-122.416812
mdb-129,City 2 City Shuttle,,Oregon,Eugene,https://oregon-gtfs.trilliumtransit.com/gtfs_data/citytocityshuttle-or-us/citytocityshuttle-or-us.zip,https://files.mobilitydatabase.org/mdb-129/latest.zip,inactive,44.0433463805757,45.5891390943276,-123.074482932092,-122.592041363794
mdb-130,Diamond Express,,Oregon,Eugene,https://oregon-gtfs.trilliumtransit.com/gtfs_data/diamondexpress-or-us/diamondexpress-or-us.zip,https://files.mobilitydatabase.org/mdb-130/latest.zip,active,43.742044,44.0550662811831,-123.09421966296816,-122.460348
mdb-131,Lane Transit District (LTD),,Oregon,Coburg,https://www.ltd.org/files/library/ltdgtfs.zip,https://files.mobilitydatabase.org/mdb-131/latest.zip,inactive,43.7849362,44.2226569,-123.3561683,-122.1152746
mdb-132,Oregon Express Shuttle,,Oregon,Eugene,https://oregon-gtfs.trilliumtransit.com/gtfs_data/oregonexpressshuttle-or-us/oregonexpressshuttle-or-us.zip,https://files.mobilitydatabase.org/mdb-132/latest.zip,active,44.040547705795,45.58905,-123.28133,-122.59229
mdb-133,Pacific Crest Bus Lines,,Oregon,Eugene,https://oregon-gtfs.trilliumtransit.com/gtfs_data/pacificcrest-or-us/pacificcrest-or-us.zip,https://files.mobilitydatabase.org/mdb-133/latest.zip,active,42.20668,45.58909095,-124.0104036,-121.1613313
mdb-134,South Lane Wheels,,Oregon,Cottage Grove,https://oregon-gtfs-trilliumtransit.com/gtfs_data/southlanewheels-or-us/southlanewheels-or-us.zip,https://files.mobilitydatabase.org/mdb-134/latest.zip,inactive,43.21015556,44.05520025628519,-123.344175,-123.039391
mdb-135,"LINX Transit, Linn-Benton Loop, Albany Transit System",,Oregon,Albany,https://oregon-gtfs.trilliumtransit.com/gtfs_data/albanytransit-or-us/albanytransit-or-us.zip,https://files.mobilitydatabase.org/mdb-135/latest.zip,active,44.515714554191504,44.657,-123.273597394,-122.89924526656316
mdb-136,City of Corvallis,,Oregon,,http://oregon-gtfs.com/gtfs_data/corvallis-or-us/corvallis-or-us.zip,https://files.mobilitydatabase.org/mdb-136/latest.zip,deprecated,44.530912,44.615308,-123.377022609,-123.234437
mdb-137,Linn Shuttle,,Oregon,Albany,https://oregon-gtfs.trilliumtransit.com/gtfs_data/linnshuttle-or-us/linnshuttle-or-us.zip,https://files.mobilitydatabase.org/mdb-137/latest.zip,active,44.348301,44.63919102057864,-123.11415063888512,-121.996021
mdb-138,Cascades East Transit (CET),,Oregon,Crook County,http://oregon-gtfs.com/gtfs_data/cascadeseast-or-us/cascadeseast-or-us.zip,https://files.mobilitydatabase.org/mdb-138/latest.zip,deprecated,43.67033,44.7779309239482,-121.678688,-120.842453
mdb-139,Central Oregon Breeze,,Oregon,Multnomah County,https://oregon-gtfs.trilliumtransit.com/gtfs_data/cobreeze-or-us/cobreeze-or-us.zip,https://files.mobilitydatabase.org/mdb-139/latest.zip,active,44.058324,45.5889842246384,-122.677383,-121.13298
mdb-140,Eugene to BEND,,Oregon,Deschutes County,https://oregon-gtfs.trilliumtransit.com/gtfs_data/eugenetobend-or-us/eugenetobend-or-us.zip,https://files.mobilitydatabase.org/mdb-140/latest.zip,inactive,43.3690937400976,44.9329323929629,-124.213689565659,-121.282496452332
mdb-141,Malheur Council on Aging & Community Services,,Oregon,Ontario,https://oregon-gtfs.trilliumtransit.com/gtfs_data/mcacs-or-us/mcacs-or-us.zip,https://files.mobilitydatabase.org/mdb-141/latest.zip,active,43.876076,44.03559049266059,-117.2416815,-116.93891
mdb-142,Valley Regional Transit,,Idaho,Ada County,https://www.valleyregionaltransit.org/GTFS/vrt_transit1.zip,https://files.mobilitydatabase.org/mdb-142/latest.zip,active,43.56417083740234,43.67805862426758,-116.6757583618164,-116.11824798583984
mdb-143,Mountain Rides Transportation Authority (MRTA),,Idaho,,http://data.trilliumtransit.com/gtfs/mountainrides-id-us/mountainrides-id-us.zip,https://files.mobilitydatabase.org/mdb-143/latest.zip,deprecated,43.4524983137032,43.7199139686023,-114.4052723050118,-114.2553716897965
mdb-144,SunTran,,Arizona,,https://www.suntran.com/wp-content/uploads/2021/08/SunTranGTFS.zip,https://files.mobilitydatabase.org/mdb-144/latest.zip,deprecated,31.868367,32.484435,-112.872267,-110.77245
mdb-145,City of Sierra Vista,,Arizona,Cochise County,http://demopro.nationalrtap.org/admin/GTFSzipFiles/3746/google_transit.zip,https://files.mobilitydatabase.org/mdb-145/latest.zip,deprecated,31.528526,31.565626,-110.353191,-110.23233
mdb-146,Cat Tran Shuttle,,Arizona,Tucson,http://data.trilliumtransit.com/gtfs/cattran-az-us/cattran-az-us.zip,https://files.mobilitydatabase.org/mdb-146/latest.zip,deprecated,32.2176728,32.2717141860996,-110.9777239,-110.919471179285
mdb-147,Valley Metro (VM),,Arizona,Avondale,https://phoenixopendata.com/dataset/3eae9a4a-98b9-40c8-8df7-8c00c1756235/resource/28ccc0a5-49c8-495c-b91f-193de5ce2cb7/download/googletransit.zip,https://files.mobilitydatabase.org/mdb-147/latest.zip,active,32.372044,33.713671,-112.865676,-111.660913
mdb-148,Sun Metro,,Texas,El Paso,http://transit.sunmetro.net/google_transit/google_transit.zip,https://files.mobilitydatabase.org/mdb-148/latest.zip,active,31.664181,31.960464,-106.624945,-106.216594
mdb-149,Carlsbad Municipal Transit System,,New Mexico,Carlsbad,https://github.com/ethan-nelson/carlsbadnmtransit/blob/master/gtfs-odbl/carlsbadtransit-odbl.zip?raw=true,https://files.mobilitydatabase.org/mdb-149/latest.zip,deprecated,32.3748,32.4425,-104.2649,-104.221
mdb-150,Capital Metro,,Texas,Austin,https://data.texas.gov/download/r4v4-vz24/application/zip,https://files.mobilitydatabase.org/mdb-150/latest.zip,active,30.147252,30.58789727,-97.9911,-97.371679
mdb-151,Denton County Transportation Authority (DCTA),,Texas,Carrollton,http://trilliumtransit.com/transit_feeds/dentoncounty-tx-us/dentoncounty-tx-us.zip,https://files.mobilitydatabase.org/mdb-151/latest.zip,inactive,32.9219927592917,33.253687,-97.318639869811,-96.926476
mdb-152,Dallas Area Rapid Transit (DART),,Texas,Dallas County,http://www.dart.org/transitdata/latest/google_transit.zip,https://files.mobilitydatabase.org/mdb-152/latest.zip,active,32.559355,33.084348,-97.328201,-96.563388
mdb-153,STAR Transit,,Texas,Balch Springs,http://data.trilliumtransit.com/gtfs/startransit-tx-us/startransit-tx-us.zip,https://files.mobilitydatabase.org/mdb-153/latest.zip,active,32.564837,32.7657540972602,-96.946236,-96.249843
mdb-154,METRO Houston,,Texas,Houston,http://www.ridemetro.org/Downloads/google_transit.zip,https://openmobilitydata-data.s3.us-west-1.amazonaws.com/public/feeds/metro/25/20220818/gtfs.zip,deprecated,,,,
mdb-155,JTRAN,,Mississippi,Hinds County,http://data.trilliumtransit.com/gtfs/jatran-ms-us/jatran-ms-us.zip,https://files.mobilitydatabase.org/mdb-155/latest.zip,deprecated,32.2419270099218,32.4002295047721,-90.27725556,-90.1110177815618
mdb-156,Groome Transportation - Arizona Shuttle,,Arizona,Flagstaff,http://data.trilliumtransit.com/gtfs/arizonashuttle-az-us/arizonashuttle-az-us.zip,https://files.mobilitydatabase.org/mdb-156/latest.zip,inactive,32.2282,36.053855,-112.469814502514,-110.878153
mdb-157,Navajo Transit System,,New Mexico,,http://mjcaction.com/MJC_GTFS_Public/navajo_google_transit.zip,,deprecated,,,,
mdb-158,Cottonwood Area Transit (CAT),,Arizona,Cottonwood,http://data.trilliumtransit.com/gtfs/cottonwood-az-us/cottonwood-az-us.zip,https://files.mobilitydatabase.org/mdb-158/latest.zip,active,34.6901,34.87288589680533,-112.06921,-111.76015
mdb-159,Verde Lynx,,Arizona,Yavapai County,http://data.trilliumtransit.com/gtfs/verdelynx-az-us/verdelynx-az-us.zip,https://files.mobilitydatabase.org/mdb-159/latest.zip,inactive,34.7372657347743,38.554464,-121.427752,-111.76015
mdb-160,Red Apple Transit,,New Mexico,Farmington,http://data.trilliumtransit.com/gtfs/redappletransit-nm-us/redappletransit-nm-us.zip,https://files.mobilitydatabase.org/mdb-160/latest.zip,active,36.7009555,36.8269741,-108.3599403,-107.9791283
mdb-161,Grand Valley Transit,,Colorado,Grand Junction,http://emap.mesacounty.us/datadownload/Google_Transit_Feed/google_transit.zip,https://files.mobilitydatabase.org/mdb-161/latest.zip,inactive,39.03089843,39.16440652,-108.73842357,-108.34844192
mdb-162,Roaring Fork Transportation Authority,,Colorado,,http://data.trilliumtransit.com/gtfs/rfta-co-us/rfta-co-us.zip,https://files.mobilitydatabase.org/mdb-162/latest.zip,deprecated,39.0997929,39.5715695,-107.7839413,-106.8009104
mdb-163,Gunnison Valley Transportation Authority (RTA),,Colorado,Gunnison,http://mjcaction.com/MJC_GTFS_Public/gunnisonrta_google_transit.zip,https://files.mobilitydatabase.org/mdb-163/latest.zip,active,38.544234,38.900704,-106.981294,-106.845829
mdb-164,Snowmass Village Transportation,,Colorado,Snowmass Village,http://data.trilliumtransit.com/gtfs/snowmassvillagetransportation-co-us/snowmassvillagetransportation-co-us.zip,https://files.mobilitydatabase.org/mdb-164/latest.zip,active,39.20437012,39.2506932,-106.9582664,-106.883231
mdb-165,Rio Metro Regional Transit District,,New Mexico,Valencia County,https://www.riometro.org/DocumentCenter/View/2195/nmrailrunner_google_transit,https://files.mobilitydatabase.org/mdb-165/latest.zip,inactive,34.653719,36.030039,-106.96151,-105.946625
mdb-166,ABQ RIDE,,New Mexico,Albuquerque,http://data.cabq.gov/transit/gtfs/google_transit.zip,https://files.mobilitydatabase.org/mdb-166/latest.zip,inactive,34.951438,35.206726,-106.753875,-106.489192
mdb-167,Sandia Shuttle,,New Mexico,Albuquerque,http://data.trilliumtransit.com/gtfs/sandiashuttle-nm-us/sandiashuttle-nm-us.zip,https://files.mobilitydatabase.org/mdb-167/latest.zip,inactive,35.049588,35.6871,-106.616901,-105.9419
mdb-168,Groome Transportation - Colorado Springs Shuttle,,Colorado,Colorado Springs,http://data.trilliumtransit.com/gtfs/coloradoshuttle-co-us/coloradoshuttle-co-us.zip,https://files.mobilitydatabase.org/mdb-168/latest.zip,inactive,38.7966284379563,39.850194,-104.861933,-104.672462
mdb-169,Regional Transportation District (RTD),Bustang,Colorado,,http://data.trilliumtransit.com/gtfs/bustang-co-us/bustang-co-us.zip,https://files.mobilitydatabase.org/mdb-169/latest.zip,deprecated,37.272749883951,40.589906,-108.564255876715,-102.61859
mdb-170,Utah Transit Authority (UTA),,Utah,Salt Lake County,https://gtfsfeed.rideuta.com/GTFS.zip,https://files.mobilitydatabase.org/mdb-170/latest.zip,active,39.976454,41.528157,-112.304461,-111.577661
mdb-171,Pocatello Regional Transit,,Idaho,Bannock County,https://pocatellotransit.com/gtfs/pocatello-regional-transit-gtfs.zip?v=current,https://files.mobilitydatabase.org/mdb-171/latest.zip,active,42.7657128882041,42.9349545316144,-112.914906447348,-112.371869
mdb-172,Colorado Mountain Express,,Colorado,Glenwood Springs,http://data.trilliumtransit.com/gtfs/cme-co-us/cme-co-us.zip,https://files.mobilitydatabase.org/mdb-172/latest.zip,active,39.18745,39.848793529552,-107.32773,-104.67285727756
mdb-173,ECO Transit,,Colorado,Eagle County,https://www.eaglecounty.us/web/downloads/ecoTransit/GTFS.zip,,deprecated,,,,
mdb-174,Vail Transit,,Colorado,Eagle County,http://data.trilliumtransit.com/gtfs/vailtransit-co-us/vailtransit-co-us.zip,https://files.mobilitydatabase.org/mdb-174/latest.zip,active,39.6184584,39.647846,-106.4333535,-106.2820446
mdb-175,Winter Park Transit,,Colorado,Grand County,http://data.trilliumtransit.com/gtfs/winterpark-co-us/winterpark-co-us.zip,https://files.mobilitydatabase.org/mdb-175/latest.zip,active,39.875221225649,40.092112815711,-105.94675589542,-105.7558302467978
mdb-176,Rocky Mountain National Park Shuttles,,Colorado,Larimer County,http://data.trilliumtransit.com/gtfs/rockymountainnationalpark-co-us/rockymountainnationalpark-co-us.zip,https://files.mobilitydatabase.org/mdb-176/latest.zip,inactive,40.31046937419487,40.37887382618473,-105.64579994557003,-105.51385992993492
mdb-177,Town of Estes Park,,Colorado,Estes Park,https://data.trilliumtransit.com/gtfs/estestransit-co-us/estestransit-co-us.zip,https://files.mobilitydatabase.org/mdb-177/latest.zip,future,40.34026649887783,40.40197,-105.586547,-105.48151550836091
mdb-178,Regional Transportation District (RTD),,Colorado,Adams County,https://www.rtd-denver.com/files/gtfs/google_transit.zip,https://files.mobilitydatabase.org/mdb-178/latest.zip,active,39.456877,40.206556,-105.584149,-104.669533
mdb-179,Transfort – City of Fort Collins (Transfort),,Colorado,Larimer County,http://www.ridetransfort.com/img/site_specific/uploads/google_transit.zip,https://files.mobilitydatabase.org/mdb-179/latest.zip,inactive,40.005197,40.615324,-105.276138,-104.996501
mdb-180,Via Mobility,,Colorado,Adams County,http://data.trilliumtransit.com/gtfs/viamobilityservices-co-us/viamobilityservices-co-us.zip,https://files.mobilitydatabase.org/mdb-180/latest.zip,deprecated,39.72608370047456,40.378722,-105.594805,-104.60716572224403
mdb-181,University of Colorado Boulder,,Colorado,Boulder,http://data.trilliumtransit.com/gtfs/universitycoloradoboulder-co-us/universitycoloradoboulder-co-us.zip,https://files.mobilitydatabase.org/mdb-181/latest.zip,active,39.99664,40.017101,-105.275559,-105.243573952751
mdb-182,Campus Area Rapid Transit (CART),,Oklahoma,Norman,http://www.cartgps.com/gtfs,https://files.mobilitydatabase.org/mdb-182/latest.zip,active,35.182978,35.211114,-97.451474,-97.435609
mdb-183,Embark,,Oklahoma,Oklahoma City,http://embarkok.com/data/gtfs/google_transit.zip,,deprecated,,,,
mdb-184,Metropolitan Tulsa Transit Authority (MTTA),,Oklahoma,Tulsa,http://gtfs.tulsatransit.org/google_transit.zip,https://files.mobilitydatabase.org/mdb-184/latest.zip,inactive,35.988589,36.24949,-96.12021,-95.79037
mdb-185,Wichita Transit,,Kansas,Wichita,https://github.com/transitland/gtfs-archives-not-hosted-elsewhere/blob/master/wichita-transit.zip?raw=true,https://files.mobilitydatabase.org/mdb-185/latest.zip,inactive,37.605752,37.757113,-97.466211,-97.189472
mdb-186,Jonesboro Economical Transportation (JET),,Arkansas,Jonesboro,http://www.jonesboro.org/DocumentCenter/View/2432,https://files.mobilitydatabase.org/mdb-186/latest.zip,inactive,35.78435,35.87903,-90.72583,-90.62452
mdb-187,Kansas City Area Transportation Authority (KCATA),,Kansas,Johnson County,http://www.kc-metro.com/gtf/google_transit.zip,https://files.mobilitydatabase.org/mdb-187/latest.zip,active,38.881483,39.312604,-94.835239,-94.402623
mdb-188,KU on Wheels & Lawrence Transit System,,Kansas,Lawrence,https://assets.lawrenceks.org/assets/gis/google-transit/google_transit.zip,,deprecated,,,,
mdb-189,JeffCo Express,,Missouri,Arnold,http://data.trilliumtransit.com/gtfs/jeffersoncounty-mo-us/jeffersoncounty-mo-us.zip,https://files.mobilitydatabase.org/mdb-189/latest.zip,inactive,38.13287285,38.5095497153418,-90.6538801515205,-90.35315012
mdb-190,Metro St. Louis,,Illinois,Madison County,http://metrostlouis.org/Transit/google_transit.zip,https://files.mobilitydatabase.org/mdb-190/latest.zip,active,38.469747,38.808606,-90.662094,-89.874657
mdb-191,Sioux City Transit System,,Iowa,Sioux City,http://data.trilliumtransit.com/gtfs/siouxcity-ia-us/siouxcity-ia-us.zip,https://files.mobilitydatabase.org/mdb-191/latest.zip,active,42.372040963906905,42.545166582532,-96.497762,-96.32917641277
mdb-192,Sioux Area Metro (SAM),,South Dakota,Sioux Falls,http://data.trilliumtransit.com/gtfs/siouxareametro-sd-us/siouxareametro-sd-us.zip,https://files.mobilitydatabase.org/mdb-192/latest.zip,inactive,43.5002433633973,43.602973,-96.81075632,-96.65301448
mdb-193,Des Moines Area Regional Transit Authority (DART),,Iowa,Clive,https://www.ridedart.com/gtfs/data/gtfsdata,https://files.mobilitydatabase.org/mdb-193/latest.zip,active,41.511765,41.732874,-93.832532,-93.466485
mdb-194,Marshalltown Municipal Transit,,Iowa,Marshall County,http://data.trilliumtransit.com/gtfs/marshalltownmunicipaltransit-ia-us/marshalltownmunicipaltransit-ia-us.zip,https://files.mobilitydatabase.org/mdb-194/latest.zip,active,42.00094918360818,42.06309347649236,-92.9346880353292,-92.88415017115489
mdb-195,10-15 Transit,,Iowa,Ottumwa,http://data.trilliumtransit.com/gtfs/10-15transit-ia-us/10-15transit-ia-us.zip,https://files.mobilitydatabase.org/mdb-195/latest.zip,active,40.993499836155,41.312688620846,-92.669851610855,-92.374030358351
mdb-196,Coralville Transit,,Iowa,Coralville,http://data.trilliumtransit.com/gtfs/coralvilletransitsystem-ia-us/coralvilletransitsystem-ia-us.zip,https://files.mobilitydatabase.org/mdb-196/latest.zip,active,41.66034191106,41.75054803919,-91.614688763131,-91.534762424275
mdb-197,University of Iowa - CAMBUS (CAMBUS),,Iowa,Iowa City,http://data.trilliumtransit.com/gtfs/cambus-ia-us/cambus-ia-us.zip,https://files.mobilitydatabase.org/mdb-197/latest.zip,active,41.655850621824,41.7083676512529,-91.604865068148,-91.532009
mdb-198,Cedar Rapids Transit,,Iowa,Linn County,http://data.trilliumtransit.com/gtfs/cedarrapids-ia-us/cedarrapids-ia-us.zip,https://files.mobilitydatabase.org/mdb-198/latest.zip,active,41.88247423516327,42.05866359,-91.7548757327235,-91.5454324636
mdb-199,Burlington Urban Service,,Iowa,Des Moines County,http://data.trilliumtransit.com/gtfs/burlington-ia-us/burlington-ia-us.zip,https://files.mobilitydatabase.org/mdb-199/latest.zip,active,40.7746289,40.8342948,-91.175124,-91.0985631
mdb-200,MuscaBus,,Iowa,Muscatine,http://data.trilliumtransit.com/gtfs/muscabus-ia-us/muscabus-ia-us.zip,https://files.mobilitydatabase.org/mdb-200/latest.zip,active,41.399477,41.474813,-91.085022,-91.000096
mdb-201,Metro Rock Island County Metropolitan Mass Transit District,,Illinois,Rock Island County,http://www.gogreenmetro.com/latest/google_transit.zip,https://files.mobilitydatabase.org/mdb-201/latest.zip,active,41.414094,41.553202,-90.638747,-90.222378
mdb-202,Clinton Municipal Transit Administration (Clinton MTA),,Iowa,Clinton,http://data.trilliumtransit.com/gtfs/clintonmta-ia-us/clintonmta-ia-us.zip,https://files.mobilitydatabase.org/mdb-202/latest.zip,active,41.814816020445,41.887103994511,-90.25437316662,-90.176788336577
mdb-203,Dodger Area Rapid Transit,,Iowa,Webster County,http://data.trilliumtransit.com/gtfs/dart-ia-us/dart-ia-us.zip,https://files.mobilitydatabase.org/mdb-203/latest.zip,active,42.4761248,42.536627119116,-94.223038545239,-94.148164198338
mdb-204,Mason City Public Transit,,Iowa,Mason City,http://data.trilliumtransit.com/gtfs/masoncity-ia-us/masoncity-ia-us.zip,https://files.mobilitydatabase.org/mdb-204/latest.zip,active,43.12978090160232,43.169472329595,-93.267866896241,-93.130789378269
mdb-205,Metro Transit,,Minnesota,Anoka County,https://svc.metrotransit.org/mtgtfs/gtfs.zip,https://files.mobilitydatabase.org/mdb-205/latest.zip,active,44.707082,45.32974,-93.73042,-92.805903
mdb-206,Minnesota Valley Transit Authority (MVTA),,Minnesota,Apple Valley,http://srv.mvta.com/InfoPoint/GTFS-Zip.ashx,https://files.mobilitydatabase.org/mdb-206/latest.zip,active,44.688092,44.98045,-93.5546553314,-93.0780690781
mdb-207,The Jule,,Iowa,Dubuque,http://www.cityofdubuque.org/gtfs.zip,,deprecated,,,,
mdb-208,Eau Claire Transit,,Wisconsin,Eau Claire,http://www-ecbus-org.site.atfni.com/build_data_feed.phtml,https://files.mobilitydatabase.org/mdb-208/latest.zip,inactive,44.76862,44.87229,-91.548513,-91.42714
mdb-209,Academy Bus,,New Jersey,Hazlet Township,https://s3.amazonaws.com/datatools-511ny/public/Academy_Express_-_Staten_Island.zip,https://files.mobilitydatabase.org/mdb-209/latest.zip,inactive,39.951653,40.764429,-74.891731,-73.971167
mdb-210,Allen County Regional Transit Authority,,Ohio,Lima,https://data.trilliumtransit.com/gtfs/acrta-oh-us/acrta-oh-us.zip,https://files.mobilitydatabase.org/mdb-210/latest.zip,active,40.68647,40.90316,-84.33966,-83.87103
mdb-211,Alhambra Community Transit,,California,Los Angeles County,http://data.trilliumtransit.com/gtfs/alhambra-ca-us/alhambra-ca-us.zip,https://files.mobilitydatabase.org/mdb-211/latest.zip,inactive,34.0632123260011,34.099084205323,-118.172849994219,-118.111230539029
mdb-212,All Points Transit,,Colorado,Montrose,http://data.trilliumtransit.com/gtfs/allpointstransit-co-us/allpointstransit-co-us.zip,https://files.mobilitydatabase.org/mdb-212/latest.zip,active,37.9372925642184,38.75717342378207,-108.57209467590911,-107.670295
mdb-213,Amarillo City Transit,,Texas,Amarillo,https://code.amarillo.gov/gtfs/gtfs.zip,https://files.mobilitydatabase.org/mdb-213/latest.zip,inactive,35.14924024,35.247835,-101.938349,-101.764893
mdb-214,Antelope Valley Transit Authority (AVTA),,California,Beverly Hills,https://www.avta.com/userfiles/files/google_transit.zip,https://files.mobilitydatabase.org/mdb-214/latest.zip,inactive,34.043438,34.718879,-118.597604,-117.8236947
mdb-215,Arcadia Transit,,California,Arcadia,http://data.trilliumtransit.com/gtfs/arcadia-ca-us/arcadia-ca-us.zip,https://files.mobilitydatabase.org/mdb-215/latest.zip,deprecated,34.107294,34.152812,-118.064574,-118.018327
mdb-216,Arvin Transit,,California,,http://data.trilliumtransit.com/gtfs/arvin-ca-us/arvin-ca-us.zip,https://files.mobilitydatabase.org/mdb-216/latest.zip,deprecated,34.9762807989774,35.4098552664964,-119.038573243251,-118.824334301576
mdb-217,Auburn Transit,,California,Auburn,http://data.trilliumtransit.com/gtfs/auburntransit-ca-us/auburntransit-ca-us.zip,https://files.mobilitydatabase.org/mdb-217/latest.zip,deprecated,38.878361,38.931944,-121.082945,-121.035781594468
mdb-218,Avon Transit,,Colorado,Eagle County,http://data.trilliumtransit.com/gtfs/avon-co-us/avon-co-us.zip,https://files.mobilitydatabase.org/mdb-218/latest.zip,deprecated,39.60389514864909,39.6581518,-106.5488191,-106.493414
mdb-219,Baldwin Park Transit,,California,Baldwin Park,http://data.trilliumtransit.com/gtfs/baldwinpark-ca-us/baldwinpark-ca-us.zip,https://files.mobilitydatabase.org/mdb-219/latest.zip,deprecated,34.0633818198338,34.1059616341679,-117.997131929879,-117.944715604821
mdb-220,City of Banning Transit,,California,Banning,http://data.trilliumtransit.com/gtfs/banning-ca-us/banning-ca-us.zip,https://files.mobilitydatabase.org/mdb-220/latest.zip,active,33.900466371,33.943215,-116.951855,-116.75432682
mdb-221,Berks Area Regional Transportation Authority (BARTA),,Pennsylvania,Berks Area,https://github.com/transitland/gtfs-archives-not-hosted-elsewhere/raw/master/barta.zip,,deprecated,,,,
mdb-222,Capital Area Transit System (CATS),,Louisiana,,https://github.com/transitland/gtfs-archives-not-hosted-elsewhere/raw/master/f-baton~rouge~cats.zip,https://files.mobilitydatabase.org/mdb-222/latest.zip,deprecated,30.346346,30.594509,-91.200005,-91.000862
mdb-223,Bay Area Transportation Authority,,Michigan,,http://rapid.nationalrtap.org/GTFSFileManagement/UserUploadFiles/5109/BATA_GTFS.zip,https://files.mobilitydatabase.org/mdb-223/latest.zip,deprecated,44.5768836504099,45.129802,-85.769084,-85.3471678875275
mdb-224,Bay Transit,,Virginia,Tappahannock,http://data.trilliumtransit.com/gtfs/baytransit-va-us/baytransit-va-us.zip,https://files.mobilitydatabase.org/mdb-224/latest.zip,active,37.26023,38.272660203568805,-76.99542274197749,-76.35201312288186
mdb-225,Anchorage People Mover,,Alaska,Anchorage,http://gtfs.muni.org/People_Mover.gtfs.zip,https://files.mobilitydatabase.org/mdb-225/latest.zip,active,61.108556,61.327765,-149.979292,-149.570575
mdb-226,University of California Berkeley Shuttle (Bear Transit),,California,Berkeley,http://data.trilliumtransit.com/gtfs/beartransit-ca-us/beartransit-ca-us.zip,https://files.mobilitydatabase.org/mdb-226/latest.zip,inactive,37.8641395035463,37.9170547484884,-122.338632368571,-122.238629251794
mdb-227,Bellflower Bus,,California,Los Angeles County,https://raw.githubusercontent.com/LACMTA/los-angeles-regional-gtfs/main/bellflower-ca-us/bellflower-ca-us.zip,https://files.mobilitydatabase.org/mdb-227/latest.zip,inactive,33.865684,33.909496,-118.142691,-118.108606
mdb-228,Bell Gardens Trolley,,California,Bell Gardens,https://raw.githubusercontent.com/LACMTA/los-angeles-regional-gtfs/main/bellgardens-ca-us/bellgardens-ca-us.zip,https://files.mobilitydatabase.org/mdb-228/latest.zip,inactive,33.953848,33.975241,-118.167153856536,-118.13744
mdb-229,Benson Area Transit,,Arizona,Benson,http://data.trilliumtransit.com/gtfs/benson-az-us/benson-az-us.zip,https://files.mobilitydatabase.org/mdb-229/latest.zip,inactive,31.9605125138286,31.9712062574325,-110.314764708409,-110.285654261814
mdb-230,Bent County Transit,,Colorado,La Junta,http://data.trilliumtransit.com/gtfs/bentcounty-co-us/bentcounty-co-us.zip,https://files.mobilitydatabase.org/mdb-230/latest.zip,inactive,37.971134,38.153546,-103.555608,-102.609512
mdb-231,Bethesda Circulator,,Maryland,Bethesda,https://github.com/transitland/gtfs-archives-not-hosted-elsewhere/raw/master/bethesdacirculator-md-us.zip,,active,,,,
mdb-232,Metropolitan Area Commuter System,,Alaska,Fairbanks North Star,https://www.fnsb.gov/DocumentCenter/View/690/General-Transit-Feed-Specification-ZIP,https://files.mobilitydatabase.org/mdb-232/latest.zip,inactive,64.74791061828516,64.8996653247773,-147.8732170364887,-147.3279313082579
mdb-233,Birnie Bus,,New York,Oneida County,https://s3.amazonaws.com/datatools-511ny/public/Birnie_Bus.zip,https://files.mobilitydatabase.org/mdb-233/latest.zip,active,42.307476,44.163689,-77.884659,-74.752197
mdb-234,Blackhawk and Central City Tramway,,Colorado,Gilpin County,http://data.trilliumtransit.com/gtfs/blackhawktramway-co-us/blackhawktramway-co-us.zip,https://files.mobilitydatabase.org/mdb-234/latest.zip,active,39.798227,39.80218121726293,-105.512701992,-105.482782
mdb-235,Blackstone Area Bus Service,,Virginia,Nottoway County,http://data.trilliumtransit.com/gtfs/blackstone-va-us/blackstone-va-us.zip,https://files.mobilitydatabase.org/mdb-235/latest.zip,active,36.7490050777501,37.62745154369885,-78.55133422862777,-77.40530470942107
mdb-236,Blossom Express,,California,San Joaquin County,http://data.trilliumtransit.com/gtfs/blossomexpress-ca-us/blossomexpress-ca-us.zip,https://files.mobilitydatabase.org/mdb-236/latest.zip,active,37.68938843682817,37.75389938721797,-121.14221556939702,-121.05006541892664
mdb-237,Breckenridge Free Ride,,Colorado,Breckenridge,http://data.trilliumtransit.com/gtfs/breckenridgefreeride-co-us/breckenridgefreeride-co-us.zip,https://files.mobilitydatabase.org/mdb-237/latest.zip,active,39.465801684415,39.532415,-106.06681,-106.019672
mdb-238,Bristol Virginia Transit,,Tennessee,Bristol,http://data.trilliumtransit.com/gtfs/bristol-va-us/bristol-va-us.zip,https://files.mobilitydatabase.org/mdb-238/latest.zip,active,36.594351,36.63453495748965,-82.22075970984517,-82.115519
mdb-239,Broome County Transit (B.C. Transit),,New York,Binghamton,https://www.gobroomecounty.com/sites/default/files/dept/transit/BCT_GTFS_012222.zip,,deprecated,,,,
mdb-240,Butler County Regional Transit Authority,,Ohio,Middletown,https://www.butlercountyrta.com/wp-content/uploads/2019/11/Bcrta-GTFS-1.zip,https://files.mobilitydatabase.org/mdb-240/latest.zip,inactive,39.2832317,39.540703,-84.7675,-84.315188
mdb-241,Butte Regional Transit (B-Line),,Montana,Butte,https://d16k74nzx9emoe.cloudfront.net/c4326823-2c12-4f59-82f1-3fc4d987e12b/google_transit.zip,,deprecated,,,,
mdb-242,Pacific Transit,,Washington,Raymond,http://mjcaction.com/MJC_GTFS_Public/pacific_google_transit.zip,https://files.mobilitydatabase.org/mdb-242/latest.zip,active,46.19019607,46.97645602,-124.05531183,-123.64876277
mdb-243,Inter-Island Ferry,,Alaska,Ketchikan,http://data.trilliumtransit.com/gtfs/interisland-ak-us/interisland-ak-us.zip,https://files.mobilitydatabase.org/mdb-243/latest.zip,active,55.353869265831,55.4904042,-132.62209827778,-131.69223241328
mdb-244,Ketchikan Gateway Borough,The Bus,Alaska,Ketchikan Gateway,http://data.trilliumtransit.com/gtfs/kgb-ak-us/kgb-ak-us.zip,https://files.mobilitydatabase.org/mdb-244/latest.zip,active,55.2938182448498,55.467279,-131.8199521,-131.52918529462
mdb-245,"Washington State Department of Transportation (WSDOT, Apple Line)",,Washington,King County,https://business.wsdot.wa.gov/Transit/csv_files/InterCityBus/WSDOT_GTFS_Intercity.zip,https://files.mobilitydatabase.org/mdb-245/latest.zip,active,46.0403664665386,48.61034629,-123.431502615491,-117.4069488
mdb-246,"Sunset Empire Transportation District (SETD), Tillamook County Transportation District, Columbia County Rider",,Oregon,Clatsop County,https://oregon-gtfs.trilliumtransit.com/gtfs_data/tillamookcounty-or-us/tillamookcounty-or-us.zip,https://files.mobilitydatabase.org/mdb-246/latest.zip,active,44.924787739481,45.898416,-124.01037141680727,-122.677083
mdb-247,"TriMet, Portland Streetcar",,Oregon,Beaverton,http://developer.trimet.org/schedule/gtfs.zip,https://files.mobilitydatabase.org/mdb-247/latest.zip,active,45.285216,45.637726,-123.115448,-122.333048
mdb-248,South Metro Area Regional Transit (SMART),,Oregon,Clackamas County,http://data.trilliumtransit.com/gtfs/wilsonville-or-us/wilsonville-or-us.zip,https://files.mobilitydatabase.org/mdb-248/latest.zip,deprecated,44.937789,45.394674,-123.035021,-122.691596
mdb-249,Wahkiakum on the Move,,Washington,Longview,http://data.trilliumtransit.com/gtfs/wotm-wa-us/wotm-wa-us.zip,https://files.mobilitydatabase.org/mdb-249/latest.zip,active,46.11987482,46.37641594,-123.80452661,-122.90088792270966
mdb-250,Yamhill County Transit Area,,Oregon,Hillsboro,http://ycta.connexionz.net/rtt/public/resource/gtfs.zip,https://files.mobilitydatabase.org/mdb-250/latest.zip,active,44.951319,45.52211,-123.617235,-122.768607
mdb-251,Woodburn Transit Service (WTS),,Oregon,Marion County,https://oregon-gtfs.trilliumtransit.com/gtfs_data/woodburn-or-us/woodburn-or-us.zip,https://files.mobilitydatabase.org/mdb-251/latest.zip,active,45.136321772,45.156521039,-122.89531610148312,-122.830040925
mdb-252,Canby Area Transit (CAT),,Oregon,Canby,https://oregon-gtfs.trilliumtransit.com/gtfs_data/canbytransit-or-us/canbytransit-or-us.zip,https://files.mobilitydatabase.org/mdb-252/latest.zip,active,45.1511972,45.36001146275876,-122.8349536,-122.60423665692272
mdb-253,Ride Connection,,Oregon,Multnomah County,https://oregon-gtfs.trilliumtransit.com/gtfs_data/rideconnection-or-us/rideconnection-or-us.zip,https://files.mobilitydatabase.org/mdb-253/latest.zip,active,45.147045,45.617867,-123.14324,-121.996403
mdb-254,Washington Park Shuttle,,Oregon,Multnomah County,https://oregon-gtfs.trilliumtransit.com/gtfs_data/washingtonparkshuttle-or-us/washingtonparkshuttle-or-us.zip,https://files.mobilitydatabase.org/mdb-254/latest.zip,active,45.510506,45.523319237,-122.716929754,-122.700742129
mdb-255,Swan Island Evening Shuttle,,Oregon,Multnomah County,https://oregon-gtfs.trilliumtransit.com/gtfs_data/swanisland-or-us/swanisland-or-us.zip,https://files.mobilitydatabase.org/mdb-255/latest.zip,active,45.4936652333765,45.65261684295149,-122.85021163732264,-122.28771431940775
mdb-256,Blue Star Bus,,Oregon,Portland,http://oregon-gtfs.com/gtfs_data/bluestar-or-us/bluestar-or-us.zip,https://files.mobilitydatabase.org/mdb-256/latest.zip,deprecated,45.506638,45.588928,-122.687492,-122.592392
mdb-257,Clackamas Community College (CCC) Xpress,,Oregon,Oregon City,https://oregon-gtfs.trilliumtransit.com/gtfs_data/cccxpress-or-us/cccxpress-or-us.zip,https://files.mobilitydatabase.org/mdb-257/latest.zip,inactive,45.3220761144049,45.43618452638,-122.582843,-122.568429
mdb-258,C-TRAN,Clark County Public Transportation Benefit Area,Oregon,Multnomah County,https://www.c-tran.com/images/Google/GoogleTransitUpload.zip,https://files.mobilitydatabase.org/mdb-258/latest.zip,active,45.496521,45.86686,-122.708257,-122.321559
mdb-259,RiverCities Transit (RCT),,Washington,Longview,http://data.trilliumtransit.com/gtfs/rivercitiestransit-wa-us/rivercitiestransit-wa-us.zip,https://files.mobilitydatabase.org/mdb-259/latest.zip,active,45.69009392898282,46.283358015664,-123.02336422038576,-122.66396482174392
mdb-260,Columbia Area Transit (CAT),,Oregon,Hood River,https://oregon-gtfs.trilliumtransit.com/gtfs_data/hoodriver-or-us/hoodriver-or-us.zip,https://files.mobilitydatabase.org/mdb-260/latest.zip,active,45.320395,45.715556,-122.56328062144377,-121.51178301986444
mdb-261,Sandy Area Metro (SAM),,Oregon,Clackamas County,https://oregon-gtfs.trilliumtransit.com/gtfs_data/sandy-or-us/sandy-or-us.zip,https://files.mobilitydatabase.org/mdb-261/latest.zip,active,45.28606825956911,45.50300235197332,-122.568706193,-121.7089955
mdb-262,Skamania County Transit,,Washington,Vancouver,https://data.trilliumtransit.com/gtfs/skamaniacounty-wa-us/skamaniacounty-wa-us.zip,https://files.mobilitydatabase.org/mdb-262/latest.zip,active,45.533467,45.741076,-122.650095,-121.19185
mdb-263,Grays Harbor Transit,,Washington,Aberdeen,http://mjcaction.com/MJC_GTFS_Public/graysharbor_google_transit.zip,https://files.mobilitydatabase.org/mdb-263/latest.zip,active,46.71725765,47.474577,-124.293883,-122.90060878
mdb-264,Mason Transit Authority,,Washington,Mason County,https://data.trilliumtransit.com/gtfs/mason-wa-us/mason-wa-us.zip,https://files.mobilitydatabase.org/mdb-264/latest.zip,active,47.046298,47.6088440601037,-123.2654221233932,-122.626062
mdb-265,Pierce Transit,,Washington,Gig Harbor,https://gtfs.sound.obaweb.org/prod/3_gtfs.zip,https://files.mobilitydatabase.org/mdb-265/latest.zip,active,47.068935,47.661251,-122.640023,-122.184856
mdb-266,Intercity Transit,,Washington,Joint Base Lewis-McChord,https://its.rideralerts.com/InfoPoint/gtfs-zip.ashx,https://files.mobilitydatabase.org/mdb-266/latest.zip,active,46.93304,47.161066,-122.977127,-122.483242
mdb-267,"Sound Transit, Metro Transit, City of Seattle - King County Metro",,Washington,King County,http://metro.kingcounty.gov/GTFS/google_transit.zip,https://files.mobilitydatabase.org/mdb-267/latest.zip,active,47.1891174,47.8655891,-122.506622,-121.785835
mdb-268,Sound Transit,,Washington,Federal Way,https://gtfs.sound.obaweb.org/prod/40_gtfs.zip,https://files.mobilitydatabase.org/mdb-268/latest.zip,active,47.153189,47.974947,-122.499103,-122.109118
mdb-269,Microsoft Shuttles,,Washington,King County,https://github.com/cookieguru/microsoft-gtfs/releases/download/20150518150359/gtfs_20150518150359.zip,https://files.mobilitydatabase.org/mdb-269/latest.zip,inactive,47.555579,47.676876,-122.338378,-122.049752
mdb-270,Seattle Children's Hospital Shuttle,,Washington,Seattle,https://gtfs.sound.obaweb.org/prod/98_gtfs.zip,https://files.mobilitydatabase.org/mdb-270/latest.zip,inactive,47.650082,47.678731,-122.317474,-122.256796
mdb-271,People for People (Community Connector),,Washington,Yakima County,https://data.trilliumtransit.com/gtfs/pfp-wa-us/pfp-wa-us.zip,https://files.mobilitydatabase.org/mdb-271/latest.zip,active,46.198738,47.966069,-120.69641,-117.4058
mdb-272,Kayak Transit (CTUIR),,Oregon,Umatilla County,http://oregon-gtfs.com/gtfs_data/ctuir-or-us/ctuir-or-us.zip,https://files.mobilitydatabase.org/mdb-272/latest.zip,inactive,45.3193040477042,46.0661407,-119.499208245983,-118.077631
mdb-273,Ben Franklin Transit,,Washington,,https://www.bft.org/gtfs/google_transit.zip,https://files.mobilitydatabase.org/mdb-273/latest.zip,deprecated,46.169261,46.350986,-119.771253,-119.044666
mdb-274,City of Milton-Freewater Public Transportation,,Oregon,,http://oregon-gtfs.com/gtfs_data/milton-freewater-or-us/milton-freewater-or-us.zip,https://files.mobilitydatabase.org/mdb-274/latest.zip,deprecated,45.66574,46.06604,-118.68865,-118.3308595
mdb-275,Link Transit,,Washington,Chelan,https://link.rideralerts.com/InfoPoint/gtfs-zip.ashx,https://files.mobilitydatabase.org/mdb-275/latest.zip,active,47.2915916443,47.8850250244,-120.67411,-120.014694
mdb-276,Yakima Transit,,Washington,Yakima County,https://yakimatransit.org/gtfs/yakima_gtfs.zip,https://files.mobilitydatabase.org/mdb-276/latest.zip,active,46.56293,46.623763978,-120.635949,-120.47735
mdb-277,Union Gap,,Washington,Union Gap,http://data.trilliumtransit.com/gtfs/uniongap-wa-us/uniongap-wa-us.zip,https://files.mobilitydatabase.org/mdb-277/latest.zip,active,46.536388,46.653691864097794,-120.53090229665024,-120.475399
mdb-278,Selah Transit,,Washington,Selah,http://trilliumtransit.com/transit_feeds/selah-wa-us/selah-wa-us.zip,https://files.mobilitydatabase.org/mdb-278/latest.zip,active,46.5616046,46.6771065,-120.5622804,-120.4793143
mdb-279,Clallam Transit System,,Washington,Port Angeles,http://mjcaction.com/MJC_GTFS_Public/clallam_google_transit.zip,https://files.mobilitydatabase.org/mdb-279/latest.zip,active,47.623688,48.370108,-124.636859,-122.511536
mdb-280,Island Transit,,Washington,Camano,https://data.trilliumtransit.com/gtfs/islandtransit-wa-us/islandtransit-wa-us.zip,https://files.mobilitydatabase.org/mdb-280/latest.zip,active,47.92328360255024,48.463003,-122.767909,-122.196879
mdb-281,Puget Sound Express,,Washington,,http://mjcaction.com/MJC_GTFS_Public/pse_google_transit.zip,,inactive,,,,
mdb-283,Washington State Ferries,,Washington,Seattle,https://business.wsdot.wa.gov/Transit/csv_files/wsf/google_transit.zip,https://files.mobilitydatabase.org/mdb-283/latest.zip,active,47.30555,48.59793,-123.01475,-122.297
mdb-284,Whatcom Transportation Authority,,Washington,Bellingham,https://github.com/whatcomtrans/publicwtadata/raw/master/GTFS/wta_gtfs_latest.zip,https://files.mobilitydatabase.org/mdb-284/latest.zip,active,48.418167,48.999226,-122.787478,-122.13584
mdb-285,Jamestown S'klallam,,Washington,,http://mjcaction.com/MJC_GTFS_Public/sevencedars_google_transit.zip,,inactive,,,,
mdb-287,Community Transit (CT),,Washington,Arlington,https://www.communitytransit.org/docs/default-source/open-data/gtfs/current.zip,https://files.mobilitydatabase.org/mdb-287/latest.zip,active,47.59201,48.278539,-122.38471,-121.601001
mdb-288,Everett Transit,,Washington,Everett,https://gtfs.sound.obaweb.org/prod/97_gtfs.zip,https://files.mobilitydatabase.org/mdb-288/latest.zip,deprecated,47.879951,48.009836,-122.306381,-122.184499
mdb-289,"Wallowa Community Connection (WCC), Northeast Oregon Public Transit",,Oregon,La Grande,https://oregon-gtfs.trilliumtransit.com/gtfs_data/northeast-or-us/northeast-or-us.zip,https://files.mobilitydatabase.org/mdb-289/latest.zip,active,44.7619984867002,45.570984,-118.1063098,-117.190035
mdb-290,Spokane Transit Authority (STA),,Washington,Airway Heights,https://www.spokanetransit.com/gtfs,https://files.mobilitydatabase.org/mdb-290/latest.zip,active,47.476684,47.768885,-117.705755,-117.07599
mdb-291,Butte-Silver Bow,,Montana,Butte,http://data.trilliumtransit.com/gtfs/butte-mt-us/butte-mt-us.zip,https://files.mobilitydatabase.org/mdb-291/latest.zip,inactive,45.937727,46.029995,-112.561443,-112.477421
mdb-292,Mountain Line,,Montana,Missoula,http://www.mountainline.com/files/MUTD_GTFS.zip,https://files.mobilitydatabase.org/mdb-292/latest.zip,active,46.819761,46.924218,-114.08799,-113.865247
mdb-293,University of Montana (UDASH),,Montana,Missoula,http://data.trilliumtransit.com/gtfs/udash-mt-us/udash-mt-us.zip,https://files.mobilitydatabase.org/mdb-293/latest.zip,inactive,46.845,46.8819605046982,-114.022311,-113.888913475115
mdb-294,Capital Transit,,Alaska,Juneau,http://data.trilliumtransit.com/gtfs/cityandboroughofjuneau-ak-us/cityandboroughofjuneau-ak-us.zip,https://files.mobilitydatabase.org/mdb-294/latest.zip,active,58.27495,58.40521,-134.647333952,-134.38993
mdb-295,Streamline,,Montana,Bozeman,http://data.trilliumtransit.com/gtfs/streamlinetransit-mt-us/streamlinetransit-mt-us.zip,https://files.mobilitydatabase.org/mdb-295/latest.zip,active,45.65537540231108,45.78269880797242,-111.1849853600316,-110.57194982250051
mdb-296,Calabasas Transit System,,California,Calabasas,http://data.trilliumtransit.com/gtfs/calabasas-ca-us/calabasas-ca-us.zip,https://files.mobilitydatabase.org/mdb-296/latest.zip,inactive,34.1267823551685,34.1646773952993,-118.714712146685,-118.609714786109
mdb-297,Camarillo Area Transit,,California,Camarillo,http://data.trilliumtransit.com/gtfs/camarillo-ca-us/camarillo-ca-us.zip,https://files.mobilitydatabase.org/mdb-297/latest.zip,deprecated,34.216075265995215,34.24302292731211,-119.07417700000002,-118.974631
mdb-298,Carson Circuit,,California,Carson,http://data.trilliumtransit.com/gtfs/carson-ca-us/carson-ca-us.zip,https://files.mobilitydatabase.org/mdb-298/latest.zip,inactive,33.8082344204378,33.8860288636595,-118.2859241618,-118.21192070155
mdb-299,Catalina Express,,California,Long Beach,https://gitlab.com/LACMTA/gtfs_lax/-/archive/master/gtfs_lax-master.zip?path=catalina_express,https://files.mobilitydatabase.org/mdb-299/latest.zip,active,,,,
mdb-300,Catalina Flyer,,California,Avalon,http://data.trilliumtransit.com/gtfs/catalinaflyer-ca-us/catalinaflyer-ca-us.zip,https://files.mobilitydatabase.org/mdb-300/latest.zip,inactive,33.3447667724262,33.6028311986186,-118.322060998279,-117.899246237566
mdb-301,Duluth Transit,,Minnesota,Saint Louis County,https://duluthtransit.com/gtf/google_transit.zip,https://files.mobilitydatabase.org/mdb-301/latest.zip,active,46.656411,46.855393,-92.226764,-92.00965
mdb-302,Corning Erwin Area Transit System (CEATS),,New York,Steuben County,https://s3.amazonaws.com/datatools-511ny/public/Corning_Erwin_Area_Transit_System_CEATS.zip,https://files.mobilitydatabase.org/mdb-302/latest.zip,active,42.11544,42.182297,-77.14164,-76.97059
mdb-303,City of Ellensburg Public Transit (Central Transit),,Washington,Kittitas County,http://mjcaction.com/MJC_GTFS_Public/centraltransit_google_transit.zip,https://files.mobilitydatabase.org/mdb-303/latest.zip,deprecated,46.98130558,47.02718268,-120.586342,-120.52289471
mdb-304,Chautauqua Area Regional Transit System (CARTS),,New York,Jamestown,https://s3.amazonaws.com/datatools-511ny/public/CARTS_Chautauqua_Area_Regional_Transit_System_-_City_Routes.zip,https://files.mobilitydatabase.org/mdb-304/latest.zip,active,42.052686,42.497036,-79.57648,-79.060006
mdb-305,C TRAN,,New York,Elmira,https://s3.amazonaws.com/datatools-511ny/public/Chemung_C_Tran.zip,https://files.mobilitydatabase.org/mdb-305/latest.zip,inactive,41.980677,42.447267,-77.072697,-76.226975
mdb-306,Chicago Water Taxi,,Illinois,Cook County,https://data.trilliumtransit.com/gtfs/chicagowatertaxi-il-us/chicagowatertaxi-il-us.zip,https://files.mobilitydatabase.org/mdb-306/latest.zip,future,41.8571416575835,41.910022,-87.655758,-87.625214
mdb-307,Cincinnati Metro,,Ohio,Addyston,http://www.go-metro.com/uploads/GTFS/google_transit_info.zip,https://files.mobilitydatabase.org/mdb-307/latest.zip,active,39.064281,39.356651,-84.794051,-84.259987
mdb-308,DeKalb Public Transit,,Illinois,DeKalb,http://data.trilliumtransit.com/gtfs/cityofdekalb-il-us/cityofdekalb-il-us.zip,https://files.mobilitydatabase.org/mdb-308/latest.zip,active,41.8905359658401,41.99190905,-88.7881164551,-88.464325984766
mdb-309,City of Fountain Transit,,Colorado,Fountain,http://data.trilliumtransit.com/gtfs/cityoffountaintransit-co-us/cityoffountaintransit-co-us.zip,https://files.mobilitydatabase.org/mdb-309/latest.zip,active,38.6644033378998,38.7693886951615,-104.78547343258349,-104.68122192479495
mdb-310,Capital Transit,,Montana,Helena,https://data.trilliumtransit.com/gtfs/cityofhelena-mt-us/cityofhelena-mt-us.zip,https://files.mobilitydatabase.org/mdb-310/latest.zip,inactive,46.582315,46.621897,-112.060643,-111.893681
mdb-311,Ridgerunner,,California,,http://data.trilliumtransit.com/gtfs/cityofridgecrest-ca-us/cityofridgecrest-ca-us.zip,https://files.mobilitydatabase.org/mdb-311/latest.zip,deprecated,35.5659778499683,35.6518073226256,-117.816944,-117.652284
mdb-312,ClackCo Connects (Clackamas County),,Oregon,Clackamas County,http://oregon-gtfs.trilliumtransit.com/gtfs_data/clackamascounty-or-us/clackamascounty-or-us.zip,https://files.mobilitydatabase.org/mdb-312/latest.zip,active,45.286106192825656,45.43618452638,-122.62560819992412,-122.33389014867632
mdb-313,Clear Creek County Transit,,Colorado,Georgetown,http://data.trilliumtransit.com/gtfs/clearcreek-co-us/clearcreek-co-us.zip,https://files.mobilitydatabase.org/mdb-313/latest.zip,active,39.6804258147071,39.766353,-105.896946092736,-105.328169
mdb-314,Compton Renaissance,,California,Compton,https://raw.githubusercontent.com/LACMTA/los-angeles-regional-gtfs/main/compton-ca-us/compton-ca-us.zip,https://files.mobilitydatabase.org/mdb-314/latest.zip,inactive,33.8668373372485,33.9232688805322,-118.255090151507,-118.181491014396
mdb-315,Corpus Christi Regional Transportation Authority,,Texas,Nueces County,https://www.ccrta.org/gtfs/ccrta-gtfs.zip,https://files.mobilitydatabase.org/mdb-315/latest.zip,inactive,27.6006821,27.9148044,-97.6852534,-97.0515695
mdb-316,CorridorRides,,Iowa,Cedar Rapids,http://data.trilliumtransit.com/gtfs/corridorrides-ia-us/corridorrides-ia-us.zip,https://files.mobilitydatabase.org/mdb-316/latest.zip,active,41.656704417947,41.9757669985156,-91.6662139695366,-91.533491920496
mdb-317,Cripple Creek Transportation,,Colorado,Cripple Creek,http://data.trilliumtransit.com/gtfs/cripplecreek-co-us/cripplecreek-co-us.zip,https://files.mobilitydatabase.org/mdb-317/latest.zip,active,38.710403,38.996448,-105.28805777677904,-104.82279798241508
mdb-318,Cudahy Area Rapid Transit,,California,Cudahy,http://data.trilliumtransit.com/gtfs/cudahy-ca-us/cudahy-ca-us.zip,https://files.mobilitydatabase.org/mdb-318/latest.zip,deprecated,33.9579518395426,33.9677414111609,-118.194687121803,-118.174558102071
mdb-319,Groome Transportation,,Georgia,Chattahoochee County,http://data.trilliumtransit.com/gtfs/groometransportation-us/groometransportation-us.zip,https://files.mobilitydatabase.org/mdb-319/latest.zip,inactive,28.4302277239586,46.826389,-123.278540458715,-81.0321279743193
mdb-320,Delano Area Rapid Transit,,California,Delano,https://data.trilliumtransit.com/gtfs/delano-ca-us/delano-ca-us.zip,https://files.mobilitydatabase.org/mdb-320/latest.zip,active,35.745704086606,35.79040964,-119.27176604545,-119.2231118
mdb-321,Lakeland Area Mass Transit,,Florida,,https://ftis.org/PostFileDownload.aspx?id=313A0,https://files.mobilitydatabase.org/mdb-321/latest.zip,deprecated,27.732109,28.15007,-82.05611899999998,-81.527123
mdb-322,Key West Transit,,Florida,Monroe County,http://data.trilliumtransit.com/gtfs/keywest-fl-us/keywest-fl-us.zip,https://files.mobilitydatabase.org/mdb-322/latest.zip,inactive,24.5477227066457,24.732427,-81.806246,-81.018977
mdb-323,Collier Area Transit (CAT),,Florida,,https://ftis.org/PostFileDownload.aspx?id=396A0,https://files.mobilitydatabase.org/mdb-323/latest.zip,deprecated,25.91208645,26.44474102,-81.828441,-81.38958483
mdb-324,LeeTran,,Florida,Lee County,https://www.leegov.com/leetran/Documents/GTFS.zip,https://files.mobilitydatabase.org/mdb-324/latest.zip,active,26.272102,26.723837,-82.017588,-81.597666
mdb-325,Hillsborough Area Regional Transit (HART),,Florida,Hillsborough County,http://www.gohart.org/google/google_transit.zip,https://files.mobilitydatabase.org/mdb-325/latest.zip,active,27.70568,28.195743,-82.584777,-82.210966
mdb-326,Pinellas Suncoast Transit Authority (PSTA),,Florida,Saint Petersburg,http://www.psta.net/latest/Google_transit.zip,https://files.mobilitydatabase.org/mdb-326/latest.zip,active,27.70473,28.155128,-82.850532,-82.453755
mdb-327,Sarasota County Area Transit,,Florida,,https://ftis.org/PostFileDownload.aspx?id=457A0,https://files.mobilitydatabase.org/mdb-327/latest.zip,deprecated,27.038871,27.493355,-82.587857,-82.205356
mdb-328,Manatee County Area Transit,,Florida,,https://ftis.org/PostFileDownload.aspx?id=342A0,https://files.mobilitydatabase.org/mdb-328/latest.zip,deprecated,27.337532,27.811755,-82.780151,-82.451716
mdb-329,USF Bull Runner,,Florida,Tampa,https://github.com/CUTR-at-USF/bullrunner-gtfs-realtime-generator/raw/master/bullrunner-gtfs.zip,https://files.mobilitydatabase.org/mdb-329/latest.zip,active,28.0434346203,28.0803911041,-82.4349528551,-82.401586175
mdb-330,Broward County Transit,,Florida,Broward County,https://www.broward.org/bct/documents/google_transit.zip,https://files.mobilitydatabase.org/mdb-330/latest.zip,active,25.76178,26.350903,-80.431742,-80.076136
mdb-331,Miami-Dade Transit,,Florida,Broward County,http://www.miamidade.gov/transit/googletransit/current/google_transit.zip,https://files.mobilitydatabase.org/mdb-331/latest.zip,active,24.71614,25.97375,-81.075723,-80.120181
mdb-332,Palm Tran,,Florida,Boynton Beach,http://www.palmtran.org/feed/google_transit.zip,https://files.mobilitydatabase.org/mdb-332/latest.zip,active,26.329128,27.26379,-80.720899,-80.033662
mdb-333,South Florida Regional Transportation Authority (Tri-Rail),,Florida,Boca Raton,http://www.tri-rail.com/GTDF/Current/google_transit.zip,https://files.mobilitydatabase.org/mdb-333/latest.zip,inactive,25.7809696198,26.7587432861,-80.2596206665,-80.062538147
mdb-334,Mountain Lynx Transit,,Virginia,Washington County,http://data.trilliumtransit.com/gtfs/districtthree-va-us/districtthree-va-us.zip,https://files.mobilitydatabase.org/mdb-334/latest.zip,active,36.5877,37.24004,-82.22704,-80.6072
mdb-335,Escambia County Area Transit (ECAT),,Florida,Pensacola,http://data.trilliumtransit.com/gtfs/ecat-fl-us/ecat-fl-us.zip,https://files.mobilitydatabase.org/mdb-335/latest.zip,inactive,30.3260277505244,30.970248,-87.359577,-87.0600450545759
mdb-336,Emerald Coast Rider (ECR),,Florida,Fort Walton Beach,http://data.trilliumtransit.com/gtfs/okaloosacountytransit-fl-us/okaloosacountytransit-fl-us.zip,https://files.mobilitydatabase.org/mdb-336/latest.zip,inactive,30.37921667,30.75746667,-86.66665,-86.3504333333
mdb-337,Bay Town Trolley,,Florida,Bay County,http://data.trilliumtransit.com/gtfs/baytowntrolley-fl-us/baytowntrolley-fl-us.zip,https://files.mobilitydatabase.org/mdb-337/latest.zip,inactive,29.94038,30.26271371,-85.97463998,-85.39295
mdb-338,Montgomery Transit,,Alabama,Montgomery,http://data.trilliumtransit.com/gtfs/montgomerytransit-al-us/montgomerytransit-al-us.zip,https://files.mobilitydatabase.org/mdb-338/latest.zip,active,32.293826,32.434270255660394,-86.4007303,-86.128268729575
mdb-339,Birmingham Jefferson County Transit Authority,,Alabama,Jefferson County,https://maxtransit.org/wp-content/uploads/2020/12/BJCTA-Working-GTFS-File.zip,https://files.mobilitydatabase.org/mdb-339/latest.zip,deprecated,33.36195,33.66285,-87.011263,-86.67695999999998
mdb-340,Pasco County Public Transportation,,Florida,New Port Richey,http://data.trilliumtransit.com/gtfs/pascocountypublictransit-fl-us/pascocountypublictransit-fl-us.zip,https://files.mobilitydatabase.org/mdb-340/latest.zip,active,28.14146,28.465932,-82.758257,-82.171175
mdb-341,Hernando County Transit (TheBus),,Florida,Brooksville,http://data.trilliumtransit.com/gtfs/thehernandoexpress-fl-us/thehernandoexpress-fl-us.zip,https://files.mobilitydatabase.org/mdb-341/latest.zip,inactive,28.40039824,28.595345,-82.66114094,-82.37722793
mdb-342,LakeXpress,,Florida,Leesburg,https://ftis.org/PostFileDownload.aspx?id=450A0,https://files.mobilitydatabase.org/mdb-342/latest.zip,deprecated,,,,
mdb-343,SunTran,,Florida,Marion County,http://data.trilliumtransit.com/gtfs/suntran-fl-us/suntran-fl-us.zip,https://files.mobilitydatabase.org/mdb-343/latest.zip,inactive,29.080028,29.2668247120818,-82.221582536882,-81.980081
mdb-344,StarMetro,,Florida,Tallahassee,http://data.trilliumtransit.com/gtfs/starmetro-fl-us/starmetro-fl-us.zip,https://files.mobilitydatabase.org/mdb-344/latest.zip,inactive,30.376031971848,30.54344948,-84.36447298,-84.20215136
mdb-345,Gainesville Regional Transit System,,Florida,,https://ftis.org/PostFileDownload.aspx?id=468A0,https://files.mobilitydatabase.org/mdb-345/latest.zip,deprecated,29.6001677847958,29.7150360778361,-82.4422097140819,-82.2639662041154
mdb-346,Jacksonville Transportation Authority (JTA),,Florida,Jacksonville,https://schedules.jtafla.com/schedulesgtfs/download,,deprecated,,,,
mdb-347,Central Florida Regional Transit Authority (LYNX),,Florida,Apopka,http://gtfsrt.golynx.com/gtfsrt/google_transit.zip,https://files.mobilitydatabase.org/mdb-347/latest.zip,active,28.10932,28.741781,-81.67681,-81.205343
mdb-348,Sarasota County Area Transit (SCAT),,Florida,Melbourne,http://data.trilliumtransit.com/gtfs/spacecoast-fl-us/spacecoast-fl-us.zip,https://files.mobilitydatabase.org/mdb-348/latest.zip,active,27.950475692749023,28.754623413085938,-80.87371063232422,-80.56696319580078
mdb-349,Votran,,Florida,Daytona Beach,https://ftis.org/PostFileDownload.aspx?id=425A0,https://files.mobilitydatabase.org/mdb-349/latest.zip,inactive,28.856002,29.383995,-81.506774,-80.847351
mdb-350,Sunshine Bus Company,,Florida,Jacksonville,http://data.trilliumtransit.com/gtfs/sunshinebuscompany-fl-us/sunshinebuscompany-fl-us.zip,https://files.mobilitydatabase.org/mdb-350/latest.zip,inactive,29.6378981415515,30.18280175,-81.6059567468163,-81.2547616730411
mdb-352,Charleston Area Regional Transportation Authority (CARTA),,South Carolina,Berkeley County,http://data.trilliumtransit.com/gtfs/carta-sc-us/carta-sc-us.zip,https://files.mobilitydatabase.org/mdb-352/latest.zip,active,32.569305235571,33.581350752655,-80.57393424893417,-79.4640023086412
mdb-353,Huntsville Shuttle,,Alabama,Huntsville,http://maps.hsvcity.com/GoogleTransit/google_transit.zip,https://openmobilitydata-data.s3.us-west-1.amazonaws.com/public/feeds/huntsville-shuttle/585/20211209/gtfs.zip,deprecated,,,,
mdb-354,Cobb Community Transit (CCT),,Georgia,Marietta,https://www.arcgis.com/sharing/rest/content/items/1ce8e370a12c41b5854d8baa21f8451c/data,https://files.mobilitydatabase.org/mdb-354/latest.zip,active,,,,
mdb-355,Georgia Tech Trolley & Stinger Shuttles,,Georgia,Atlanta,http://documents.atlantaregional.com/transitdata/gtfs_GT.zip,https://files.mobilitydatabase.org/mdb-355/latest.zip,inactive,33.768747771068,33.797183312467,-84.40593699999998,-84.317129413001
mdb-356,Atlanta Streetcar,,Georgia,Atlanta,http://documents.atlantaregional.com/transitdata/gtfs_ASC.zip,https://files.mobilitydatabase.org/mdb-356/latest.zip,inactive,33.7542955,33.7595003,-84.3919955,-84.3746846
mdb-357,Atlantic Regional Commission,Atlantic Station Shuttle (FREE RIDE),Georgia,Atlanta,http://documents.atlantaregional.com/transitdata/gtfs_Atlantic.zip,https://files.mobilitydatabase.org/mdb-357/latest.zip,inactive,33.788910953901,33.791448582308,-84.402861650688,-84.38680267356139
mdb-358,Cherokee Area Transportation System (CATS),,Georgia,Canton,http://documents.atlantaregional.com/transitdata/gtfs_CATS.zip,https://files.mobilitydatabase.org/mdb-358/latest.zip,inactive,34.19131495077687,34.25758321919467,-84.51003782185032,-84.458359898787
mdb-359,Chattanooga Area Regional Transportation Authority (CARTA),,Tennessee,Chattanooga,https://www.gocarta.org/wp-content/uploads/2021/08/GTFS.zip,,deprecated,,,,
mdb-360,Nashville MTA WeGo Public Transit,,Tennessee,Cheatham County,https://www.wegotransit.com/googleexport/google_transit.zip,https://files.mobilitydatabase.org/mdb-360/latest.zip,active,35.7416,36.525005,-87.379122,-86.29724
mdb-361,Franklin Transit Authority,,Tennessee,Franklin,http://data.trilliumtransit.com/gtfs/tma-tn-us/tma-tn-us.zip,https://files.mobilitydatabase.org/mdb-361/latest.zip,active,35.907872484177815,35.96416,-86.90298072692045,-86.803567350104
mdb-362,Blue Grass Community Action Partnership,Bluegrass Ultra-Transit Service,Kentucky,Jessamine County,http://data.trilliumtransit.com/gtfs/bgcap-ky-us/bgcap-ky-us.zip,https://files.mobilitydatabase.org/mdb-362/latest.zip,active,37.61527,38.26850653314662,-84.80497,-84.479
mdb-363,Bloomington Transit,,Indiana,Bloomington,https://data.bloomington.in.gov/dataset/5aca3228-b81b-4572-a45c-b05a30053949/resource/16145a82-0959-4922-93ae-14dcee02950c/download/googletransitfeed.zip,https://openmobilitydata-data.s3.us-west-1.amazonaws.com/public/feeds/bloomington-transit/377/20220701/gtfs.zip,deprecated,,,,
mdb-364,Transit Authority of River City (TARC),,Indiana,Clark County,http://googletransit.ridetarc.org/feed/google_transit.zip,https://files.mobilitydatabase.org/mdb-364/latest.zip,deprecated,38.095435,38.383245,-85.897127,-85.502994
mdb-365,Lextran,,Kentucky,Lexington,https://lextran.com/wp-content/uploads/2021/05/GTFS.zip,,deprecated,,,,
mdb-366,Southwest Ohio Regional Transit Authority (SORTA Metro),,Ohio,Cincinnati,https://www.go-metro.com/uploads/GTFS/google_transit_info.zip,https://files.mobilitydatabase.org/mdb-366/latest.zip,active,39.064281,39.356651,-84.794051,-84.259987
mdb-367,Transit Authority of Northern Kentucky (TANK),,Kentucky,Fort Wright,https://www.tankbus.org/Portals/tankbus/gtfs/tank-google-transit.zip,https://openmobilitydata-data.s3.us-west-1.amazonaws.com/public/feeds/transit-authority-of-northern-kentucky/302/20220325/gtfs.zip,deprecated,,,,
mdb-368,Metropolitan Atlanta Rapid Transit Authority (MARTA),,Georgia,Alpharetta,https://www.itsmarta.com/google_transit_feed/google_transit.zip,https://files.mobilitydatabase.org/mdb-368/latest.zip,active,33.432372,34.105609,-84.669803,-84.083398
mdb-369,Gwinnett County Transit,,Georgia,,http://data.trilliumtransit.com/gtfs/gwinnettcountytransit-ga-us/gwinnettcountytransit-ga-us.zip,https://files.mobilitydatabase.org/mdb-369/latest.zip,deprecated,33.74891,34.085081,-84.39396,-83.983106
mdb-370,Emory University Cliff Shuttles,,Georgia,Decatur,http://documents.atlantaregional.com/transitdata/gtfs_CCTMA.zip,https://files.mobilitydatabase.org/mdb-370/latest.zip,inactive,33.774499558823095,33.80119548687,-84.325291336459,-84.29636358836
mdb-371,Buc Shuttle,,Georgia,Atlanta,http://documents.atlantaregional.com/transitdata/gtfs_Buc.zip,https://files.mobilitydatabase.org/mdb-371/latest.zip,deprecated,33.845189225652,33.852441312646,-84.37951760612631,-84.344229214656
mdb-372,Concord Kannapolis Area Transit (Rider Transit),,North Carolina,,http://data.trilliumtransit.com/gtfs/ckrider-nc-us/ckrider-nc-us.zip,https://files.mobilitydatabase.org/mdb-372/latest.zip,deprecated,35.311442261538,35.5339389,-80.745853381315,-80.5786545
mdb-373,Piedmont Authority for Regional Transportation (PART),,North Carolina,Guilford County,http://rapid.nationalrtap.org/GTFSFileManagement/UserUploadFiles/5137/gtfs.zip,https://files.mobilitydatabase.org/mdb-373/latest.zip,future,35.631122,36.139859,-80.29852,-79.051249
mdb-374,GoTriangle,,North Carolina,Wake County,http://data.trilliumtransit.com/gtfs/tta-regionalbus-nc-us/tta-regionalbus-nc-us.zip,https://files.mobilitydatabase.org/mdb-374/latest.zip,inactive,35.573104,36.095597,-79.2699127,-78.323486
mdb-375,GoCary,,North Carolina,,http://data.trilliumtransit.com/gtfs/cary-transit-nc-us/cary-transit-nc-us.zip,https://files.mobilitydatabase.org/mdb-375/latest.zip,deprecated,35.714045,35.831618,-78.896151,-78.719564777377
mdb-376,Chapel Hill Transit (CHT),,North Carolina,Orange County,http://data.trilliumtransit.com/gtfs/chapel-hill-transit-nc-us/chapel-hill-transit-nc-us.zip,https://files.mobilitydatabase.org/mdb-376/latest.zip,deprecated,35.8540611778005,36.087234,-79.111951,-78.996655130862
mdb-377,GoDurham,,North Carolina,Durham,http://data.trilliumtransit.com/gtfs/durham-area-transit-authority-nc-us/durham-area-transit-authority-nc-us.zip,https://files.mobilitydatabase.org/mdb-377/latest.zip,inactive,35.793469,36.101322,-78.996621,-78.70905
mdb-378,Duke University,,North Carolina,Durham,http://data.trilliumtransit.com/gtfs/duke-nc-us/duke-nc-us.zip,https://files.mobilitydatabase.org/mdb-378/latest.zip,inactive,35.978847,36.021022,-78.957851,-78.9037367360214
mdb-379,Pulaski Area Transit (PAT),,Virginia,Pulaski,https://ridesolutions.org/gtfs/pulaski-va-us.zip,https://files.mobilitydatabase.org/mdb-379/latest.zip,deprecated,37.0389235602136,37.0682116663451,-80.7822820685722,-80.7493873998037
mdb-380,Radford Transit,,Virginia,Radford City,https://passio3.com/radford/passioTransit/gtfs/google_transit.zip,https://files.mobilitydatabase.org/mdb-380/latest.zip,deprecated,37.095988614,37.23191,-80.6963474,-80.400214
mdb-381,Greater Lynchburg Transit Co.,,Virginia,,http://data.trilliumtransit.com/gtfs/gltc-lynchburg-va-us/gltc-lynchburg-va-us.zip,https://files.mobilitydatabase.org/mdb-381/latest.zip,active,37.3296770650843,37.46656895393001,-79.2499854699058,-79.085086434555
mdb-382,Harrisonburg Department of Public Transportation (HDPT),HDPT,Virginia,Harrisonburg,http://harrisonburgva.gov/sites/default/files/Transit/files/gtfs/google_transit_Working%20%281%29.zip,https://files.mobilitydatabase.org/mdb-382/latest.zip,inactive,38.403775,38.481533,-78.91079999999998,-78.8378
mdb-383,DowneyLINK,,California,Los Angeles County,https://raw.githubusercontent.com/LACMTA/los-angeles-regional-gtfs/main/downey-ca-us/downey-ca-us.zip,https://files.mobilitydatabase.org/mdb-383/latest.zip,inactive,33.9068190625008,33.9667896649685,-118.15607158901,-118.102802806934
mdb-384,"Indian Trails, Detroit Ann Arbor Express",,Illinois,Chicago,http://data.trilliumtransit.com/gtfs/indiantrails-mi-us/indiantrails-mi-us.zip,https://files.mobilitydatabase.org/mdb-384/latest.zip,inactive,41.604277,47.1269625,-92.1007644,-83.0584763
mdb-385,Springfield Mass Transit District (SMTD),,Illinois,Sangamon County,http://data.smtd.org/gtfs/smtd_gtfs_feed.zip,https://files.mobilitydatabase.org/mdb-385/latest.zip,active,39.706586,39.860092,-89.752394,-89.594535
mdb-386,Greater Peoria Mass Transit (CityLink),,Illinois,,http://data.trilliumtransit.com/gtfs/ridecitylink-il-us/ridecitylink-il-us.zip,https://files.mobilitydatabase.org/mdb-386/latest.zip,deprecated,40.5385321,40.925506,-89.694888,-89.4816969907029
mdb-387,Terre Haute Transit Utility,,Indiana,Terre Haute,http://data.trilliumtransit.com/gtfs/terrehautetransit-in-us/terrehautetransit-in-us.zip,https://files.mobilitydatabase.org/mdb-387/latest.zip,inactive,39.343986233746,39.52053,-87.45596161125194,-87.33167
mdb-388,Champaign Urbana Mass Transit District (MTD),,Illinois,Champaign County,http://developer.cumtd.com/gtfs/google_transit.zip,https://files.mobilitydatabase.org/mdb-388/latest.zip,deprecated,40.04806518554688,40.152786,-88.322875,-88.159994
mdb-389,Chicago Transit Authority (CTA),,Illinois,Cook County,http://www.transitchicago.com/downloads/sch_data/google_transit.zip,https://files.mobilitydatabase.org/mdb-389/latest.zip,active,41.64416542,42.073153,-87.90422307,-87.52570518
mdb-390,Pace Bus,,Illinois,,https://public.pacebus.com/gtfs/gtfs.zip,https://files.mobilitydatabase.org/mdb-390/latest.zip,deprecated,41.4039756,42.4574028,-88.6210093,-87.5226126
mdb-391,CityBus of Greater Lafayette Indiana (CityBus),,Indiana,Lafayette,https://bus.gocitybus.com/GTFSRT/citybus-lafayette-in-us.zip,https://files.mobilitydatabase.org/mdb-391/latest.zip,active,40.365249,40.480833268376,-86.962164,-86.804833
mdb-392,Beloit Transit,,Wisconsin,Janesville,http://data.trilliumtransit.com/gtfs/beloittransit-wi-us/beloittransit-wi-us.zip,https://files.mobilitydatabase.org/mdb-392/latest.zip,deprecated,42.4901036755054,42.7282899547465,-89.0706568739698,-88.9648258265126
mdb-393,Janesville Transit System,,Wisconsin,Janesville,http://data.trilliumtransit.com/gtfs/jts-wi-us/jts-wi-us.zip,https://files.mobilitydatabase.org/mdb-393/latest.zip,active,42.4970909,42.72933096,-89.065752,-88.962477
mdb-394,Metro Transit - City of Madison,,Wisconsin,Dane County,http://transitdata.cityofmadison.com/GTFS/mmt_gtfs.zip,https://files.mobilitydatabase.org/mdb-394/latest.zip,active,42.986706,43.198851,-89.563863,-89.206498
mdb-395,Ryde Racine,,Wisconsin,,http://data.trilliumtransit.com/gtfs/racine-wi-us/racine-wi-us.zip,https://files.mobilitydatabase.org/mdb-395/latest.zip,deprecated,42.68181,42.786498,-87.959563,-87.781806
mdb-396,Waukesha Metro Transit,,Wisconsin,Waukesha,http://data.trilliumtransit.com/gtfs/waukeshacounty-wi-us/waukeshacounty-wi-us.zip,https://files.mobilitydatabase.org/mdb-396/latest.zip,inactive,42.969112,43.071639,-88.279882,-88.01966103044569
mdb-397,GO Transit,,Wisconsin,Oshkosh,http://data.trilliumtransit.com/gtfs/oshkosh-wi-us/oshkosh-wi-us.zip,https://files.mobilitydatabase.org/mdb-397/latest.zip,active,43.981736,44.068347,-88.61613,-88.520451
mdb-398,Valley Transit (WI),,Wisconsin,Appleton,http://gis.appleton.org/DataDownload/google_transit.zip,,deprecated,,,,
mdb-399,Shoreline Metro,,Wisconsin,Sheboygan County,http://data.trilliumtransit.com/gtfs/sheboygan-wi-us/sheboygan-wi-us.zip,https://files.mobilitydatabase.org/mdb-399/latest.zip,active,43.70197264543341,43.7830422,-87.82449695,-87.70109301564207
mdb-400,The Rapid,,Michigan,Grand Rapids,http://connect.ridetherapid.org/InfoPoint/gtfs-zip.ashx,https://files.mobilitydatabase.org/mdb-400/latest.zip,active,42.8378740122,43.6924582128,-85.909981,-85.4799276402
mdb-401,Kalamazoo Metro Transit,,Michigan,,https://www.kmetro.com/sites/default/files/public/gtfs.zip,,deprecated,,,,
mdb-402,Capital Area Transportation Authority (CATA),,Michigan,Clinton County,http://developers.cata.org/gtfsdownload.ashx?key=5b4690ed-0a69-4320-897b-7d92def4b96f&data=base,https://files.mobilitydatabase.org/mdb-402/latest.zip,active,42.56702,42.774609,-84.630668,-84.173988
mdb-403,Greater Dayton Regional Transit Authority (Greater Dayton RTA),,Ohio,Montgomery County,http://proc.greaterdaytonrta.org/gtfs/google_transit.zip,https://files.mobilitydatabase.org/mdb-403/latest.zip,active,39.60158,39.92273,-84.330089,-84.05722
mdb-404,Central Ohio Transit Authority (COTA),,Ohio,Columbus,http://www.cota.com/data/cota.gtfs.zip,https://files.mobilitydatabase.org/mdb-404/latest.zip,active,39.829576,40.150506,-83.162651,-82.771722
mdb-405,National Park Service,Cuyahoga Valley Scenic Railroad,Ohio,Brecksville,http://nationalparkservice.github.io/nps-gtfs/cuva/scenic-rail/gtfs.zip,https://openmobilitydata-data.s3.us-west-1.amazonaws.com/public/feeds/national-park-service/618/20180602/gtfs.zip,inactive,,,,
mdb-406,Greater Cleveland Regional Transit Authority,,Ohio,Bay Village,http://www.riderta.com/sites/default/files/gtfs/latest/google_transit.zip,https://files.mobilitydatabase.org/mdb-406/latest.zip,active,41.283093,41.637051,-81.96736,-81.437811
mdb-407,Mountain Line Transit Authority,,West Virginia,Morgantown,http://site.busride.org/google/google_transit.zip,https://files.mobilitydatabase.org/mdb-407/latest.zip,active,39.33224485,40.49581962,-80.33817757,-79.83257174
mdb-408,Allegany County Transit,,Maryland,Cumberland,https://github.com/mobilityequity/maryland-local-gtfs/raw/master/Allegany_GTFS.zip,https://files.mobilitydatabase.org/mdb-408/latest.zip,inactive,39.480576,39.70507,-79.045373,-78.71361
mdb-409,Port Authority of Allegheny County,,Pennsylvania,Allegheny County,https://www.portauthority.org/developerresources/GTFS.zip,https://files.mobilitydatabase.org/mdb-409/latest.zip,active,40.273078,40.667597,-80.249117,-79.70545
mdb-410,Laketran,,Ohio,Lake County,http://data.trilliumtransit.com/gtfs/lakecounty-oh-us/lakecounty-oh-us.zip,https://files.mobilitydatabase.org/mdb-410/latest.zip,active,41.4976879356913,41.8418172245162,-81.7001491308301,-81.008756071851
mdb-411,Akron Metro Regional Transit Authority (METRO),,Ohio,Akron,https://www.akronmetro.org/Data/Sites/2/gtfs-data/akronmetrogtfs.zip,,deprecated,,,,
mdb-412,Erie Metropolitan Transit Authority,,Pennsylvania,Erie,http://data.trilliumtransit.com/gtfs/eriemta-pa-us/eriemta-pa-us.zip,https://files.mobilitydatabase.org/mdb-412/latest.zip,inactive,41.8719799,42.2198082,-80.368621,-79.6114721
mdb-413,Michigan Flyer,,Michigan,Ann Arbor,http://data.trilliumtransit.com/gtfs/michiganflyer-mi-us/michiganflyer-mi-us.zip,https://files.mobilitydatabase.org/mdb-413/latest.zip,inactive,42.2078480306562,42.7353459492649,-84.4802281279614,-83.0512473243844
mdb-414,Suburban Mobility Authority for Regional Transit (SMART),,Michigan,Allen Park,https://apps1.smartbus.org/gtfs/smart_gtfs.zip,https://files.mobilitydatabase.org/mdb-414/latest.zip,active,42.140933,42.707545,-83.539942,-82.754417
mdb-415,Ann Arbor Area Transportation Authority (TheRide),,Michigan,Washtenaw County,https://www.theride.org/sites/default/files/google/google_transit.zip,https://files.mobilitydatabase.org/mdb-415/latest.zip,active,42.189301,42.317717,-83.843184,-83.553267
mdb-416,University of Michigan Transit Services,,Michigan,Ann Arbor,http://ltp.umich.edu/gtfs/google_transit.zip,https://openmobilitydata-data.s3.us-west-1.amazonaws.com/public/feeds/university-of-michigan-parking-transportation-services/316/20220128/gtfs.zip,deprecated,,,,
mdb-417,Detroit People Mover,,Michigan,Detroit,https://www.detroitmi.gov/Portals/0/docs/deptoftransportation/pdfs/PeopleMoverGTFS.zip,https://files.mobilitydatabase.org/mdb-417/latest.zip,deprecated,,,,
mdb-418,Greater Attleboro Taunton Regional Transit Authority (GATRA),,Massachusetts,Taunton,http://data.trilliumtransit.com/gtfs/gatra-ma-us/gatra-ma-us.zip,https://files.mobilitydatabase.org/mdb-418/latest.zip,inactive,41.635806,42.1459583,-71.4065493,-70.539869
mdb-419,Vineyard Fast Ferry,,Massachusetts,Oak Bluffs,http://data.trilliumtransit.com/gtfs/vineyardfastferry-ri-us/vineyardfastferry-ri-us.zip,https://files.mobilitydatabase.org/mdb-419/latest.zip,future,41.4587850841284,41.5866697425203,-71.412781177771,-70.5543602749786
mdb-420,Martha's Vineyard Transit Authority,,Massachusetts,Oak Bluffs,http://data.trilliumtransit.com/gtfs/marthasvineyard-ma-us/marthasvineyard-ma-us.zip,https://files.mobilitydatabase.org/mdb-420/latest.zip,active,41.3235,41.48053,-70.83645,-70.51051
mdb-421,Southeastern Regional Transit Authority (SRTA),,Massachusetts,Fall River,http://data.trilliumtransit.com/gtfs/srta-ma-us/srta-ma-us.zip,https://files.mobilitydatabase.org/mdb-421/latest.zip,active,41.59679,41.762561,-71.219933,-70.663381
mdb-422,Brockton Area Transit Authority (BAT),,Massachusetts,Brockton,http://data.trilliumtransit.com/gtfs/brockton-ma-us/brockton-ma-us.zip,https://files.mobilitydatabase.org/mdb-422/latest.zip,active,41.984266,42.28443704836352,-71.14889667895477,-70.907489
mdb-423,Cuttyhunk Ferry Company,,Massachusetts,New Bedford,http://data.trilliumtransit.com/gtfs/cuttyhunkferryco-ma-us/cuttyhunkferryco-ma-us.zip,https://files.mobilitydatabase.org/mdb-423/latest.zip,inactive,41.4242219874925,41.6337519346306,-70.9230147120056,-70.9185246941147
mdb-424,Patriots Party Boats,,Massachusetts,Barnstable County,http://data.trilliumtransit.com/gtfs/patriotpartyboats-ma-us/patriotpartyboats-ma-us.zip,https://files.mobilitydatabase.org/mdb-424/latest.zip,active,41.458624579904296,41.543803470416975,-70.6070370790062,-70.55444968906016
mdb-425,Freedom Cruise Line,,Massachusetts,Harwich,http://data.trilliumtransit.com/gtfs/freedomcruiseline-ma-us/freedomcruiseline-ma-us.zip,https://files.mobilitydatabase.org/mdb-425/latest.zip,active,41.2847266932657,41.6674902432958,-70.0927389231024,-70.0595848080215
mdb-426,Nantucket Regional Transit Authority (WAVE),,Massachusetts,Nantucket,http://data.trilliumtransit.com/gtfs/nantucket-ma-us/nantucket-ma-us.zip,https://files.mobilitydatabase.org/mdb-426/latest.zip,active,41.24403,41.3009283,-70.20033,-69.96379
mdb-427,Hy-Line Cruises,,Massachusetts,Barnstable County,http://data.trilliumtransit.com/gtfs/hylinecruises-ma-us/hylinecruises-ma-us.zip,https://files.mobilitydatabase.org/mdb-427/latest.zip,active,41.28467680914491,41.6482986856447,-70.2791410502491,-70.09479684796906
mdb-428,The Current,,Vermont,,http://data.trilliumtransit.com/gtfs/crtransit-vt-us/crtransit-vt-us.zip,https://files.mobilitydatabase.org/mdb-428/latest.zip,deprecated,42.7664048,43.704185,-73.1980097605743,-72.227364677934
mdb-429,Franklin Regional Transit Authority (FRTA),,Massachusetts,Greenfield,https://data.trilliumtransit.com/gtfs/frta-ma-us/frta-ma-us.zip,https://files.mobilitydatabase.org/mdb-429/latest.zip,active,42.31766040815282,42.628084055240095,-72.8769354295876,-72.26271007200558
mdb-430,Marble Valley Regional Transit District (MVRTD),,Vermont,Addison County,http://data.trilliumtransit.com/gtfs/thebus-vt-us/thebus-vt-us.zip,https://files.mobilitydatabase.org/mdb-430/latest.zip,active,43.16363,44.01075486494261,-73.27599,-72.70519444
mdb-431,Massachusetts Area Express (MAX),,Massachusetts,,http://data.trilliumtransit.com/gtfs/truenorthtransit-ma-us/truenorthtransit-ma-us.zip,,deprecated,,,,
mdb-432,Worcester Regional Transit Authority (WRTA),,Massachusetts,Worcester,http://data.trilliumtransit.com/gtfs/wrta-ma-us/wrta-ma-us.zip,https://files.mobilitydatabase.org/mdb-432/latest.zip,inactive,42.027494,42.3554711,-72.1006973,-71.6415099
mdb-433,Montachusett Regional Transit Authority (MART),,Massachusetts,Worcester County,http://data.trilliumtransit.com/gtfs/montachusett-ma-us/montachusett-ma-us.zip,https://files.mobilitydatabase.org/mdb-433/latest.zip,active,42.261459,42.68395858,-72.31524171222229,-71.273123
mdb-434,MOOver,,New Hampshire,Hanover,http://data.trilliumtransit.com/gtfs/dvtamoover-vt-us/dvtamoover-vt-us.zip,https://files.mobilitydatabase.org/mdb-434/latest.zip,inactive,42.7664048,43.704185,-73.1980097605743,-72.227364677934
mdb-435,Bay State Cruise Company,,Massachusetts,Barnstable County,https://data.trilliumtransit.com/gtfs/baystatecruisecompany-ma-us/baystatecruisecompany-ma-us.zip,https://files.mobilitydatabase.org/mdb-435/latest.zip,future,42.0491174432191,42.35127954505255,-71.0397913869914,-70.1819217022952
mdb-436,Coach Company,,Massachusetts,Boston,http://data.trilliumtransit.com/gtfs/coachcompany-ma-us/coachcompany-ma-us.zip,https://files.mobilitydatabase.org/mdb-436/latest.zip,inactive,40.756546,43.086979,-73.991028,-70.803995
mdb-437,Massachusetts Bay Transportation Authority (MBTA),,Massachusetts,Arlington,https://cdn.mbta.com/MBTA_GTFS.zip,https://files.mobilitydatabase.org/mdb-437/latest.zip,active,41.581095,42.797837,-71.848488,-70.276583
mdb-438,LimoLiner,,Massachusetts,Framingham,http://data.trilliumtransit.com/gtfs/limoliner-ma-us/limoliner-ma-us.zip,https://files.mobilitydatabase.org/mdb-438/latest.zip,deprecated,42.29195,42.351074,-71.49106,-71.070511
mdb-439,MetroWest Regional Transit Authority (MWRTA),,Massachusetts,Middlesex County,http://vc.mwrta.com/gtfs/google_transit.zip,https://files.mobilitydatabase.org/mdb-439/latest.zip,active,42.0892478280811,42.4605326330979,-71.61249,-71.2431033696594
mdb-440,128 Business Council,,Massachusetts,Waltham,http://data.trilliumtransit.com/gtfs/route128corridor-ma-us/route128corridor-ma-us.zip,https://files.mobilitydatabase.org/mdb-440/latest.zip,inactive,42.294494670222,42.48272184,-71.2814072379742,-71.14260077
mdb-441,Massport,,Massachusetts,Boston,https://data.trilliumtransit.com/gtfs/massport-ma-us/massport-ma-us.zip,https://files.mobilitydatabase.org/mdb-441/latest.zip,active,42.217363,42.554906,-71.397808,-70.94143
mdb-442,Middlesex 3 TMA,,Massachusetts,Bedford,http://data.trilliumtransit.com/gtfs/middlesex-ma-us/middlesex-ma-us.zip,https://files.mobilitydatabase.org/mdb-442/latest.zip,active,42.36301568941759,42.530488,-71.277932,-71.05833180737494
mdb-443,Yankee Line,,Massachusetts,Acton,http://data.trilliumtransit.com/gtfs/yankeeline-ma-us/yankeeline-ma-us.zip,https://files.mobilitydatabase.org/mdb-443/latest.zip,active,42.349848,42.477762,-71.411371,-71.075101
mdb-444,Lowell Regional Transit Authority (LRTA),,Massachusetts,Middlesex County,http://data.trilliumtransit.com/gtfs/lowell-ma-us/lowell-ma-us.zip,https://files.mobilitydatabase.org/mdb-444/latest.zip,active,42.32705,42.699281,-71.46796401,-71.069276
mdb-445,Merrimack Valley Regional Transit Authority (MVRTA),,Massachusetts,Andover,http://data.trilliumtransit.com/gtfs/merrimackvalley-ma-us/merrimackvalley-ma-us.zip,https://files.mobilitydatabase.org/mdb-445/latest.zip,active,42.32720539487104,42.9102540306502,-71.313978406335,-70.8103630809593
mdb-446,Boston Harbor Islands Ferries,,Massachusetts,Boston,http://nationalparkservice.github.io/nps-gtfs/boha/ferries/gtfs.zip,https://openmobilitydata-data.s3.us-west-1.amazonaws.com/public/feeds/national-park-service/617/20180519/gtfs.zip,deprecated,,,,
mdb-447,Cape Ann Transportation Authority (CATA),,Massachusetts,Essex County,http://data.trilliumtransit.com/gtfs/capeann-ma-us/capeann-ma-us.zip,https://files.mobilitydatabase.org/mdb-447/latest.zip,active,42.539489238339485,42.68663764127053,-70.94377590441808,-70.5986306
mdb-448,Rural Community Transportation (RCT),,New Hampshire,Grafton County,http://data.trilliumtransit.com/gtfs/ruralcommunity-vt-us/ruralcommunity-vt-us.zip,https://files.mobilitydatabase.org/mdb-448/latest.zip,active,44.141096561202,45.004295166893,-73.29892,-71.740874
mdb-449,Stagecoach Transportation Services (STS),,Vermont,Randolph,http://data.trilliumtransit.com/gtfs/stagecoach-vt-us/stagecoach-vt-us.zip,https://files.mobilitydatabase.org/mdb-449/latest.zip,inactive,43.586506,44.2601842,-72.841917,-72.023504
mdb-450,Vermont Translines,,Vermont,Manchester,http://data.trilliumtransit.com/gtfs/vttranslines-vt-us/vttranslines-vt-us.zip,https://files.mobilitydatabase.org/mdb-450/latest.zip,active,42.64086949674723,44.59499685,-73.8091885,-72.27192866
mdb-451,Advance Transit (AT),,New Hampshire,Grafton County,http://whereismybus.advancetransit.com/GTFS/feed.zip,https://files.mobilitydatabase.org/mdb-451/latest.zip,inactive,43.6245117188,43.729133606,-72.343536377,-72.0132064819
mdb-452,Lakes Region Explorer,,Maine,Cumberland County,http://trilliumtransit.com/transit_feeds/rtp-me-us/rtp-me-us.zip,https://files.mobilitydatabase.org/mdb-452/latest.zip,active,43.6584,44.0533,-70.7135435945,-70.2595
mdb-453,South Portland,,Maine,Cumberland County,http://smttracker.com/downloads/gtfs/south-portland-me-us.zip,https://files.mobilitydatabase.org/mdb-453/latest.zip,deprecated,43.61424,43.657989,-70.357592,-70.230007
mdb-454,Greater Portland Metro Bus,,Maine,Cumberland County,http://smttracker.com/downloads/gtfs/greater-portland-me.zip,https://files.mobilitydatabase.org/mdb-454/latest.zip,deprecated,43.630787,43.913791,-70.448168,-69.96248
mdb-455,Envida,,Colorado,Colorado Springs,http://data.trilliumtransit.com/gtfs/dsi-co-us/dsi-co-us.zip,https://files.mobilitydatabase.org/mdb-455/latest.zip,active,38.826282,39.122175042447,-104.816347,-104.092275
mdb-456,Durango Transit,,Colorado,Durango,https://durangogov.org/DocumentCenter/View/17688/Durango-Transit-GTFS-Data,https://files.mobilitydatabase.org/mdb-456/latest.zip,active,37.2230341203223,37.322395,-107.913589921756,-107.820292927192
mdb-457,Dutchess County,,New York,Poughkeepsie,https://s3.amazonaws.com/datatools-511ny/public/Dutchess_County_Transit.zip,https://files.mobilitydatabase.org/mdb-457/latest.zip,active,41.4940071105957,42.05994415283203,-73.984619140625,-73.56646728515625
mdb-458,El Segundo Transportation,,California,El Segundo,http://data.trilliumtransit.com/gtfs/elsegundo-ca-us/elsegundo-ca-us.zip,https://files.mobilitydatabase.org/mdb-458/latest.zip,deprecated,33.9046426047857,33.9309324789624,-118.421993344071,-118.380819763092
mdb-459,Estes Transit,,Colorado,Estes Park,http://data.trilliumtransit.com/gtfs/estestransit-co-us/estestransit-co-us.zip,https://files.mobilitydatabase.org/mdb-459/latest.zip,future,40.34026649887783,40.40197,-105.586547,-105.48151550836091
mdb-460,Express Arrow,,Colorado,Denver County,http://mjcaction.com/MJC_GTFS_Public/expressarrow_google_transit.zip,https://files.mobilitydatabase.org/mdb-460/latest.zip,inactive,39.750401,45.790281,-109.060475,-95.899628
mdb-461,Farmville Area Bus,,Virginia,Prince Edward County,http://data.trilliumtransit.com/gtfs/farmville-va-us/farmville-va-us.zip,https://files.mobilitydatabase.org/mdb-461/latest.zip,active,37.0880984473502,37.31819061851742,-78.68117344957771,-78.33869271575425
mdb-462,Gallup Express,,New Mexico,Gallup,http://mjcaction.com/MJC_GTFS_Public/gallupexpress_google_transit.zip,https://files.mobilitydatabase.org/mdb-462/latest.zip,active,35.502151,35.628107,-108.836673,-108.606142
mdb-463,Greensville Emporia Transit,,Virginia,Emporia,http://data.trilliumtransit.com/gtfs/get-va-us/get-va-us.zip,https://files.mobilitydatabase.org/mdb-463/latest.zip,active,36.67775022,36.737667874695575,-77.56408460015398,-77.51618360996923
mdb-464,Detroit Department of Transportation (DDOT),,Michigan,Detroit,https://www.detroitmi.gov/Portals/0/docs/deptoftransportation/pdfs/ddot_gtfs.zip,https://files.mobilitydatabase.org/mdb-464/latest.zip,active,42.26179,42.473734,-83.33294,-82.911558
mdb-465,Niagara Frontier Transportation Authority (NFTA),,New York,Buffalo,http://www.nfta.com/metro/__googletransit/google_transit.zip,https://openmobilitydata-data.s3.us-west-1.amazonaws.com/public/feeds/niagara-frontier-transportation-authority/230/20231229/gtfs.zip,deprecated,,,,
mdb-466,Maryland Transit Administration,Local Bus,Maryland,Baltimore,https://mdotmta-gtfs.s3.amazonaws.com/mdotmta_gtfs_localbus.zip,https://files.mobilitydatabase.org/mdb-466/latest.zip,active,38.978294,39.496727,-76.889459,-76.379313
mdb-467,Maryland Transit Administration,Commuter Bus,Maryland,Annapolis,https://mdotmta-gtfs.s3.amazonaws.com/mdotmta_gtfs_commuterbus.zip,https://files.mobilitydatabase.org/mdb-467/latest.zip,active,38.349762,39.601879,-77.732109,-76.091627
mdb-468,Maryland Transit Administration,MARC Train,District of Columbia,Washington,https://mdotmta-gtfs.s3.amazonaws.com/mdotmta_gtfs_marc.zip,https://files.mobilitydatabase.org/mdb-468/latest.zip,active,38.899036,39.558112,-77.960739,-76.073792
mdb-469,Maryland Transit Administration,Light Rail,Maryland,Anne Arundel County,https://mdotmta-gtfs.s3.amazonaws.com/mdotmta_gtfs_lightrail.zip,https://files.mobilitydatabase.org/mdb-469/latest.zip,active,39.171692,39.496396,-76.673706,-76.616087
mdb-470,Maryland Transit Administration Metro Subway,Metro SubwayLink,Maryland,Baltimore,https://mdotmta-gtfs.s3.amazonaws.com/mdotmta_gtfs_metro.zip,https://files.mobilitydatabase.org/mdb-470/latest.zip,active,39.2893448080628,39.4081468,-76.7806846,-76.5941262481202
mdb-471,Capital Area Transit (GoRaleigh),,North Carolina,Raleigh,http://data.trilliumtransit.com/gtfs/capital-area-transit-nc-us/capital-area-transit-nc-us.zip,https://openmobilitydata-data.s3.us-west-1.amazonaws.com/public/feeds/go-raleigh/365/20231221/gtfs.zip,deprecated,,,,
mdb-472,Tar River Transit,,North Carolina,Nash County,http://data.trilliumtransit.com/gtfs/tarriver-nc-us/tarriver-nc-us.zip,https://files.mobilitydatabase.org/mdb-472/latest.zip,active,35.91651113417029,36.06269963548954,-77.89909933899753,-77.745024054245
mdb-473,Hampton Roads Transit (HRT),,Virginia,Smithfield,https://gtfs.gohrt.com/gtfs/google_transit.zip,https://files.mobilitydatabase.org/mdb-473/latest.zip,active,36.709858,37.286199,-76.708169,-75.972374
mdb-474,Williamsburg Area Transit Authority (WATA),,Virginia,James City County,http://www.gowata.org/DocumentCenter/View/500,https://files.mobilitydatabase.org/mdb-474/latest.zip,inactive,37.12041,37.41068,-76.82154,-76.456
mdb-475,Delmarva Community Transit,,Maryland,Cambridge,https://github.com/mobilityequity/maryland-local-gtfs/raw/master/Delmarva_GTFS.zip,https://files.mobilitydatabase.org/mdb-475/latest.zip,inactive,38.366366,39.281552,-76.23424,-75.596215
mdb-476,St. Mary's Transit System (STS),,Maryland,Leonardtown,https://github.com/mobilityequity/maryland-local-gtfs/raw/master/SM_GTFS.zip,https://files.mobilitydatabase.org/mdb-476/latest.zip,inactive,38.108913,38.500123,-76.832048,-76.365933
mdb-477,Prince George's County (The Bus),,Maryland,Prince George's County,https://data.trilliumtransit.com/gtfs/princegeorgescounty-md-us/princegeorgescounty-md-us.zip,https://files.mobilitydatabase.org/mdb-477/latest.zip,active,38.671639,39.09932,-77.008604,-76.717705
mdb-478,Virginia Railway Express (VRE),,District of Columbia,Washington,https://www.vre.org/gtfs/google_transit.zip,https://files.mobilitydatabase.org/mdb-478/latest.zip,deprecated,38.22099,38.89955,-77.52548,-77.00472
mdb-479,Charles County VanGo,,Maryland,La Plata,https://github.com/mobilityequity/maryland-local-gtfs/raw/master/Charles_GTFS.zip,https://files.mobilitydatabase.org/mdb-479/latest.zip,inactive,38.365716,38.676048,-77.220834,-76.772132
mdb-480,Calvert County Public Transportation,,Maryland,Chesapeake Beach,https://github.com/mobilityequity/maryland-local-gtfs/raw/master/Calvert_GTFS.zip,https://files.mobilitydatabase.org/mdb-480/latest.zip,inactive,38.322869,38.725993,-76.78077042,-76.406352
mdb-481,Potomac and Rappahannock Transportation Commission (PRTC),,Virginia,,http://www.prtctransit.org/feeds/google_transit.zip,https://files.mobilitydatabase.org/mdb-481/latest.zip,deprecated,38.215978,38.95909,-77.63731,-76.992485
mdb-482,Alexandria Transit Company (DASH),,Virginia,Alexandria,http://dashbus.com/google_transit.zip,https://files.mobilitydatabase.org/mdb-482/latest.zip,active,38.797661,38.869044,-77.142937,-77.040779
mdb-483,Fairfax Connector,,District of Columbia,Washington,https://www.fairfaxcounty.gov/connector/sites/connector/files/Assets/connector_gtfs.zip,https://files.mobilitydatabase.org/mdb-483/latest.zip,active,38.687795,39.027003,-77.465336,-77.02373
mdb-484,Fairfax CUE Bus (CUE),,Virginia,Fairfax,http://www.fairfaxva.gov/Home/ShowDocument?id=6713,https://openmobilitydata-data.s3.us-west-1.amazonaws.com/public/feeds/fairfax-cue/1042/20210319/gtfs.zip,deprecated,,,,
mdb-485,Arlington Transit,,Virginia,Arlington County,https://www.arlingtontransit.com/shared/content/gtfs/art/google_transit.zip,https://files.mobilitydatabase.org/mdb-485/latest.zip,active,38.839365,38.925147,-77.162277,-77.049105
mdb-486,DC Circulator,Service Discontinued,District of Columbia,Washington,https://extranet.ddot.dc.gov/ddot_data/gtfs/dc-circulator.zip,https://files.mobilitydatabase.org/mdb-486/latest.zip,deprecated,38.845883,38.928722,-77.071558,-76.975457
mdb-487,DC Streetcar,,District of Columbia,Washington,http://data.trilliumtransit.com/gtfs/dcstreetcar-dc-us/dcstreetcar-dc-us.zip,https://files.mobilitydatabase.org/mdb-487/latest.zip,deprecated,38.897421983202,38.90030625,-77.00466218,-76.9667291977875
mdb-488,Montgomery County Department of Transportation (Ride On),,Maryland,Montgomery County,https://www.montgomerycountymd.gov/DOT-Transit/Resources/Files/GTFS/RideOnGTFS.zip,https://files.mobilitydatabase.org/mdb-488/latest.zip,active,38.93569,39.288509,-77.418659,-76.930802
mdb-489,Regional Transportation Agency of Central Maryland (RTA),,Maryland,Anne Arundel County,http://data.trilliumtransit.com/gtfs/centralmarylandrta-md-us/centralmarylandrta-md-us.zip,https://files.mobilitydatabase.org/mdb-489/latest.zip,active,38.966646,39.29077,-76.919365,-76.240669
mdb-490,BWI Thurgood Marshall Airport (BWI) Shuttle,,Maryland,Anne Arundel County,https://github.com/mobilityequity/maryland-local-gtfs/raw/master/BWI_GTFS.zip,https://files.mobilitydatabase.org/mdb-490/latest.zip,inactive,39.1792093971593,39.1925816967402,-76.6942399031105,-76.658497
mdb-491,Annapolis Transit,,Maryland,,https://github.com/mobilityequity/maryland-local-gtfs/raw/master/Annapolis_GTFS.zip,https://files.mobilitydatabase.org/mdb-491/latest.zip,deprecated,38.92884,39.0486949672717,-76.5673055566884,-76.481211
mdb-492,Queen Anne's County Ride,,Maryland,Easton,https://github.com/mobilityequity/maryland-local-gtfs/raw/master/QA_GTFS.zip,https://files.mobilitydatabase.org/mdb-492/latest.zip,inactive,38.763999,39.046898,-76.543942,-76.055024
mdb-493,Charm City Circulator,,Maryland,Baltimore,https://github.com/mobilityequity/maryland-local-gtfs/raw/master/CCC_GTFS.zip,https://files.mobilitydatabase.org/mdb-493/latest.zip,inactive,39.265901,39.328029,-76.634951,-76.584145
mdb-494,Shore Transit,,Maryland,Wicomico County,https://github.com/mobilityequity/maryland-local-gtfs/raw/master/Shore_GTFS.zip,https://files.mobilitydatabase.org/mdb-494/latest.zip,inactive,37.977740882,38.455257807,-75.863656417,-75.088711755
mdb-495,Ocean City Transportation,,Maryland,Ocean City,https://github.com/mobilityequity/maryland-local-gtfs/raw/master/OC_GTFS.zip,https://files.mobilitydatabase.org/mdb-495/latest.zip,inactive,38.32724616,38.44946992,-75.10640766,-75.05239703
mdb-496,Peter Pan,,Massachusetts,Barnstable County,http://data.trilliumtransit.com/gtfs/peterpan-ma-us/peterpan-ma-us.zip,https://files.mobilitydatabase.org/mdb-496/latest.zip,inactive,38.89758,42.732892537699,-77.030038,-69.9736910800041
mdb-497,Washington County Transit,,Maryland,,https://github.com/mobilityequity/maryland-local-gtfs/raw/master/WC_GTFS.zip,https://files.mobilitydatabase.org/mdb-497/latest.zip,deprecated,39.5997022863592,39.719788562,-77.821214,-77.57312
mdb-498,Frederick County TransIT,,Maryland,Frederick County,https://maps.frederickcountymd.gov/google/google_transit.zip,https://files.mobilitydatabase.org/mdb-498/latest.zip,deprecated,39.27394213,39.70535974,-77.6651274148111,-77.3183056368857
mdb-499,Rabbit Transit,,Pennsylvania,York County,http://www.rabbittransit.org/infopoint/gtfs/google_transit.zip,https://files.mobilitydatabase.org/mdb-499/latest.zip,inactive,39.39941459,40.29388372,-77.27423287,-76.50190692
mdb-500,Carroll Transit System,,Maryland,Westminster,https://github.com/mobilityequity/maryland-local-gtfs/raw/master/Carroll_GTFS.zip,https://files.mobilitydatabase.org/mdb-500/latest.zip,inactive,39.364997,39.6641419422349,-77.176526,-76.8368470581853
mdb-501,Harford Transit LINK,,Maryland,Aberdeen,https://github.com/mobilityequity/maryland-local-gtfs/raw/master/Harford_GTFS.zip,https://files.mobilitydatabase.org/mdb-501/latest.zip,inactive,39.411194,39.596325,-76.369804,-76.004269
mdb-502,Southeastern Pennsylvania Transportation Authority (SEPTA),Bus,Delaware,New Castle County,https://www3.septa.org/developer/google_bus.zip,https://files.mobilitydatabase.org/mdb-502/latest.zip,active,39.803811,40.334014,-75.834693,-74.754202
mdb-503,Southeastern Pennsylvania Transportation Authority (SEPTA),Rail,Delaware,New Castle County,https://www3.septa.org/developer/google_rail.zip,https://files.mobilitydatabase.org/mdb-503/latest.zip,active,39.66969,40.30639,-75.76361,-74.75393
mdb-504,Cecil Transit,,Maryland,Elkton,https://github.com/mobilityequity/maryland-local-gtfs/raw/master/Cecil_GTFS.zip,https://files.mobilitydatabase.org/mdb-504/latest.zip,deprecated,39.549919,39.6832,-76.0763,-75.7435
mdb-505,PATCO Speedline,,Pennsylvania,Philadelphia,http://www.ridepatco.org/developers/PortAuthorityTransitCorporation.zip,https://files.mobilitydatabase.org/mdb-505/latest.zip,deprecated,39.833809,39.95531218795723,-75.167792,-75.000325
mdb-506,Lehigh and Northampton Transportation Authority (LANTA),,Pennsylvania,Allentown,https://github.com/LANTA-Transportation-Authority/GTFS-data/raw/master/lanta_gtfs_feed.zip,https://files.mobilitydatabase.org/mdb-506/latest.zip,inactive,40.527096,40.884444,-75.914081,-75.204932
mdb-507,Metropolitan Transit Authority (MTA),Long Island Rail Road,New York,Kings County,http://web.mta.info/developers/data/lirr/google_transit.zip,https://files.mobilitydatabase.org/mdb-507/latest.zip,active,40.5901817,41.09970991,-73.99358408,-71.95388103
mdb-508,New Jersey Transit (NJ Transit),Bus,New Jersey,Essex County,https://www.njtransit.com/bus_data.zip,https://files.mobilitydatabase.org/mdb-508/latest.zip,active,38.934548,41.254809,-75.52097,-73.939143
mdb-509,New Jersey Transit (NJ Transit),Rail,New Jersey,Essex County,https://www.njtransit.com/rail_data.zip,https://files.mobilitydatabase.org/mdb-509/latest.zip,active,39.363299,41.471784,-75.182327,-73.988331
mdb-510,Metropolitan Transit Authority (MTA),NYC Bus Company,New York,Bronx County,http://web.mta.info/developers/data/busco/google_transit.zip,https://files.mobilitydatabase.org/mdb-510/latest.zip,active,40.566123,40.933637,-74.016284,-73.702557
mdb-511,Metropolitan Transit Authority (MTA),NYC Subway Supplemented,New York,Bronx County,http://web.mta.info/developers/files/google_transit_supplemented.zip,https://files.mobilitydatabase.org/mdb-511/latest.zip,active,40.512764,40.903125,-74.251961,-73.755405
mdb-512,Metropolitan Transit Authority (MTA),Brooklyn Bus,New York,Kings County,http://web.mta.info/developers/data/nyct/bus/google_transit_brooklyn.zip,https://files.mobilitydatabase.org/mdb-512/latest.zip,active,40.572635,40.77535,-74.040876,-73.789588
mdb-513,Metropolitan Transit Authority (MTA),Manhattan Bus,New York,New York County,http://web.mta.info/developers/data/nyct/bus/google_transit_manhattan.zip,https://files.mobilitydatabase.org/mdb-513/latest.zip,active,40.701556,40.865166,-74.017384,-73.864375
mdb-514,Metropolitan Transit Authority (MTA),Staten Island Bus,New York,Richmond County,http://web.mta.info/developers/data/nyct/bus/google_transit_staten_island.zip,https://files.mobilitydatabase.org/mdb-514/latest.zip,active,40.502981,40.766314,-74.252016,-73.968693
mdb-515,NYC Ferry,,New York,Bronx County,http://nycferry.connexionz.net/rtt/public/utility/gtfs.aspx,https://files.mobilitydatabase.org/mdb-515/latest.zip,active,40.566157,40.805455,-74.074231,-73.76914
mdb-516,Metropolitan Transit Authority (MTA),NYC Subway,New York,Bronx County,http://web.mta.info/developers/data/nyct/subway/google_transit.zip,https://files.mobilitydatabase.org/mdb-516/latest.zip,active,40.512764,40.903125,-74.251961,-73.755405
mdb-517,Port Authority Trans-Hudson (PATH),,New Jersey,Jersey City,http://data.trilliumtransit.com/gtfs/path-nj-us/path-nj-us.zip,https://files.mobilitydatabase.org/mdb-517/latest.zip,active,40.7118,40.7495,-74.1649,-73.9876
mdb-518,Staten Island Ferry,,New York,New York County,http://www.nyc.gov/html/dot/downloads/misc/siferry-gtfs.zip,https://files.mobilitydatabase.org/mdb-518/latest.zip,active,40.644169,40.70136,-74.072201,-74.012666
mdb-519,Downtown Alliance,,New York,New York County,http://mjcaction.com/MJC_GTFS_Public/downtown_nyc_google_transit.zip,https://files.mobilitydatabase.org/mdb-519/latest.zip,active,40.70224,40.717259,-74.0180646256,-74.001689
mdb-520,Metropolitan Transit Authority (MTA),Queens Bus,New York,Queens County,http://web.mta.info/developers/data/nyct/bus/google_transit_queens.zip,https://files.mobilitydatabase.org/mdb-520/latest.zip,active,40.644892,40.842561,-73.987081,-73.701373
mdb-521,Nassau Inter-County Express (NICE Bus),,New York,Flower Hill,https://www.nicebus.com/NICE/media/nicebus-gtfs/NICE_GTFS.zip,https://files.mobilitydatabase.org/mdb-521/latest.zip,active,40.585956,40.863322,-73.829537,-73.408864
mdb-522,JFK Airtrain,,New York,Queens County,https://s3.amazonaws.com/datatools-511ny/public/Airtrain_JFK.zip,https://files.mobilitydatabase.org/mdb-522/latest.zip,inactive,40.642004,40.698942,-73.829638,-73.780067
mdb-523,Monroe County Transportation Authority (MCTA),,Pennsylvania,East Stroudsburg,https://www.gomcta.com/google_transit.zip,https://files.mobilitydatabase.org/mdb-523/latest.zip,inactive,40.9825553894,41.2190895081,-75.415588,-75.083481
mdb-524,"NY Waterway, Shore Line East, Metro-North Railroad, MNR Hudson Rail Link",,Connecticut,Ansonia,http://web.mta.info/developers/data/mnr/google_transit.zip,https://files.mobilitydatabase.org/mdb-524/latest.zip,active,40.752998,41.814722,-73.984528,-72.921747
mdb-525,NY Waterway,,New Jersey,Jersey City,https://s3.amazonaws.com/data.bytemark.co/nywaterway/nywaterway.zip,https://files.mobilitydatabase.org/mdb-525/latest.zip,inactive,40.433258,41.505781,-74.078826,-73.870225
mdb-526,Ulster County Area Transit,,New York,Ulster County,https://s3.amazonaws.com/datatools-511ny/public/UCAT_Ulster_County_Area_Transit.zip,https://files.mobilitydatabase.org/mdb-526/latest.zip,active,41.51816,42.14243,-74.50313,-73.92841
mdb-527,Westchester County Bee-Line System (WCDOT),,New York,,https://s3.amazonaws.com/datatools-511ny/public/Westchester_County_Bee-Line_System.zip,https://files.mobilitydatabase.org/mdb-527/latest.zip,deprecated,40.74128,41.421923,-73.989067,-73.659724
mdb-528,Metropolitan Transit Authority (MTA),Bronx Bus,New York,Bronx County,http://web.mta.info/developers/data/nyct/bus/google_transit_bronx.zip,https://files.mobilitydatabase.org/mdb-528/latest.zip,active,40.79965,40.912377,-73.955868,-73.783366
mdb-529,Norwalk Transit District,,Connecticut,Stamford,https://www.norwalktransit.com/s/GTFS_Data.zip,,deprecated,,,,
mdb-530,Greater Bridgeport Transit,,Connecticut,Bridgeport,http://data.trilliumtransit.com/gtfs/gbt-ct-us/gbt-ct-us.zip,https://files.mobilitydatabase.org/mdb-530/latest.zip,active,41.117939,41.320393,-73.415092,-73.032364
mdb-531,Access Allegany,,New York,Allegany County,https://s3.amazonaws.com/datatools-511ny/public/Access_Allegany.zip,https://files.mobilitydatabase.org/mdb-531/latest.zip,active,42.000082,42.462679,-78.467724,-77.764518
mdb-532,Hornell Area Transit,,New York,Hornell,https://s3.amazonaws.com/datatools-511ny/public/Hornell_Area_Transit.zip,https://files.mobilitydatabase.org/mdb-532/latest.zip,active,42.252687,42.567922,-77.794357,-77.317235
mdb-533,Rochester-Genesee Regional Transportation Authority (RGRTA),,New York,Monroe County,http://scheduledata.rgrta.com/google_transit.zip,https://files.mobilitydatabase.org/mdb-533/latest.zip,active,43.044569,43.25907,-77.759399,-76.99252
mdb-534,Centro,,New York,Syracuse,https://www.centro.org/CentroGTFS/CentroGTFS.zip,https://files.mobilitydatabase.org/mdb-534/latest.zip,active,42.441332,43.479595,-76.611471,-75.164526
mdb-535,Tompkins Consolidated Area Transit Inc,,New York,East Ithaca,https://s3.amazonaws.com/tcat-gtfs/tcat-ny-us.zip,https://files.mobilitydatabase.org/mdb-535/latest.zip,active,42.3279,42.59069,-76.677613,-76.281221
mdb-536,Chenango First Transit,,New York,Norwich,https://s3.amazonaws.com/datatools-511ny/public/Chenango_First_Transit.zip,https://files.mobilitydatabase.org/mdb-536/latest.zip,active,42.22937,42.739524,-75.783337,-75.331977
mdb-537,Berkshire Regional Transit Authority (BRTA),,Massachusetts,Pittsfield,http://data.trilliumtransit.com/gtfs/berkshire-ma-us/berkshire-ma-us.zip,https://files.mobilitydatabase.org/mdb-537/latest.zip,active,42.174175975919525,42.717058,-73.38091570133551,-72.600608
mdb-538,Capital District Transportation Authority (CDTA),,New York,Albany County,http://www.cdta.org/schedules/google_transit.zip,https://files.mobilitydatabase.org/mdb-538/latest.zip,active,42.467161,43.422089,-74.219321,-73.573049
mdb-539,Green Mountain Community Network (GMCN),,Massachusetts,Williamstown,http://data.trilliumtransit.com/gtfs/greenmtncn-vt-us/greenmtncn-vt-us.zip,https://files.mobilitydatabase.org/mdb-539/latest.zip,active,42.69514,43.18857,-73.247172,-72.85192913836568
mdb-540,Gloversville Transit Services,,New York,Fulton County,https://s3.amazonaws.com/datatools-511ny/public/Gloversville_Transit_Services.zip,https://files.mobilitydatabase.org/mdb-540/latest.zip,deprecated,42.935495,43.071231,-74.399364,-74.184569
mdb-541,City of Mechanicville Public Transit,,New York,City of Mechanicville,https://s3.amazonaws.com/datatools-511ny/public/City_of_Mechanicville_Public_Transit.zip,https://files.mobilitydatabase.org/mdb-541/latest.zip,active,42.896694,42.910148,-73.693199,-73.682921
mdb-542,Greater Glens Falls Transit,,New York,Saratoga Springs,https://s3.amazonaws.com/datatools-511ny/public/Greater_Glens_Falls_Transit_System.zip,,deprecated,,,,
mdb-543,Addison County Transit (ACTR),,Vermont,Middlebury,http://data.trilliumtransit.com/gtfs/addisoncounty-vt-us/addisoncounty-vt-us.zip,https://files.mobilitydatabase.org/mdb-543/latest.zip,inactive,43.607222,44.480452,-73.262769,-72.9503
mdb-544,Clinton County Public Transit (CCPT),,New York,Clinton County,https://s3.amazonaws.com/datatools-511ny/public/Clinton_County_Public_Transit.zip,https://files.mobilitydatabase.org/mdb-544/latest.zip,active,44.440456,45.002481,-73.913816,-73.363424
mdb-545,Franklin County Public Transportation,,New York,Malone,https://s3.amazonaws.com/datatools-511ny/public/Franklin_County_Public_Transportation.zip,https://files.mobilitydatabase.org/mdb-545/latest.zip,active,44.219766,44.989507,-74.567492,-73.468206
mdb-546,North Country Express Transit,,New York,Plattsburgh,https://s3.amazonaws.com/datatools-511ny/public/North_Country_Express.zip,https://files.mobilitydatabase.org/mdb-546/latest.zip,active,44.662523,44.933975,-74.989121,-73.435809
mdb-547,Lake Champlain Ferries,,New York,Clinton County,http://data.trilliumtransit.com/gtfs/lctferries-vt-us/lctferries-vt-us.zip,https://files.mobilitydatabase.org/mdb-547/latest.zip,active,44.301404212561,44.699028441487,-73.403367449566,-73.22120477250634
mdb-548,Suffolk County Transit,,New York,Amityville,https://www.suffolkcountyny.gov/Portals/0/formsdocs/publicworks/Zip/google_transit.zip,https://files.mobilitydatabase.org/mdb-548/latest.zip,inactive,40.623699,41.155227,-73.429017,-72.194203
mdb-549,Seastreak Ferry,,Massachusetts,New Bedford,http://seastreak.com/api/transit/google_transit.zip,https://files.mobilitydatabase.org/mdb-549/latest.zip,active,40.409395,41.815975,-74.078817,-70.096322
mdb-550,Shore Line East,,Connecticut,New Haven,http://www.shorelineeast.com/google_transit.zip,https://files.mobilitydatabase.org/mdb-550/latest.zip,inactive,40.753165,41.354158032583534,-73.977379,-72.0930764079094
mdb-551,Middletown Area Transit (MAT),,Connecticut,Berlin,http://data.trilliumtransit.com/gtfs/ninetown-connecticut-us/ninetown-connecticut-us.zip,https://files.mobilitydatabase.org/mdb-551/latest.zip,active,41.26143113595336,41.60872926547566,-72.809799,-72.0934518
mdb-552,Southeast Area Transit District,,Connecticut,,http://data.trilliumtransit.com/gtfs/seatbus-ct-us/seatbus-ct-us.zip,https://files.mobilitydatabase.org/mdb-552/latest.zip,deprecated,41.3099310659131,41.6137083625167,-72.210556,-71.8349448409511
mdb-553,Connecticut Transit,,Connecticut,Fairfield County,https://www.cttransit.com/sites/default/files/gtfs/googlect_transit.zip,https://files.mobilitydatabase.org/mdb-553/latest.zip,active,41.000207,42.02084,-73.773779,-71.794509
mdb-554,Block Island Ferry,,Massachusetts,Fall River,http://data.trilliumtransit.com/gtfs/blockislandferry-ri-us/blockislandferry-ri-us.zip,https://files.mobilitydatabase.org/mdb-554/latest.zip,active,41.17370448125912,41.70459204255202,-71.55667586293794,-71.16424722638703
mdb-555,DATTCO Motorcoach,,Massachusetts,New Bedford,http://data.trilliumtransit.com/gtfs/dattco-ma-us/dattco-ma-us.zip,https://files.mobilitydatabase.org/mdb-555/latest.zip,inactive,41.632089,42.350314,-71.075101,-70.91187
mdb-556,Plymouth & Brockton Street Railway Co,,Massachusetts,Barnstable,http://data.trilliumtransit.com/gtfs/plymouthbrockton-ma-us/plymouthbrockton-ma-us.zip,https://files.mobilitydatabase.org/mdb-556/latest.zip,active,41.52248663397503,42.365821,-71.05593552506,-70.279847
mdb-557,Hawai'i Mass Transit Agency (Hele-On Bus),,Hawaii,Hawai'i Island,http://www.heleonbus.org/transit-info-and-statistics/MTA_FEED4.zip,,deprecated,,,,
mdb-558,Huntington Park Express,,California,Los Angeles County,https://raw.githubusercontent.com/LACMTA/los-angeles-regional-gtfs/main/huntingtonpark-ca-us/huntingtonpark-ca-us.zip,https://files.mobilitydatabase.org/mdb-558/latest.zip,deprecated,33.9633554216803,33.9891364484214,-118.238692091684,-118.192457392484
mdb-559,Iowa City Transit System,,Iowa,Johnson County,http://data.trilliumtransit.com/gtfs/iowacitytransit-ia-us/iowacitytransit-ia-us.zip,https://files.mobilitydatabase.org/mdb-559/latest.zip,active,41.628025,41.68918934,-91.598839,-91.4688
mdb-560,Klamath Shuttle,,Oregon,Klamath County,https://oregon-gtfs.com/gtfs_data/klamathshuttle-or-us/klamathshuttle-or-us.zip,https://files.mobilitydatabase.org/mdb-560/latest.zip,inactive,42.225506,42.91113,-122.144812,-121.771952
mdb-562,City of Bell (La Campana),,California,Bell,http://data.trilliumtransit.com/gtfs/lacampana-ca-us/lacampana-ca-us.zip,https://files.mobilitydatabase.org/mdb-562/latest.zip,deprecated,33.9653511222492,33.9824536922432,-118.202539281078,-118.164965
mdb-563,La Puente LINK,,California,La Puente,http://data.trilliumtransit.com/gtfs/lapuente-ca-us/lapuente-ca-us.zip,https://files.mobilitydatabase.org/mdb-563/latest.zip,deprecated,34.0093465695576,34.0554403598575,-117.980788784323,-117.924657370715
mdb-564,RoadRUNNER Transit,,New Mexico,Las Cruces,http://mjcaction.com/MJC_GTFS_Public/lascrucesroadrunner_google_transit.zip,,deprecated,,,,
mdb-565,City of Las Vegas,,Nevada,Las Vegas,http://data.trilliumtransit.com/gtfs/lasvegasloop-nv-us/lasvegasloop-nv-us.zip,https://files.mobilitydatabase.org/mdb-565/latest.zip,inactive,36.14783250216431,36.17262843168905,-115.157172813709,-115.13942
mdb-566,Lewis County Public Transportation,,New York,Lewis County,https://s3.amazonaws.com/datatools-511ny/public/Lewis_County.zip,https://files.mobilitydatabase.org/mdb-566/latest.zip,active,43.076425,44.147359,-76.023384,-74.858814
mdb-567,L.E.W.I.S. Mountain Highway Transit,,Washington,Chehalis,http://data.trilliumtransit.com/gtfs/lmht-morton-us/lmht-morton-us.zip,https://files.mobilitydatabase.org/mdb-567/latest.zip,inactive,46.522289458157,46.7171997017871,-122.979824299701,-121.675902753039
mdb-568,Lower Columbia CAP (Community Action Program),,Washington,Cowlitz County,http://data.trilliumtransit.com/gtfs/lowercolumbiacap-wa-us/lowercolumbiacap-wa-us.zip,https://files.mobilitydatabase.org/mdb-568/latest.zip,active,45.6906915250296,46.283358015664014,-122.9345491047129,-122.66373300428032
mdb-569,Citibus,,Texas,Lubbock County,http://data.trilliumtransit.com/gtfs/lubbock-tx-us/lubbock-tx-us.zip,https://files.mobilitydatabase.org/mdb-569/latest.zip,active,33.51959212292779,33.61624480466659,-101.94836710850784,-101.79903922107276
mdb-570,Lynwood Trolley / Breeze,,California,Lynwood,https://raw.githubusercontent.com/LACMTA/los-angeles-regional-gtfs/main/lynwood-ca-us/lynwood-ca-us.zip,https://files.mobilitydatabase.org/mdb-570/latest.zip,inactive,33.9076946648605,33.9452214237674,-118.239279931577,-118.180320930699
mdb-571,Interurban Trolley,,Indiana,Elkhart County,http://macog.com/google/google_transit.zip,https://files.mobilitydatabase.org/mdb-571/latest.zip,active,41.22665,41.73996431,-86.251147,-85.789122
mdb-572,Madera County Transit,,California,Madera County,http://data.trilliumtransit.com/gtfs/maderactc-ca-us/maderactc-ca-us.zip,https://files.mobilitydatabase.org/mdb-572/latest.zip,active,36.8516460649093,37.338153445,-120.27610845245076,-119.49724359328462
mdb-573,Madison County Transit,,New York,Madison County,https://s3.amazonaws.com/datatools-511ny/public/Madison_Transit_Services.zip,https://files.mobilitydatabase.org/mdb-573/latest.zip,active,42.678322,43.155594,-75.969992,-75.389342
mdb-574,Makah Public Transit,,Washington,,http://mjcaction.com/MJC_GTFS_Public/makah_google_transit.zip,,deprecated,,,,
mdb-575,Metropolitan Transit Authority of Black Hawk County,,Iowa,Black Hawk County,http://mettransit.org/sites/default/files/MET_Transit_GTFS.zip,https://files.mobilitydatabase.org/mdb-575/latest.zip,deprecated,42.429376,42.539077,-92.473383,-92.298033
mdb-576,Middletown Area Transit,,Connecticut,,http://data.trilliumtransit.com/gtfs/middletown-ct-us/middletown-ct-us.zip,https://files.mobilitydatabase.org/mdb-576/latest.zip,deprecated,41.5034374574747,41.6087292654757,-72.809799,-72.4877517383079
mdb-577,Montebello Bus Lines,,California,,http://data.trilliumtransit.com/gtfs/montebello-ca-us/montebello-ca-us.zip,https://files.mobilitydatabase.org/mdb-577/latest.zip,deprecated,33.891737,34.1110781039375,-118.266356,-117.994749
mdb-578,Moorpark City Transit,,California,Ventura County,http://data.trilliumtransit.com/gtfs/moorparkcitytransit-ca-us/moorparkcitytransit-ca-us.zip,https://files.mobilitydatabase.org/mdb-578/latest.zip,active,34.26332,34.3020749386964,-118.90097,-118.835209
mdb-579,Morongo Basin Transit Authority,,California,San Bernardino County,http://data.trilliumtransit.com/gtfs/morongobasin-ca-us/morongobasin-ca-us.zip,https://files.mobilitydatabase.org/mdb-579/latest.zip,active,33.824092559338304,34.266281881282,-116.583611,-116.036132
mdb-580,Mount Adams Transportation Service,,Washington,Goldendale,http://data.trilliumtransit.com/gtfs/mountadams-wa-us/mountadams-wa-us.zip,https://files.mobilitydatabase.org/mdb-580/latest.zip,active,45.533467,46.593247,-122.650095,-119.102094
mdb-581,Mountain Express (MtnExp),,Colorado,Crested Butte,http://mjcaction.com/MJC_GTFS_Public/cb_mtnexpress_google_transit.zip,,active,,,,
mdb-582,North Central Regional Transit District (NCRTD),,New Mexico,Espanola,https://www.ncrtd.org/wp-content/uploads/2021/05/gtfs-5.12.21.zip,https://files.mobilitydatabase.org/mdb-582/latest.zip,inactive,35.000311,36.978963,-108.18002,-105.209957
mdb-583,Needles Area Transit,,California,Needles,http://data.trilliumtransit.com/gtfs/needles-ca-us/needles-ca-us.zip,https://files.mobilitydatabase.org/mdb-583/latest.zip,active,34.821873,34.851116701061,-114.62423844998,-114.595169
mdb-584,Newburgh Beacon Shuttle (Leprechaun Lines),,New York,Newburgh,https://s3.amazonaws.com/datatools-511ny/public/Newburgh_Beacon_Shuttle.zip,https://files.mobilitydatabase.org/mdb-584/latest.zip,inactive,41.498394,41.517948,-74.100904,-73.984502
mdb-585,South Shore Line,,Illinois,Cook County,http://www.mysouthshoreline.com/google/google_transit.zip,https://files.mobilitydatabase.org/mdb-585/latest.zip,active,41.597858,41.8841667,-87.6230556,-86.310951
mdb-586,Olean Area Transit System,,New York,Olean,https://s3.amazonaws.com/datatools-511ny/public/Olean_Area_Transit_System.zip,https://files.mobilitydatabase.org/mdb-586/latest.zip,active,42.065527495,42.1673,-78.766849,-78.41288
mdb-587,Omaha Metro,,Nebraska,Omaha,https://s3.amazonaws.com/omaha-metro/TrapezeExport/google_transit.zip,https://files.mobilitydatabase.org/mdb-587/latest.zip,deprecated,41.1405456595003,41.345776,-96.196039,-95.89996
mdb-588,Herkimer-Oneida Counties Transportation Study (HOCTS),,New York,Hamilton,https://s3.amazonaws.com/datatools-511ny/public/Oneida_County_Rural_Transit.zip,https://files.mobilitydatabase.org/mdb-588/latest.zip,inactive,42.307476,44.163689,-77.884659,-74.752197
mdb-589,Otsego Express Public Transportation,,New York,Otsego County,https://s3.amazonaws.com/datatools-511ny/public/Otsego_Express_Public_Transit.zip,https://files.mobilitydatabase.org/mdb-589/latest.zip,active,42.296663,42.883622,-75.414187,-74.673015
mdb-590,Let'er Bus,,Oregon,Umatilla County,https://oregon-gtfs.trilliumtransit.com/gtfs_data/pendleton-or-us/pendleton-or-us.zip,https://files.mobilitydatabase.org/mdb-590/latest.zip,active,45.64519954,45.6882390709885,-118.84461887029948,-118.749787195
mdb-591,Petersburg Area Transit,,Virginia,Petersburg,http://data.trilliumtransit.com/gtfs/petersburg-va-us/petersburg-va-us.zip,https://files.mobilitydatabase.org/mdb-591/latest.zip,active,37.14686977309548,37.540486538,-77.48743506635245,-77.27649874434216
mdb-592,Bloom Tours,,Massachusetts,,https://www.mass.gov/doc/bloom-tours-zip-file-6242015/download,https://files.mobilitydatabase.org/mdb-592/latest.zip,deprecated,41.900542,42.350794,-71.100949,-71.048179
mdb-593,Flixbus,,California,Los Angeles County,http://data.ndovloket.nl/flixbus/flixbus-us.zip,https://files.mobilitydatabase.org/mdb-593/latest.zip,inactive,25.7782,42.343998,-118.449001,-71.061576
mdb-594,Town of Mountain Village,,Colorado,Telluride,http://data.trilliumtransit.com/gtfs/mountainvillage-co-us/mountainvillage-co-us.zip,https://files.mobilitydatabase.org/mdb-594/latest.zip,inactive,37.93133,37.9506432287767,-107.881824,-107.807096797274
mdb-595,"Alcatraz Cruises - Hornblower, Angel Island Tiburon Ferry, Blue & Gold Fleet",,California,San Francisco,http://data.trilliumtransit.com/gtfs/bayareaferries-ca-us/bayareaferries-ca-us.zip,https://files.mobilitydatabase.org/mdb-595/latest.zip,inactive,37.795497,37.872939,-122.478275,-122.393365
mdb-596,San Juan Capistrano Free Weekend Trolley,,California,San Juan Capistrano,http://data.trilliumtransit.com/gtfs/sanjuancapistrano-ca-us/sanjuancapistrano-ca-us.zip,https://files.mobilitydatabase.org/mdb-596/latest.zip,deprecated,33.473604,33.507589,-117.685329157228,-117.662424646365
mdb-597,Connecticut Transit,Hartford Line - Rail,Connecticut,Hartford County,http://www.hartfordline.com/files/gtfs/gtfs.zip,https://files.mobilitydatabase.org/mdb-597/latest.zip,deprecated,41.29732995,42.1063349,-72.92619467,-72.5933969
mdb-599,City Coach,,California,Vacaville,http://data.trilliumtransit.com/gtfs/vacavillecitycoach-ca-us/vacavillecitycoach-ca-us.zip,https://files.mobilitydatabase.org/mdb-599/latest.zip,active,38.3251610568304,38.3967278636715,-122.007889801981,-121.933623069359
mdb-601,Logan Express,,Massachusetts,Boston,http://data.trilliumtransit.com/gtfs/loganexpress-ma-us/loganexpress-ma-us.zip,https://files.mobilitydatabase.org/mdb-601/latest.zip,inactive,42.21736,42.51759,-71.39341,-71.017076
mdb-602,Memphis Area Transit Authority,,Tennessee,Memphis,https://www.matatransit.com/assets/2/6/Memphis_TN_transitfeed2.zip,https://files.mobilitydatabase.org/mdb-602/latest.zip,deprecated,35.001607,35.269264,-90.127347,-89.754447
mdb-603,Town of Telluride,,Colorado,,http://data.trilliumtransit.com/gtfs/telluride-co-us/telluride-co-us.zip,https://files.mobilitydatabase.org/mdb-603/latest.zip,deprecated,37.692905,38.271465,-108.56765,-107.80002
mdb-604,Wahkiakum Ferry,,Washington,Longview,http://oregon-gtfs.com/gtfs_data/wahkiakumferry-or-us/wahkiakumferry-or-us.zip,,deprecated,,,,
mdb-605,Canby Ferry,,Oregon,Clackamas County,https://oregon-gtfs.trilliumtransit.com/gtfs_data/canbyferry-or-us/canbyferry-or-us.zip,https://files.mobilitydatabase.org/mdb-605/latest.zip,active,45.29898713857353,45.301065765415785,-122.6928285524031,-122.69263768117573
mdb-606,Get Around Town Express,,California,Los Angeles County,https://raw.githubusercontent.com/LACMTA/los-angeles-regional-gtfs/main/getaroundtownexpress-ca-us/getaroundtownexpress-ca-us.zip,https://files.mobilitydatabase.org/mdb-606/latest.zip,inactive,33.9159852759617,33.9592318964122,-118.225215727351,-118.163997470108
mdb-607,Home James,,Colorado,Winter Park,http://data.trilliumtransit.com/gtfs/homejames-co-us/homejames-co-us.zip,https://files.mobilitydatabase.org/mdb-607/latest.zip,active,39.8475614987303,40.2570157561979,-105.939539015688,-104.672864277409
mdb-608,WinTran,,Virginia,Frederick County,http://data.trilliumtransit.com/gtfs/wintran-va-us/wintran-va-us.zip,https://files.mobilitydatabase.org/mdb-608/latest.zip,active,39.035908,39.2084813977251,-78.268178,-78.143465090073
mdb-609,Glendora Transportation Division,,California,Los Angeles County,https://raw.githubusercontent.com/LACMTA/los-angeles-regional-gtfs/main/glendora-ca-us/glendora-ca-us.zip,https://files.mobilitydatabase.org/mdb-609/latest.zip,inactive,34.0833929992766,34.1468809776457,-117.89009,-117.838194
mdb-610,GoWal,,Florida,,https://data.trilliumtransit.com/gtfs/gowal-fl-us/gowal-fl-us.zip,https://files.mobilitydatabase.org/mdb-610/latest.zip,deprecated,30.3395255098718,30.722111,-86.1807470036327,-86.1105577
mdb-611,Graham Transit,,Virginia,Tazewell County,http://data.trilliumtransit.com/gtfs/grahamtransit-va-us/grahamtransit-va-us.zip,https://files.mobilitydatabase.org/mdb-611/latest.zip,active,37.23229343482193,37.30739476496546,-81.34600417376448,-81.23479626233434
mdb-612,Greeley-Evans Transit (GET),,Colorado,Greeley,https://nextcloud.greeleygov.com/index.php/s/yf5gysdomcLyCib/download,,deprecated,,,,
mdb-613,Greene County Transit,,New York,Catskill,https://s3.amazonaws.com/datatools-511ny/public/Greene_County_Transit.zip,https://files.mobilitydatabase.org/mdb-613/latest.zip,active,42.11024,42.453165,-74.435418,-73.778373
mdb-614,Groome Transportation (Greenride),,Wyoming,Laramie,https://data.trilliumtransit.com/gtfs/greenride-co-us/greenride-co-us.zip,https://files.mobilitydatabase.org/mdb-614/latest.zip,inactive,39.849751,41.319546,-105.671434,-104.672284
mdb-615,Greensboro Transit Authority (GTA),,North Carolina,Guilford County,https://app.mecatran.com/urb/ws/feed/c2l0ZT1ncmVlbnNib3JvO2NsaWVudD1zZWxmO2V4cGlyZT07dHlwZT1ndGZzO2tleT00ZDQ3MDYyMjNiNjI3ZjFmMTU1YzFiNGIxNTY0Mzg0ZDFjNzYyOTQy,https://files.mobilitydatabase.org/mdb-615/latest.zip,inactive,35.95732764,36.147221,-80.00782431,-79.725459
mdb-616,GTrans,,California,,http://data.trilliumtransit.com/gtfs/gtrans-ca-us/gtrans-ca-us.zip,https://files.mobilitydatabase.org/mdb-616/latest.zip,deprecated,33.789348268787,34.051940409636,-118.37830550252,-118.223107
mdb-617,Guadalupe Flyer,,California,Guadalupe,http://data.trilliumtransit.com/gtfs/guadalupeflyer-ca-us/guadalupeflyer-ca-us.zip,https://files.mobilitydatabase.org/mdb-617/latest.zip,active,34.946112429823,34.9711071914409,-120.58919104014171,-120.43050668825
mdb-618,Harbor Connector,,Maryland,Baltimore,http://data.trilliumtransit.com/gtfs/harborconnector-md-us/harborconnector-md-us.zip,https://files.mobilitydatabase.org/mdb-618/latest.zip,active,39.26628009354303,39.285809085,-76.611541105,-76.5740556363514
mdb-619,Turlock Transit,,California,Stanislaus County,http://data.trilliumtransit.com/gtfs/turlock-ca-us/turlock-ca-us.zip,https://files.mobilitydatabase.org/mdb-619/latest.zip,active,37.47806104475514,37.551548,-120.905695,-120.798131436002
mdb-620,Valparaiso Transit,,Indiana,Valparaiso,http://data.trilliumtransit.com/gtfs/valpotransit-chi-us/valpotransit-chi-us.zip,https://files.mobilitydatabase.org/mdb-620/latest.zip,active,41.4552612,41.886761,-87.635139,-87.0139127
mdb-621,Virginia Regional Transit,,Virginia,Orange,http://data.trilliumtransit.com/gtfs/vatransit-va-us/vatransit-va-us.zip,https://files.mobilitydatabase.org/mdb-621/latest.zip,active,38.02890707490374,39.150374633585216,-78.49983573799393,-77.561757
mdb-622,West Berkeley Shuttle,,California,Berkeley,http://data.trilliumtransit.com/gtfs/westberkeleyshuttle-ca-us/westberkeleyshuttle-ca-us.zip,https://files.mobilitydatabase.org/mdb-622/latest.zip,deprecated,37.8513586852571,37.859964149085,-122.295178114587,-122.270110040259
mdb-623,Go West Shuttle,,California,Los Angeles County,http://data.trilliumtransit.com/gtfs/westcovina-ca-us/westcovina-ca-us.zip,https://files.mobilitydatabase.org/mdb-623/latest.zip,inactive,34.0022032814329,34.0868832783108,-117.954219468385,-117.872601420076
mdb-624,Rhode Island Public Transit Authority,,Massachusetts,Bristol County,https://ripta.com/RIPTA-GTFS.zip,https://files.mobilitydatabase.org/mdb-624/latest.zip,active,41.373951,42.018803,-71.829808,-71.154292
mdb-625,Connect Transit,,Texas,Texas City,https://data.trilliumtransit.com/gtfs/gulfcoastcenter-tx-us/gulfcoastcenter-tx-us.zip,https://files.mobilitydatabase.org/mdb-625/latest.zip,inactive,28.9438134,29.5135344528876,-95.4648053214995,-94.89328642
mdb-626,Florida Department of Transportation (SunRail),,Florida,Orlando,https://corporate.sunrail.com/gtfs/google_transit.zip,https://files.mobilitydatabase.org/mdb-626/latest.zip,active,28.258907,29.01783,-81.484367,-81.298115
mdb-628,Union City Transit,,California,Union City,https://data.trilliumtransit.com/gtfs/unioncity-ca-us/unioncity-ca-us.zip,https://files.mobilitydatabase.org/mdb-628/latest.zip,inactive,37.567764,37.612185,-122.082768,-122.002866
mdb-629,Chittenden County Transportation Authority (CCTA),,Vermont,Addison County,http://data.trilliumtransit.com/gtfs/ccta-vt-us/ccta-vt-us.zip,https://files.mobilitydatabase.org/mdb-629/latest.zip,active,44.010319,44.99747,-73.29892,-72.02065
mdb-630,Citrus County Transit,,Florida,Lecanto,https://ftis.org/PostFileDownload.aspx?id=152A0,https://files.mobilitydatabase.org/mdb-630/latest.zip,deprecated,,,,
mdb-631,Advance Transit,,New Hampshire,Grafton County,http://data.trilliumtransit.com/gtfs/advancetransit-vt-us/advancetransit-vt-us.zip,https://files.mobilitydatabase.org/mdb-631/latest.zip,active,43.624711,43.7291705,-72.34355614,-72.0141935
mdb-632,Eastern Point,,Oregon,Deschutes County,https://oregon-gtfs.trilliumtransit.com/gtfs_data/easternpoint-or-us/easternpoint-or-us.zip,https://files.mobilitydatabase.org/mdb-632/latest.zip,inactive,43.54207602,44.058021435071,-121.301143956693,-116.951137
mdb-633,Valley Retriever Busline,,Oregon,Philomath,https://oregon-gtfs.trilliumtransit.com/gtfs_data/valleyretriever-or-us/valleyretriever-or-us.zip,https://files.mobilitydatabase.org/mdb-633/latest.zip,inactive,44.0579701022706,45.5280202718972,-124.0604784,-121.300789117813
mdb-634,Eugene to Coos Bay,,Oregon,Eugene,https://oregon-gtfs.trilliumtransit.com/gtfs_data/eugenetocoosbay-or-us/eugenetocoosbay-or-us.zip,https://files.mobilitydatabase.org/mdb-634/latest.zip,inactive,43.3690937400976,44.291248,-124.213689565659,-116.958099
mdb-635,HUT Airport Shuttle,,Oregon,Portland,http://oregon-gtfs.com/gtfs_data/hut-or-us/hut-or-us.zip,https://openmobilitydata-data.s3.us-west-1.amazonaws.com/public/feeds/hut-airport-shuttle/467/20190528/gtfs.zip,deprecated,,,,
mdb-636,High Desert Point,,Oregon,Redmond,http://oregon-gtfs.com/gtfs_data/highdesertpoint-or-us/highdesertpoint-or-us.zip,https://openmobilitydata-data.s3.us-west-1.amazonaws.com/public/feeds/tac-transportation/466/20190531/gtfs.zip,deprecated,,,,
mdb-637,SouthWest POINT,,Oregon,Cave Junction,https://oregon-gtfs.trilliumtransit.com/gtfs_data/southwestpoint-or-us/southwestpoint-or-us.zip,https://files.mobilitydatabase.org/mdb-637/latest.zip,inactive,41.75243,42.44289,-124.288308,-121.74456016694
mdb-638,NorthWest POINT,,Oregon,Clatsop County,https://oregon-gtfs.trilliumtransit.com/gtfs_data/northwestpoint-or-us/northwestpoint-or-us.zip,https://files.mobilitydatabase.org/mdb-638/latest.zip,inactive,45.510194773438,46.19021,-123.9618428,-122.676247358322
mdb-639,Cascade POINT,,Oregon,Eugene,https://oregon-gtfs.trilliumtransit.com/gtfs_data/cascadespoint-or-us/cascadespoint-or-us.zip,https://files.mobilitydatabase.org/mdb-639/latest.zip,inactive,44.0428,45.52899472,-123.102580956479,-122.5958316
mdb-640,Charlotte Area Transit System (CATS),,North Carolina,,https://openmobilitydata-data.s3.us-west-1.amazonaws.com/public/feeds/charlotte-area-transit-system/1252/20211104/gtfs.zip,https://files.mobilitydatabase.org/mdb-640/latest.zip,deprecated,34.927049,35.509161,-81.179888,-80.558109
mdb-644,RoadRunner,,Arizona,Flagstaff,http://data.trilliumtransit.com/gtfs/naipta-az-us/naipta-az-us.zip,https://files.mobilitydatabase.org/mdb-644/latest.zip,inactive,35.15968333,35.33031,-111.719754,-111.5733528
mdb-645,Cape Cod Regional Transportation Authority (Cape Cod RTA),,Massachusetts,Barnstable County,http://data.trilliumtransit.com/gtfs/capecod-ma-us/capecod-ma-us.zip,https://files.mobilitydatabase.org/mdb-645/latest.zip,active,41.52303,42.07937341328619,-70.669797,-69.961949
mdb-646,Tulare County Area Transit (TCAT),,California,Tulare,https://data.trilliumtransit.com/gtfs/tcrta-ca-us/tcrta-ca-us.zip,https://files.mobilitydatabase.org/mdb-646/latest.zip,active,35.7615691983434,36.607934505301685,-119.458444,-118.73699570532042
mdb-719,Muncie Indiana Transit System (MITS),,Indiana,Muncie,http://www.mitsbus.org/wp-content/uploads/2016/11/GTFS.zip,https://files.mobilitydatabase.org/mdb-719/latest.zip,inactive,40.154119,40.231927,-85.442719,-85.329372
mdb-798,Clemson Area Transit (CAT),,South Carolina,Clemson,http://data.trilliumtransit.com/gtfs/clemson-sc-us/clemson-sc-us.zip,https://files.mobilitydatabase.org/mdb-798/latest.zip,inactive,34.555187,34.7265552436914,-82.99781,-82.678375
mdb-799,Playa Vista Shuttle,,California,Los Angeles,http://data.trilliumtransit.com/gtfs/playavistashuttle-ca-us/playavistashuttle-ca-us.zip,https://files.mobilitydatabase.org/mdb-799/latest.zip,inactive,33.9667191271915,33.9852910271979,-118.465265246182,-118.396746861953
mdb-800,Oregon Department of Transportation,,Oregon,Josephine County,http://oregon-gtfs.trilliumtransit.com/gtfs_data/point-or-us/point-or-us.zip,https://files.mobilitydatabase.org/mdb-800/latest.zip,active,41.75243,46.19021,-124.49807801901277,-116.951137
mdb-801,Prairie Express Transit,,Colorado,Sterling,http://data.trilliumtransit.com/gtfs/prairieexpress-co-us/prairieexpress-co-us.zip,https://files.mobilitydatabase.org/mdb-801/latest.zip,active,40.610581818891575,40.64323953800178,-103.235552,-103.160681
mdb-802,Qline Detroit,,Michigan,Detroit,http://data.trilliumtransit.com/gtfs/qline-mi-us/qline-mi-us.zip,https://files.mobilitydatabase.org/mdb-802/latest.zip,inactive,42.32981,42.37061481997182,-83.07353246395562,-83.045533
mdb-803,Beach Cities Transit,,California,Redondo Beach,https://www.redondo.org/civicax/filebank/blobdload.aspx?BlobID=33555,,deprecated,,,,
mdb-804,Rensselaer County (Yankee Trails),,Vermont,Bennington,https://s3.amazonaws.com/datatools-511ny/public/Rensselaer_County_Yankee_Trails.zip,https://files.mobilitydatabase.org/mdb-804/latest.zip,active,42.64661,42.900842,-73.760394,-73.193216
mdb-805,RoadrunnerTransit,,Colorado,Bayfield,https://data.trilliumtransit.com/gtfs/roadrunnertransit-co-us/roadrunnertransit-co-us.zip,https://files.mobilitydatabase.org/mdb-805/latest.zip,active,37.10112200085737,37.272614173906,-107.883097315895,-107.586597082991
mdb-806,Rosemead Explorer,,California,Los Angeles County,https://raw.githubusercontent.com/LACMTA/los-angeles-regional-gtfs/main/rosemead-ca-us/rosemead-ca-us.zip,https://files.mobilitydatabase.org/mdb-806/latest.zip,inactive,34.036944,34.083874,-118.103673,-118.065028
mdb-807,Red Rose Transit Authority (RRTA),,Pennsylvania,Lancaster,https://github.com/transitland/gtfs-archives-not-hosted-elsewhere/raw/master/rrta.zip,,deprecated,,,,
mdb-808,Regional Transit Service Seneca (RTS Seneca),,New York,Seneca Falls,https://s3.amazonaws.com/datatools-511ny/public/RTS-Seneca.zip,https://files.mobilitydatabase.org/mdb-808/latest.zip,active,42.869132,42.921509,-76.986973,-76.782679
mdb-809,Regional Transit Service,,New York,Warsaw,https://s3.amazonaws.com/datatools-511ny/public/RTS-Wyoming.zip,https://files.mobilitydatabase.org/mdb-809/latest.zip,inactive,42.518328,43.01676,-78.487358,-77.998316
mdb-810,San Leandro Links,,California,San Leandro,http://data.trilliumtransit.com/gtfs/sanleandro-ca-us/sanleandro-ca-us.zip,https://files.mobilitydatabase.org/mdb-810/latest.zip,inactive,37.6934751076397,37.722197,-122.186366,-122.15255824133
mdb-811,San Miguel Authority for Regional Transportation (SMART),,Colorado,Telluride,http://data.trilliumtransit.com/gtfs/sanmiguel-co-us/sanmiguel-co-us.zip,https://files.mobilitydatabase.org/mdb-811/latest.zip,inactive,37.692905,38.271465,-108.56765,-107.80002
mdb-812,Santa Clarita Transit,,California,Santa Clarita,https://gitlab.com/LACMTA/gtfs_lax/-/archive/master/gtfs_lax-master.zip?path=santa_clarita,https://files.mobilitydatabase.org/mdb-812/latest.zip,active,,,,
mdb-813,Santa Ynez Valley Transit,,California,Santa Barbara County,http://mjcaction.com/MJC_GTFS_Public/syvt_google_transit.zip,https://files.mobilitydatabase.org/mdb-813/latest.zip,active,34.59586896,34.665449,-120.20517659,-120.077077
mdb-814,Schuyler County Transit,,New York,Montour Falls,https://s3.amazonaws.com/datatools-511ny/public/Schuyler_County_Public_Transit.zip,https://files.mobilitydatabase.org/mdb-814/latest.zip,inactive,42.090101,42.532266,-77.051169,-76.537371
mdb-815,Sonoma-Marin Area Rail Transit (SMART),,California,Marin County,http://data.trilliumtransit.com/gtfs/smart-ca-us/smart-ca-us.zip,https://files.mobilitydatabase.org/mdb-815/latest.zip,active,37.947804843,38.549136,-122.818517736,-122.512482504
mdb-816,Snoqualmie Valley Transportation,,Washington,Snoqualmie,https://data.trilliumtransit.com/gtfs/snoqualmie-wa-us/snoqualmie-wa-us.zip,https://files.mobilitydatabase.org/mdb-816/latest.zip,active,47.433198,47.868098,-122.0094309,-121.752252130978
mdb-817,South County Transit Link,,California,,http://data.trilliumtransit.com/gtfs/southcountytransitlink-ca-us/southcountytransitlink-ca-us.zip,https://files.mobilitydatabase.org/mdb-817/latest.zip,deprecated,38.133123,38.581806,-121.612919,-121.27221
mdb-818,Stark Area Regional Transit Authority (SARTA),,Ohio,Canton,https://github.com/transitland/gtfs-archives-not-hosted-elsewhere/raw/master/stark-area-regional-transit-authority.zip,,deprecated,,,,
mdb-819,STAR Transit,,Virginia,Exmore,http://data.trilliumtransit.com/gtfs/startransit-va-us/startransit-va-us.zip,https://files.mobilitydatabase.org/mdb-819/latest.zip,active,37.13260771098952,38.00088321809668,-76.02127257709914,-75.3605757430462
mdb-820,Summit Stage,,Colorado,Frisco,http://data.trilliumtransit.com/gtfs/summitstage-co-us/summitstage-co-us.zip,https://files.mobilitydatabase.org/mdb-820/latest.zip,active,39.221862,39.65959312176014,-106.302381,-105.871945
mdb-821,Taft Area Transit,,California,,http://data.trilliumtransit.com/gtfs/taft-ca-us/taft-ca-us.zip,https://files.mobilitydatabase.org/mdb-821/latest.zip,deprecated,35.0559093260118,35.150436610803,-119.465367621155,-119.398652723801
mdb-822,ruralTRANSIT,,Washington,Tenino,http://data.trilliumtransit.com/gtfs/thurston-wa-us/thurston-wa-us.zip,https://files.mobilitydatabase.org/mdb-822/latest.zip,active,46.7107682272312,47.01786,-123.17119543851084,-122.604546277302
mdb-823,Adirondack Trailways ADP,,New York,Tillson,https://s3.amazonaws.com/datatools-511ny/public/Trailways-ADP.zip,https://files.mobilitydatabase.org/mdb-823/latest.zip,active,40.75695,43.104084,-76.169169,-73.75135
mdb-824,Adirondack Trailways NYP,,New York,Syracuse,https://s3.amazonaws.com/datatools-511ny/public/Trailways-NYP.zip,https://files.mobilitydatabase.org/mdb-824/latest.zip,active,40.75695,43.162109,-78.871723,-73.9905
mdb-825,New York Trailways,,New York,Potsdam,https://s3.amazonaws.com/datatools-511ny/public/Trailways-NYT.zip,https://files.mobilitydatabase.org/mdb-825/latest.zip,inactive,42.0681,44.92327,-79.062414,-74.945455
mdb-826,Adirondack Trailways Pine Hill Trailways,,New York,Delhi,https://s3.amazonaws.com/datatools-511ny/public/Trailways-PHK.zip,https://files.mobilitydatabase.org/mdb-826/latest.zip,inactive,40.75695,43.104084,-75.223853,-73.724663
mdb-827,Teller Senior Coalition Transit (TSC Transit),,Colorado,Woodland Park,http://data.trilliumtransit.com/gtfs/tsctransit-co-us/tsctransit-co-us.zip,https://files.mobilitydatabase.org/mdb-827/latest.zip,active,38.93664978789411,39.0139569028692,-105.07536082847425,-105.01709266827798
mdb-828,Pony Express,,Virginia,Accomack County,http://data.trilliumtransit.com/gtfs/ponyexpress-va-us/ponyexpress-va-us.zip,https://files.mobilitydatabase.org/mdb-828/latest.zip,active,37.902379,37.943053,-75.405157,-75.352106
mdb-829,Sierra Madre Gateway Coach,,California,Sierra Madre,http://data.trilliumtransit.com/gtfs/sierramadre-ca-us/sierramadre-ca-us.zip,https://files.mobilitydatabase.org/mdb-829/latest.zip,deprecated,34.150285558358,34.1695312727436,-118.074908013661,-118.040285635729
mdb-830,Metro Ride,,Wisconsin,Marathon County,http://data.trilliumtransit.com/gtfs/wausau-wi-us/wausau-wi-us.zip,https://files.mobilitydatabase.org/mdb-830/latest.zip,active,44.930681890042365,45.0029636867689,-89.68125311151744,-89.59766209521625
mdb-831,Water Avenue Shuttle,,Oregon,Multnomah County,https://oregon-gtfs.trilliumtransit.com/gtfs_data/ceic-or-us/ceic-or-us.zip,https://files.mobilitydatabase.org/mdb-831/latest.zip,inactive,45.504399,45.5278280333969,-122.666230784074,-122.658678
mdb-832,RADAR,,Virginia,Clifton Forge,http://data.trilliumtransit.com/gtfs/radar-va-us/radar-va-us.zip,https://files.mobilitydatabase.org/mdb-832/latest.zip,active,36.626599049548034,37.82167518315667,-80.02160942172424,-79.346863
mdb-833,Wheatland Ferry,,Oregon,Marion County,https://oregon-gtfs.trilliumtransit.com/gtfs_data/wheatlandferry-or-us/wheatlandferry-or-us.zip,https://files.mobilitydatabase.org/mdb-833/latest.zip,active,45.08997382091897,45.090567883322905,-123.04626041367534,-123.0442246556226
mdb-834,Buena Vista Ferry,,Oregon,Marion County,https://oregon-gtfs.trilliumtransit.com/gtfs_data/buenavistaferry-or-us/buenavistaferry-or-us.zip,https://files.mobilitydatabase.org/mdb-834/latest.zip,active,44.769660454024944,44.77015394965163,-123.14718052551238,-123.14473862265896
mdb-835,Glenn Transit Service,,California,,http://data.trilliumtransit.com/gtfs/glenn-ca-us/glenn-ca-us.zip,https://files.mobilitydatabase.org/mdb-835/latest.zip,deprecated,39.51782777,39.75793214,-122.2184688,-121.842293097047
mdb-838,Jefferson Transit Authority,,Washington,Jefferson County,http://mjcaction.com/MJC_GTFS_Public/jefferson_google_transit.zip,https://files.mobilitydatabase.org/mdb-838/latest.zip,active,47.459067,48.136621,-124.422517,-122.4963
mdb-839,Santa Fe Trails,,New Mexico,Santa Fe,http://mjcaction.com/MJC_GTFS_Public/santafetrails_google_transit.zip,https://files.mobilitydatabase.org/mdb-839/latest.zip,active,35.585175,35.695048,-106.060987,-105.909732
mdb-846,Squaxin Island Transit,,Washington,,http://mjcaction.com/MJC_GTFS_Public/squaxintribe_google_transit.zip,https://files.mobilitydatabase.org/mdb-846/latest.zip,deprecated,47.006266,47.130232,-123.396838,-123.071315288543
mdb-850,Steuben Area Rides,,New York,Addison,https://s3.amazonaws.com/datatools-511ny/public/Steuben_Area_Rides.zip,https://files.mobilitydatabase.org/mdb-850/latest.zip,inactive,42.079788,42.567846,-77.590352,-77.107801
mdb-851,Steuben County Transit,,New York,Bath,https://s3.amazonaws.com/datatools-511ny/public/Steuben_County_Transit.zip,https://files.mobilitydatabase.org/mdb-851/latest.zip,active,42.090213,42.407978,-77.350403,-76.805978
mdb-852,Tri-Valley Transit,,New Hampshire,Hanover,http://data.trilliumtransit.com/gtfs/trivalleytransit-vt-us/trivalleytransit-vt-us.zip,https://files.mobilitydatabase.org/mdb-852/latest.zip,active,43.58636158067012,44.480722,-73.345019,-72.023504
mdb-870,Village of Cooperstown Trolly System,,New York,Cooperstown,https://s3.amazonaws.com/datatools-511ny/public/Village_of_Cooperstown_Trolley_System.zip,https://files.mobilitydatabase.org/mdb-870/latest.zip,inactive,42.68566,42.717453,-74.937091,-74.922994
mdb-871,Watertown Citibus,,New York,Watertown,https://s3.amazonaws.com/datatools-511ny/public/Watertown_Citibus.zip,https://files.mobilitydatabase.org/mdb-871/latest.zip,active,43.947218,43.994343,-75.962603,-75.880326
mdb-875,Yates Transit Service,,New York,Yates County,https://s3.amazonaws.com/datatools-511ny/public/Yates_Transit_Service.zip,https://files.mobilitydatabase.org/mdb-875/latest.zip,inactive,42.46298,42.869131,-77.484609,-76.91332
mdb-876,Lake County Connection,,Florida,,http://www.ftis.org/PostFileDownload.aspx?id=160A0,https://files.mobilitydatabase.org/mdb-876/latest.zip,deprecated,28.53219464,28.961701,-81.94832,-81.5897915092621
mdb-877,City of Tracy (TRACER),,California,Tracy,http://data.trilliumtransit.com/gtfs/tracy-ca-us/tracy-ca-us.zip,https://files.mobilitydatabase.org/mdb-877/latest.zip,inactive,37.696589,37.761837,-121.475665,-121.409294
mdb-878,Philomath Connection,,Oregon,Corvallis,http://oregon-gtfs.com/gtfs_data/philomathconnection-or-us/philomathconnection-or-us.zip,https://files.mobilitydatabase.org/mdb-878/latest.zip,deprecated,44.538819319,44.568894,-123.377022609,-123.263341
mdb-879,Garden of the Gods,,Colorado,Colorado Springs,http://data.trilliumtransit.com/gtfs/gardenofthegods-co-us/gardenofthegods-co-us.zip,https://files.mobilitydatabase.org/mdb-879/latest.zip,inactive,38.8735541951327,38.8788147871756,-104.878164075535,-104.870172349729
mdb-880,Boulder County,,Colorado,Boulder,http://data.trilliumtransit.com/gtfs/bouldercounty-co-us/bouldercounty-co-us.zip,https://files.mobilitydatabase.org/mdb-880/latest.zip,deprecated,39.951585,39.96231,-105.594805,-105.512979
mdb-882,Altavista Community Transit System,,Virginia,Altavista,http://data.trilliumtransit.com/gtfs/altavista-va-us/altavista-va-us.zip,https://files.mobilitydatabase.org/mdb-882/latest.zip,active,37.10984671770088,37.142327329712295,-79.30440380513733,-79.25079500761754
mdb-883,South Clackamas Transportation District,,Oregon,Clackamas County,https://oregon-gtfs.trilliumtransit.com/gtfs_data/sctd-or-us/sctd-or-us.zip,https://files.mobilitydatabase.org/mdb-883/latest.zip,active,45.13904694494411,45.32274907,-122.6915965,-122.5630179
mdb-885,Fort Worth Transit Authority,,Texas,Tarrant County,http://sched.ridetm.org/gtfs/fwtatransitdata.zip,https://files.mobilitydatabase.org/mdb-885/latest.zip,active,32.56348,32.965685,-97.47942,-97.038021
mdb-886,San Joaquin Regional Transit District (RTD),,California,Alameda County,http://sjrtd.com/RTD-GTFS/RTD-GTFS.zip,https://files.mobilitydatabase.org/mdb-886/latest.zip,active,37.7027898,38.5800621,-121.8978378,-120.994762
mdb-897,Tahoe Transportation District,,California,South Lake Tahoe,http://data.trilliumtransit.com/gtfs/tahoe-ca-us/tahoe-ca-us.zip,https://files.mobilitydatabase.org/mdb-897/latest.zip,active,38.89462,39.251813,-120.010116,-119.739893
mdb-899,Cortland County Public Transportation,,New York,Cortland,https://s3.amazonaws.com/datatools-511ny/public/Cortland_Transit.zip,https://files.mobilitydatabase.org/mdb-899/latest.zip,inactive,42.437604,42.747918,-76.482758,-75.896614
mdb-901,Williamsburg Area Transit Authority,,Virginia,James City County,http://data.trilliumtransit.com/gtfs/williamsburg-va-us/williamsburg-va-us.zip,https://files.mobilitydatabase.org/mdb-901/latest.zip,deprecated,37.12041,37.41068,-76.82154,-76.456
mdb-902,GRTC Transit System,,Virginia,Chesterfield County,https://github.com/transitland/gtfs-archives-not-hosted-elsewhere/raw/master/grtc.zip,https://files.mobilitydatabase.org/mdb-902/latest.zip,inactive,37.226432,37.663725,-77.655376,-77.302671
mdb-903,Asheville Rides Transit,,North Carolina,Asheville,http://data.trilliumtransit.com/gtfs/asheville-nc-us/asheville-nc-us.zip,https://files.mobilitydatabase.org/mdb-903/latest.zip,active,35.42469442568831,35.644076,-82.63259340902262,-82.31905903296857
mdb-905,Huntington Area Rapid Transit (HART),,New York,Huntington Station,https://s3.amazonaws.com/datatools-511ny/public/HART_Huntington_Area_Rapid_Transit.zip,https://files.mobilitydatabase.org/mdb-905/latest.zip,active,40.810878,40.901946,-73.461939,-73.291059
mdb-908,Portage Area Regional Transportation Authority (PARTA),,Ohio,,https://592f5f98-5029-425f-ac4d-0774faecf068.filesusr.com/archives/f64377_81ed397719364abbb0aa6a97a1dbf1c9.zip?dn=12_17google_transit.zip,https://files.mobilitydatabase.org/mdb-908/latest.zip,deprecated,41.0669159049735,41.514242,-81.695549606943,-81.0371718331358
mdb-910,Leprechaun Lines,,New York,Westchester County,https://s3.amazonaws.com/datatools-511ny/public/Leprechaun_Connection.zip,https://files.mobilitydatabase.org/mdb-910/latest.zip,active,41.01756,41.706467,-73.937671,-73.722478
mdb-911,Clarkstown MiniTrans,,New York,Nanuet,https://s3.amazonaws.com/datatools-511ny/public/Clarkstown_Mini_Trans.zip,https://files.mobilitydatabase.org/mdb-911/latest.zip,active,41.078817,41.184912,-74.031866,-73.928075
mdb-915,Lower Hudson Valley Transit,,New York,Nyack,https://s3.amazonaws.com/datatools-511ny/public/Hudson_Link.zip,https://files.mobilitydatabase.org/mdb-915/latest.zip,active,41.031132,41.116723,-74.152063,-73.763481
mdb-916,City of Long Beach Transportation,,New York,Long Beach,https://s3.amazonaws.com/datatools-511ny/public/City_of_Long_Beach.zip,https://files.mobilitydatabase.org/mdb-916/latest.zip,active,40.584023,40.593176,-73.701188,-73.577753
mdb-917,Green Bay Metro,,Wisconsin,Green Bay,https://github.com/transitland/gtfs-archives-not-hosted-elsewhere/raw/master/green-bay-wi-us.zip,https://files.mobilitydatabase.org/mdb-917/latest.zip,inactive,44.43842,44.547602,-88.109692,-87.922189
mdb-919,City of Lompoc Transit (COLT),,California,Lompoc,https://www.cityoflompoc.com/home/showdocument?id=29896,,deprecated,,,,
mdb-922,Western Reserve Transit Authority,,Ohio,Youngstown,https://github.com/transitland/gtfs-archives-not-hosted-elsewhere/raw/master/western-reserve-transit-authority.zip,https://files.mobilitydatabase.org/mdb-922/latest.zip,inactive,40.977121,41.279698,-80.857996,-80.576094
mdb-923,CyRide,,Iowa,Ames,https://www.cyride.net/gtf/gtfs.zip,https://files.mobilitydatabase.org/mdb-923/latest.zip,active,41.990134,42.056454,-93.695767,-93.607469
mdb-924,Transit Orange / Newburgh Local Transit,,New York,Newburgh,https://s3.amazonaws.com/datatools-511ny/public/Newburgh_Bus.zip,https://files.mobilitydatabase.org/mdb-924/latest.zip,inactive,41.430494,41.528003,-74.100724,-73.984367
mdb-926,Mass Transportation Authority Flint,,Michigan,,https://www.mtaflint.org/wp-content/media/stops.zip,https://files.mobilitydatabase.org/mdb-926/latest.zip,deprecated,42.89283808,43.12276565,-83.78563875,-83.5996040439
mdb-927,Sullivan County Transit,,New York,Monticello,https://s3.amazonaws.com/datatools-511ny/public/Sullivan_County.zip,https://files.mobilitydatabase.org/mdb-927/latest.zip,active,41.4776,41.932985,-75.0515,-74.43365
mdb-928,PART Putnam Area Rapid Transit,,New York,Putnam County,https://s3.amazonaws.com/datatools-511ny/public/PART_Putnam_Area_Rapid_Transit.zip,https://files.mobilitydatabase.org/mdb-928/latest.zip,active,41.3281,41.5167,-73.9844,-73.5366
mdb-931,Harney County,,Oregon,Burns,https://oregon-gtfs.trilliumtransit.com/gtfs_data/harneycounty-or-us/harneycounty-or-us.zip,https://files.mobilitydatabase.org/mdb-931/latest.zip,active,43.5420789176032,44.05804683265168,-121.30115964982086,-119.052277
mdb-932,Link Lane,,Oregon,Eugene,https://oregon-gtfs.trilliumtransit.com/gtfs_data/lcog-or-us/lcog-or-us.zip,https://files.mobilitydatabase.org/mdb-932/latest.zip,active,43.96633364585429,44.31164685034193,-124.11688334569952,-123.092641522
mdb-933,Mt. Bachelor,,Oregon,Deschutes County,https://oregon-gtfs.trilliumtransit.com/gtfs_data/mtbachelor-or-us/mtbachelor-or-us.zip,https://files.mobilitydatabase.org/mdb-933/latest.zip,inactive,44.003281,44.0503687550885,-121.678688,-121.326899132784
mdb-994,Commerce Municipal Bus Lines,,California,Bell,https://citycommbus.com/gtfs,https://files.mobilitydatabase.org/mdb-994/latest.zip,active,33.965568,34.063141,-118.264252,-118.127642
mdb-1053,Loudoun County Transit,,Virginia,Loudoun County,https://www.loudoun.gov/loudountransitgtfs,https://files.mobilitydatabase.org/mdb-1053/latest.zip,active,38.64678,39.411608,-77.63649,-77.008959
mdb-1060,Shreveport and Bossier City,,Louisiana,Bossier City,http://sportranbus.com/gtfs,https://files.mobilitydatabase.org/mdb-1060/latest.zip,active,32.381981,32.561997,-93.900225,-93.628643
mdb-1067,Roseville Transit,,California,Roseville,https://iportal.sacrt.com/gtfs/Roseville/google_transit.zip,https://files.mobilitydatabase.org/mdb-1067/latest.zip,active,38.572646,38.80784,-121.502812,-121.214224
mdb-1080,"Metro Transit, Intercity Transit, City of Seattle, Community Transit, Pierce Transit, Sound Transit, Washington State Ferries, SeattleCenterMonorail, Everett Transit, Seattle Children's Hospital",Puget Sound Consolidated GTFS,Washington,Arlington,https://gtfs.sound.obaweb.org/prod/gtfs_puget_sound_consolidated.zip,https://files.mobilitydatabase.org/mdb-1080/latest.zip,active,46.93304,48.59793,-123.01475,-121.601001
mdb-1087,Baca Area Transportation,,Colorado,Baca County,https://data.trilliumtransit.com/gtfs/bacacounty-co-us/bacacounty-co-us--flex-v2.zip,https://files.mobilitydatabase.org/mdb-1087/latest.zip,active,37.319377,37.319377,-102.560425,-102.560425
mdb-1109,Roosevelt Island Operating Corporation Tramway (RIOC Tramway),,New York,New York County,http://rapid.nationalrtap.org/GTFSFileManagement/UserUploadFiles/7707/gtfs.zip,https://files.mobilitydatabase.org/mdb-1109/latest.zip,deprecated,40.753414,40.768884,-73.964219,-73.942912
mdb-1110,Wave Transit,fixed route,North Carolina,Wilmington,https://www.wavetransit.com/gtransit/google_transit.zip,https://files.mobilitydatabase.org/mdb-1110/latest.zip,active,34.14164,34.251655,-77.949537,-77.828802
mdb-1118,Xpress,,Georgia,Atlanta,http://gamobility.info/GTFS/Google_Transit.zip,https://openmobilitydata-data.s3.us-west-1.amazonaws.com/public/feeds/grta/66/20230906/gtfs.zip,deprecated,,,,
mdb-1121,Knoxville Area Transit (KAT),,Tennessee,Knoxville,http://www.knoxvilletn.gov/UserFiles/Servers/Server_109478/File/KAT/gtfs-kat.zip,https://files.mobilitydatabase.org/mdb-1121/latest.zip,active,35.906341,36.044794,-84.103075,-83.839573
mdb-1126,Brightline Trains LLC,,Florida,Fort Lauderdale,http://feed.gobrightline.com/bl_gtfs.zip,https://files.mobilitydatabase.org/mdb-1126/latest.zip,active,25.779968,28.411698,-81.307619,-80.055359
mdb-1133,Altamont Corridor Express,,California,Alameda County,https://openmobilitydata-data.s3.us-west-1.amazonaws.com/public/feeds/altamont-corridor-express/823/20231227/gtfs.zip,https://files.mobilitydatabase.org/mdb-1133/latest.zip,deprecated,34.056205,38.584163,-122.353053,-118.236504
mdb-1140,Citilink,,Indiana,Fort Wayne,https://openmobilitydata-data.s3.us-west-1.amazonaws.com/public/feeds/fort-wayne-citilink/378/20161203/gtfs.zip,https://files.mobilitydatabase.org/mdb-1140/latest.zip,deprecated,41.006285,41.190369,-85.27113,-85.013817
mdb-1141,Dolores County,,Colorado,Dolores County,https://data.trilliumtransit.com/gtfs/dolorescounty-co-us/dolorescounty-co-us--flex-v2.zip,https://files.mobilitydatabase.org/mdb-1141/latest.zip,active,37.391704,37.763749,-108.905181,-107.925101
mdb-1143,I-RIDE Trolley (I-RIDE),,Florida,Orange County,https://buswhere.com/iridetrolley/gtfs/schedule,https://files.mobilitydatabase.org/mdb-1143/latest.zip,active,28.386124195064724,28.48581636001307,-81.48929715156555,-81.45022759999999
mdb-1145,Madison County Transit,,Illinois,Madison County,https://openmobilitydata-data.s3.us-west-1.amazonaws.com/public/feeds/madison-county-transit/1146/20220107/gtfs.zip,https://files.mobilitydatabase.org/mdb-1145/latest.zip,deprecated,38.624521,38.964669,-90.280942,-89.697
mdb-1148,Mountain Line,,Arizona,Flagstaff,https://openmobilitydata-data.s3.us-west-1.amazonaws.com/public/feeds/mountain-line/243/20240104/gtfs.zip,,deprecated,,,,
mdb-1156,Potomac and Rappahannock Transportation Commission (PRTC) Omniride,,Virginia,Prince William County,http://omniride.com/omniride/assets/File/google_transit.zip,https://files.mobilitydatabase.org/mdb-1156/latest.zip,active,38.216433,38.955684,-78.196524,-76.992485
mdb-1157,Sanford Trolley,,Florida,Sanford,https://openmobilitydata-data.s3.us-west-1.amazonaws.com/public/feeds/sanford-trolley/947/20210322/gtfs.zip,https://files.mobilitydatabase.org/mdb-1157/latest.zip,inactive,28.807973368798734,28.813954863341745,-81.298514,-81.25601599140168
mdb-1160,The JO,,Kansas,Lawrence,https://openmobilitydata-data.s3.us-west-1.amazonaws.com/public/feeds/the-jo/632/20160530/gtfs.zip,https://files.mobilitydatabase.org/mdb-1160/latest.zip,deprecated,38.9007720170609,38.9559226310118,-95.2634120264484,-94.7252041850774
mdb-1171,UTA,,Utah,,https://openmobilitydata-data.s3.us-west-1.amazonaws.com/public/feeds/utah-transportation-authority/59/20231215/gtfs.zip,https://files.mobilitydatabase.org/mdb-1171/latest.zip,deprecated,39.975518,41.528157,-112.304461,-111.577661
mdb-1178,Blue & Gold Fleet,,California,San Francisco,https://openmobilitydata-data.s3.us-west-1.amazonaws.com/public/feeds/blue-gold-fleet/824/20240104/gtfs.zip,https://files.mobilitydatabase.org/mdb-1178/latest.zip,inactive,37.662676,38.10127,-122.41209,-122.25692
mdb-1187,Metra,,Illinois,Cook County,https://openmobilitydata-data.s3.us-west-1.amazonaws.com/public/feeds/metra/169/20231221/gtfs.zip,https://files.mobilitydatabase.org/mdb-1187/latest.zip,deprecated,41.4183333,42.5858333,-88.6175,-87.5477778
mdb-1188,StarTran,,Nebraska,Lincoln,https://openmobilitydata-data.s3.us-west-1.amazonaws.com/public/feeds/startran/781/20201005/gtfs.zip,https://files.mobilitydatabase.org/mdb-1188/latest.zip,deprecated,40.7191025396787,40.8814743304285,-96.7955738344476,-96.5915007479686
mdb-1189,Blacksburg Transit,,Virginia,Montgomery County,http://www.bt4uclassic.org/gtfs/google_transit.zip,https://files.mobilitydatabase.org/mdb-1189/latest.zip,active,37.1264581159626,37.2560567197522,-80.4533697934967,-80.3523161010076
mdb-1190,Rock Region Metro,,Arkansas,,https://openmobilitydata-data.s3.us-west-1.amazonaws.com/public/feeds/central-arkansas-transit-authority/334/1419298391/gtfs.zip,https://files.mobilitydatabase.org/mdb-1190/latest.zip,deprecated,34.504759,34.903348,-92.497724,-92.115707
mdb-1195,Easy Ride Transportation,,Colorado,City and County of Broomfield,https://data.trilliumtransit.com/gtfs/broomfield-co-us/broomfield-co-us--flex-v2.zip,https://files.mobilitydatabase.org/mdb-1195/latest.zip,active,39.938612,39.938612,-105.044226,-105.044226
mdb-1197,The Comet,,South Carolina,,http://data.trilliumtransit.com/gtfs/thecomet-sc-us/thecomet-sc-us.zip,https://files.mobilitydatabase.org/mdb-1197/latest.zip,deprecated,33.83011,34.293952,-81.604142,-80.3393590826346
mdb-1198,Long Beach Transit (LBT),,California,Los Angeles County,https://drive.google.com/uc?export=download&id=1869EVa1z6m_iD6QmvRXyTHtYiaSUBROl,https://files.mobilitydatabase.org/mdb-1198/latest.zip,active,33.742939,34.069347,-118.447726,-118.063516
mdb-1203,Saint Maryʼs Transit System,,Maryland,,https://openmobilitydata-data.s3.us-west-1.amazonaws.com/public/feeds/saint-marys-transit-system/1147/20191014/gtfs.zip,https://files.mobilitydatabase.org/mdb-1203/latest.zip,deprecated,38.108913,38.500123,-76.832048,-76.365933
mdb-1207,Elevated Transit,,Utah,,https://openmobilitydata-data.s3.us-west-1.amazonaws.com/public/feeds/elevated-transit/609/20171230/gtfs.zip,https://files.mobilitydatabase.org/mdb-1207/latest.zip,deprecated,37.623984,40.78426,-112.102336,-109.343134
mdb-1210,"Los Angeles Department of Transportation (LADOT, DASH, Commuter Express)",Bus,California,Los Angeles County,https://ladotbus.com/gtfs,https://files.mobilitydatabase.org/mdb-1210/latest.zip,active,33.721601,34.323077,-118.88282900000002,-118.131748
mdb-1211,Santa Cruz Metro (SCMTD),,California,Santa Clara County,http://scmtd.com/google_transit/google_transit.zip,https://files.mobilitydatabase.org/mdb-1211/latest.zip,deprecated,36.90448,37.338436,-122.222061,-121.732437
mdb-1213,Epic Mountain Express,,Colorado,Glenwood Springs,https://data.trilliumtransit.com/gtfs/cme-co-us/cme-co-us.zip,https://files.mobilitydatabase.org/mdb-1213/latest.zip,active,39.18745,39.848793529552,-107.32773,-104.67285727756
mdb-1232,Pueblo Transit,Flex,Colorado,Pueblo County,https://data.trilliumtransit.com/gtfs/pueblo-co-us/pueblo-co-us--flex-v2.zip,https://files.mobilitydatabase.org/mdb-1232/latest.zip,active,38.21555474,38.33220087,-104.67448618260951,-104.5614035
mdb-1234,Pioneer Valley Transit Authority (PVTA),,Massachusetts,Hampden County,https://openmobilitydata-data.s3.us-west-1.amazonaws.com/public/feeds/massdot/104/20240104/gtfs.zip,https://files.mobilitydatabase.org/mdb-1234/latest.zip,deprecated,42.018114,42.477045,-72.796658,-71.795179
mdb-1235,Delaware Transit Corporation (DART First State),,Delaware,"Bear, Delaware",http://dartfirststate.com/RiderInfo/Routes/gtfs_data/dartfirststate_de_us.zip,https://files.mobilitydatabase.org/mdb-1235/latest.zip,active,38.455356,39.832812,-75.769633,-75.077004
mdb-1236,Centre County Transit Authority (CATA),CATABUS,Pennsylvania,Centre County,https://openmobilitydata-data.s3.us-west-1.amazonaws.com/public/feeds/catabus/536/20210630/gtfs.zip,https://files.mobilitydatabase.org/mdb-1236/latest.zip,deprecated,40.761013,40.84053,-77.94164999999998,-77.75423999999998
mdb-1237,IndyGo,,Indiana,Indianapolis,https://openmobilitydata-data.s3.us-west-1.amazonaws.com/public/feeds/indygo/210/20231206/gtfs.zip,https://files.mobilitydatabase.org/mdb-1237/latest.zip,inactive,39.628231,39.920356,-86.32687,-85.962211
mdb-1238,Connect Transit,,Illinois,Bloomington,https://openmobilitydata-data.s3.us-west-1.amazonaws.com/public/feeds/connect-transit/668/20190420/gtfs.zip,https://files.mobilitydatabase.org/mdb-1238/latest.zip,deprecated,40.44846874,40.53679758,-89.039767,-88.91076565
mdb-1239,Valley Metro,,Virginia,,http://data.trilliumtransit.com/gtfs/roanoke-va-us/roanoke-va-us.zip,https://files.mobilitydatabase.org/mdb-1239/latest.zip,deprecated,36.9201167889456,37.818521406721,-80.420858,-79.1570869088173
mdb-1240,Atomic City Transit,,New Mexico,Los Alamos County,https://gtfs.remix.com/act_los_alamos_nm_us.zip,https://files.mobilitydatabase.org/mdb-1240/latest.zip,active,35.816465,35.905342,-106.332453,-106.190867
mdb-1241,Mountain Metropolitan Transit,,Colorado,Colorado Springs,https://openmobilitydata-data.s3.us-west-1.amazonaws.com/public/feeds/mountain-metropolitan-transit/374/20170407/gtfs.zip,https://files.mobilitydatabase.org/mdb-1241/latest.zip,deprecated,,,,
mdb-1242,VIA Metropolitan Transit (VIA),,Texas,San Antonio,https://openmobilitydata-data.s3.us-west-1.amazonaws.com/public/feeds/via-metropolitan-transit/62/20240104/gtfs.zip,https://files.mobilitydatabase.org/mdb-1242/latest.zip,deprecated,29.27663,29.650497,-98.711,-98.306921
mdb-1243,County Connection (CCCTA),,California,Contra Costa County,https://openmobilitydata-data.s3.us-west-1.amazonaws.com/public/feeds/county-connection/222/20231222/gtfs.zip,https://files.mobilitydatabase.org/mdb-1243/latest.zip,deprecated,37.659113,38.019407,-122.194317,-121.778125
mdb-1244,Alameda-Contra Costa Transit District (AC Transit),,California,Alameda County,https://openmobilitydata-data.s3.us-west-1.amazonaws.com/public/feeds/ac-transit/1269/20231206/gtfs.zip,https://files.mobilitydatabase.org/mdb-1244/latest.zip,deprecated,37.409768,38.017813,-122.419082,-121.886829
mdb-1245,City of Glendale,,California,Los Angeles County,https://transitfeeds.com/p/city-of-glendale/628/latest/download,https://files.mobilitydatabase.org/mdb-1245/latest.zip,deprecated,34.123164,34.223555,-118.312149,-118.175199
mdb-1246,Santa Barbara Metropolitan Transit District (MTD),,California,Santa Barbara County,http://sbmtd.gov/google_transit/feed.zip,https://files.mobilitydatabase.org/mdb-1246/latest.zip,active,34.383217,34.454905,-119.905809,-119.480564
mdb-1247,Cities Area Transit,,North Dakota,Grand Forks,https://openmobilitydata-data.s3.us-west-1.amazonaws.com/public/feeds/cities-area-transit/834/20230929/gtfs.zip,https://files.mobilitydatabase.org/mdb-1247/latest.zip,deprecated,47.874921,47.94908,-97.109559,-97.010581
mdb-1248,Birmingham Jefferson County Transit Authority (MAX),,Alabama,,https://openmobilitydata-data.s3.us-west-1.amazonaws.com/public/feeds/birmingham-jefferson-county-transit-authority/683/20170404/gtfs.zip,https://files.mobilitydatabase.org/mdb-1248/latest.zip,deprecated,33.33396,33.66285,-87.00786,-86.67696
mdb-1254,Astoria Riverfront Trolley,,Oregon,Astoria,https://oregon-gtfs.trilliumtransit.com/gtfs_data/astoria-or-us/astoria-or-us.zip,https://files.mobilitydatabase.org/mdb-1254/latest.zip,future,46.18831385784847,46.1950828017295,-123.8533740665317,-123.798865697557
mdb-1279,Rochester City Lines,,Minnesota,Rochester,https://openmobilitydata-data.s3.us-west-1.amazonaws.com/public/feeds/rochester-city-lines/774/20161029/gtfs.zip,https://files.mobilitydatabase.org/mdb-1279/latest.zip,inactive,43.509117,44.9758836493634,-93.2730178534985,-91.690971
mdb-1280,Glendale Beeline,,California,Los Angeles County,https://openmobilitydata-data.s3.us-west-1.amazonaws.com/public/feeds/glendale-beeline/917/20210901/gtfs.zip,https://files.mobilitydatabase.org/mdb-1280/latest.zip,deprecated,34.123164,34.223555,-118.312149,-118.175199
mdb-1284,Shuttle Oregon,,Oregon,Portland,https://oregon-gtfs.trilliumtransit.com/gtfs_data/shuttleoregon-or-us/shuttleoregon-or-us.zip,https://files.mobilitydatabase.org/mdb-1284/latest.zip,inactive,44.05812,45.5890770264258,-123.028335,-120.830689
mdb-1285,MATBUS,,North Dakota,Cass County,https://openmobilitydata-data.s3.us-west-1.amazonaws.com/public/feeds/matbus/833/20221124/gtfs.zip,https://files.mobilitydatabase.org/mdb-1285/latest.zip,deprecated,46.802662,46.91984,-96.914784,-96.68326
mdb-1287,Brite,,Virginia,Bridgewater,http://britebus.org/gtfs/brite.zip,https://files.mobilitydatabase.org/mdb-1287/latest.zip,inactive,38.0087836420152,38.43645966,-79.10672235,-78.477320499
mdb-1288,VINE Transit,,California,American Canyon,https://data.trilliumtransit.com/gtfs/vinetransit-ca-us/vinetransit-ca-us.zip,https://files.mobilitydatabase.org/mdb-1288/latest.zip,active,37.925323,38.583539,-122.57968088935684,-122.041518688
mdb-1289,North Carolina State University (NCSU),,North Carolina,Raleigh,http://data.trilliumtransit.com/gtfs/ncsu-wolfline-nc-us/ncsu-wolfline-nc-us.zip,https://files.mobilitydatabase.org/mdb-1289/latest.zip,deprecated,35.7659454167,35.8023515275,-78.7167181595,-78.6637517487
mdb-1293,RIDE Sitka,,Alaska,Sitka,https://openmobilitydata-data.s3.us-west-1.amazonaws.com/public/feeds/ride-sitka/713/20180520/gtfs.zip,https://files.mobilitydatabase.org/mdb-1293/latest.zip,deprecated,57.033684,57.127718,-135.399641,-135.232633
mdb-1295,Yolo County Transportation District (Yolobus),,California,Woodland,http://www.yolobus.com/GTFS/google_transit.zip,https://files.mobilitydatabase.org/mdb-1295/latest.zip,inactive,38.534455659059,38.7358794943549,-122.142400683498,-121.452880290322
mdb-1296,Sacramento Regional Transit (SacRT),,California,,http://iportal.sacrt.com/GTFS/SRTD/google_transit.zip,https://files.mobilitydatabase.org/mdb-1296/latest.zip,deprecated,38.393313,38.722684,-121.764449,-121.092322
mdb-1299,Fredericksburg Regional Transit,,,,https://www.arcgis.com/sharing/rest/content/items/d1483daba66d43358e29682c91907817/data,https://files.mobilitydatabase.org/mdb-1299/latest.zip,deprecated,38.196454723000045,38.481478354000046,-77.59978806399994,-77.40054099699995
mdb-1304,Kitsap Transit,,Washington,Bainbridge Island,http://pride.kitsaptransit.com/gtfs/google_transit.zip,https://files.mobilitydatabase.org/mdb-1304/latest.zip,active,47.411738,47.854812,-122.85144,-122.338923
mdb-1308,Capital Trailways,,Alabama,Clarke County,https://openmobilitydata-data.s3.us-west-1.amazonaws.com/public/feeds/capital-trailways/819/20170314/gtfs.zip,https://files.mobilitydatabase.org/mdb-1308/latest.zip,deprecated,30.6705,33.208349,-88.1012,-87.0221
mdb-1309,Massachusetts Ferry Service,,Massachusetts,Boston,https://openmobilitydata-data.s3.us-west-1.amazonaws.com/public/feeds/massdot/109/1383138014/gtfs.zip,https://files.mobilitydatabase.org/mdb-1309/latest.zip,inactive,40.409099,42.52193,-74.006617,-70.05891
mdb-1312,Beaver County Transit Authority,,Pennsylvania,,https://openmobilitydata-data.s3.us-west-1.amazonaws.com/public/feeds/beaver-county-transit-authority/1154/20210315/gtfs.zip,https://files.mobilitydatabase.org/mdb-1312/latest.zip,deprecated,40.4382300638098,40.799899148935,-80.3831790616023,-79.9912694091361
mdb-1318,Milwaukee County Transit System (MCTS),,Wisconsin,,https://openmobilitydata-data.s3.us-west-1.amazonaws.com/public/feeds/milwaukee-county-transit-system/182/20231207/gtfs.zip,https://files.mobilitydatabase.org/mdb-1318/latest.zip,deprecated,42.8707516,43.189245,-88.0700638,-87.84947
mdb-1323,Tri Delta Transit,,California,Concord,https://openmobilitydata-data.s3.us-west-1.amazonaws.com/public/feeds/tri-delta-transit/1148/20200206/gtfs.zip,,deprecated,,,,
mdb-1324,JAUNT Inc,,Virginia,,https://e8vkzj229xs.exactdn.com/wp-content/uploads/2022/04/GTFS-4.11.2022.zip,,deprecated,,,,
mdb-1327,Quail Trail Public Transit,,Oregon,Klamath County,https://oregon-gtfs.trilliumtransit.com/gtfs_data/quailtrail-or-us/quailtrail-or-us.zip,https://files.mobilitydatabase.org/mdb-1327/latest.zip,active,42.2125556763755,42.5753023536265,-121.884455357671,-121.751838928835
mdb-1328,Virginia Breeze,,District of Columbia,Washington,https://data.trilliumtransit.com/gtfs/virginiabreeze-va-us/virginiabreeze-va-us.zip,https://files.mobilitydatabase.org/mdb-1328/latest.zip,inactive,36.5882325257619,38.956367,-82.1523,-77.006096
mdb-1330,King County Metro,,Washington,Bellevue,https://gtfs.sound.obaweb.org/prod/1_gtfs.zip,https://files.mobilitydatabase.org/mdb-1330/latest.zip,active,47.189117,47.865589,-122.506622,-121.785835
mdb-1331,Washington State Ferries,,Washington,Anacortes,https://gtfs.sound.obaweb.org/prod/95_gtfs.zip,https://files.mobilitydatabase.org/mdb-1331/latest.zip,active,47.30555,48.59793,-123.01475,-122.297
mdb-1332,Stanislaus Regional Transit Authority (StanRTA),,California,Alameda County,https://www.stanrta.org/DocumentCenter/View/609/preview-gtfs.zip,https://files.mobilitydatabase.org/mdb-1332/latest.zip,inactive,37.31121,37.954866,-121.898961,-120.74953
mdb-1784,Towson Loop,,Maryland,Baltimore County,https://passio3.com/towson/passioTransit/gtfs/google_transit.zip,https://files.mobilitydatabase.org/mdb-1784/latest.zip,active,39.383499805,39.411576961,-76.627403725,-76.576382763
mdb-1788,City of Wasco,,California,Wasco,https://gtfs.calitp.org/production/WascoDialaRideFlex.zip,https://files.mobilitydatabase.org/mdb-1788/latest.zip,development,,,,
mdb-1817,GoMonrovia,,California,Monrovia,https://gtfs.calitp.org/test/TestFlex1.zip,https://files.mobilitydatabase.org/mdb-1817/latest.zip,development,,,,
mdb-1818,City of Dixon,,California,Dixon,https://gtfs.calitp.org/test/TestFlex2.zip,https://files.mobilitydatabase.org/mdb-1818/latest.zip,development,,,,
mdb-1819,Anaheim Regional Transportation,,California,Anaheim,https://gtfs.calitp.org/test/TestFlex3.zip,https://files.mobilitydatabase.org/mdb-1819/latest.zip,development,,,,
mdb-1826,Bettendorf Transit,,Iowa,Bettendorf,https://data.trilliumtransit.com/gtfs/bettendorf-ia-us/bettendorf-ia-us.zip,https://files.mobilitydatabase.org/mdb-1826/latest.zip,active,41.506804,41.590145,-90.5227506354,-90.442645103154
mdb-1842,UCSC Transportation and Parking Services,,California,Santa Cruz,https://pinpointavl.com/TAPS-GTFS.zip,https://files.mobilitydatabase.org/mdb-1842/latest.zip,inactive,36.949341,36.999973,-122.0672,-122.051926
mdb-1846,Washington Metropolitan Area Transit Authority (WMATA),Bus,District of Columbia,Washington,https://api.wmata.com/gtfs/bus-gtfs-static.zip,https://files.mobilitydatabase.org/mdb-1846/latest.zip,active,38.694324,39.155708,-77.366043,-76.720314
mdb-1847,Washington Metropolitan Area Transit Authority (WMATA),Rail,District of Columbia,Washington,https://api.wmata.com/gtfs/rail-gtfs-static.zip,https://files.mobilitydatabase.org/mdb-1847/latest.zip,active,38.76620236,39.12042311,-77.49194154,-76.84419721
mdb-1861,Wave Transit,fixed route,North Carolina,Wilmington,https://drive.google.com/u/0/uc?id=18zwweT64NI5O_goGVc_h-OGTTShfiacG&export=download,https://files.mobilitydatabase.org/mdb-1861/latest.zip,deprecated,34.14164,34.2618992714626,-77.950425336174,-77.820091
mdb-1862,Wave Transit,UNCW Seahawk Shuttle,North Carolina,Wilmington,https://drive.google.com/u/0/uc?id=1w_7Ma9B9-aA-iBTWz3gxwGlORXPjppQ-&export=download,https://files.mobilitydatabase.org/mdb-1862/latest.zip,deprecated,34.142554,34.2514730532837,-77.8913032801956,-77.8608014018104
mdb-1867,"81 Connection, CityGo, KanConnect",,Kansas,Salina,https://salinacitygo.com/wp-content/uploads/2022/11/export-2022-11-30T10-18-07.zip,https://files.mobilitydatabase.org/mdb-1867/latest.zip,inactive,38.7835170104189,39.8233252041868,-97.7061520301019,-97.371845033005
mdb-1872,Clean Air Express,,California,Goleta,https://gtfs.calitp.org/production/CleanAirExpressFaresv2.zip,https://files.mobilitydatabase.org/mdb-1872/latest.zip,development,34.4193842989326,34.9019699004915,-120.459583997726,-119.685447220772
mdb-1905,National Park Service,Grand Canyon National Park - South Rim Shuttle,Arizona,Coconino County,https://nps.gov/external-resources/gtfs/grca/south-rim-shuttle-service.zip,https://files.mobilitydatabase.org/mdb-1905/latest.zip,active,36.04817,36.07327,-112.2103,-112.08343
mdb-1906,Cache Valley Transit District,,Utah,,https://cvtd.us:91/developer/googlefeed/google_transit.zip,,active,,,,
mdb-1923,Greenville Transit Authority (Greenlink),,South Carolina,Greenville County,https://greenlink.cadavl.com:5053/GTA/GTFS/GTFS_GTA.zip,https://files.mobilitydatabase.org/mdb-1923/latest.zip,deprecated,34.7048499,34.9249819,-82.464235,-82.232751
mdb-1958,Dartmouth College,,New Hampshire,Hanover,https://data.trilliumtransit.com/gtfs/dartmouth-vt-us/dartmouth-vt-us.zip,https://files.mobilitydatabase.org/mdb-1958/latest.zip,active,43.669899186438016,43.70807,-72.29457,-72.26261294758413
mdb-1971,Link Transit,,North Carolina,Alamance County,https://mylinktransit.org/gtfs,https://files.mobilitydatabase.org/mdb-1971/latest.zip,active,36.056412,36.119034,-79.548927,-79.270033
mdb-1972,Redding Area Bus Authority (RABA),,California,Butte County,https://hosted-gtfs-feeds.s3.amazonaws.com/RABA/gtfs.zip,https://files.mobilitydatabase.org/mdb-1972/latest.zip,deprecated,39.723457,40.937346,-122.590394,-121.606
mdb-1973,Athens Public Transit,,Ohio,Athens County,https://hosted-gtfs-feeds.s3.amazonaws.com/HAPCAP/gtfs.zip,https://files.mobilitydatabase.org/mdb-1973/latest.zip,inactive,39.223943,39.469958,-82.250627,-82.028
mdb-1974,Tri Delta Transit,,California,Contra Costa County,http://api.511.org/transit/datafeeds?operator_id=3D,https://files.mobilitydatabase.org/mdb-1974/latest.zip,active,37.918801,38.039856,-122.139478,-121.694028
mdb-1979,Mountain Line Transit,,Arizona,Coconino County,http://mountainline.syncromatics.com/gtfs,https://files.mobilitydatabase.org/mdb-1979/latest.zip,active,35.160293,35.330198,-111.710672,-111.573353
mdb-1983,Capital Area Transit (GoRaleigh),,North Carolina,,https://goraleigh.org/sites/default/files/gtfsexport.zip,https://files.mobilitydatabase.org/mdb-1983/latest.zip,deprecated,35.573104,35.990455,-78.80199,-78.323486
mdb-1986,Santa Rosa CityBus,,California,Santa Rosa,https://www.srcity.org/DocumentCenter/View/38683/Santa_Rosa_GTFS,https://files.mobilitydatabase.org/mdb-1986/latest.zip,deprecated,38.4018821716,38.4806671143,-122.769814,-122.653511
mdb-1999,Beach Cities Transit,,California,Los Angeles County,https://redondobeachbct.com/gtfs,https://files.mobilitydatabase.org/mdb-1999/latest.zip,active,33.816115,33.9523,-118.417662,-118.352699
mdb-2000,Red Rose Transit Authority (RRTA),,Pennsylvania,Elizabethtown,https://busfinder.redrosetransit.com/Infopoint/gtfs-zip.ashx,https://files.mobilitydatabase.org/mdb-2000/latest.zip,active,39.9714978343,40.18634,-76.642207,-75.9562961829
mdb-2001,Stark Area Regional Transit Authority (SARTA),,Ohio,Stark County,https://rapid.nationalrtap.org/GTFSFileManagement/UserUploadFiles/11346/gtfs.zip,https://files.mobilitydatabase.org/mdb-2001/latest.zip,active,40.720023,41.070599,-81.55966,-81.086724
mdb-2019,Rockford Mass Transit District,,Illinois,Rockford,https://dfef8f.p3cdn2.secureserver.net/wp-content/uploads/2023/08/RMTD_GTFS_AUGUST_2023.zip,https://files.mobilitydatabase.org/mdb-2019/latest.zip,inactive,42.194499,42.374801,-89.175862,-88.84164
mdb-2024,Ben Franklin Transit,,Washington,,http://realtime.bft.org/Static/google_transit.zip,https://files.mobilitydatabase.org/mdb-2024/latest.zip,deprecated,46.169261,46.350986,-119.78885,-119.044622
mdb-2025,Mountain View Transportation Management Association (MVgo),,California,Santa Clara County,https://mvgo.org/data/gtfs.zip,https://files.mobilitydatabase.org/mdb-2025/latest.zip,deprecated,37.387655512462,37.4314288965063,-122.111623478335,-122.047760594783
mdb-2026,Wave Transit,UNCW Seahawk Shuttle,North Carolina,New Hanover County,https://www.wavetransit.com/gtransit/google_transit_uncw.zip,https://files.mobilitydatabase.org/mdb-2026/latest.zip,inactive,34.1427973,34.25147305,-77.89130328,-77.8608014
mdb-2030,reLAXsan,,California,Los Angeles,https://relaxsan.s3.amazonaws.com/gtfs.zip,https://files.mobilitydatabase.org/mdb-2030/latest.zip,active,32.75406,33.945497,-118.4073707,-117.19854
mdb-2032,City of Winona MN - Winona Transit Service,,Minnesota,Winona,https://www.cityofwinona.com/DocumentCenter/View/4850/WinonaMN-TXT-GTFS-Feed,https://files.mobilitydatabase.org/mdb-2032/latest.zip,inactive,44.019137,44.072121,-91.714932,-91.608529
mdb-2035,Metro St. Louis,Loop Trolley,Missouri,St. Louis,https://files.looptrolley.com/google_transit.zip,https://files.mobilitydatabase.org/mdb-2035/latest.zip,inactive,38.644612,38.656478,-90.309414,-90.284448
mdb-2037,Brown County Heartland Express,Flex v2 included,Minnesota,New Ulm,https://data.trilliumtransit.com/gtfs/browncounty-mn-us/browncounty-mn-us--flex-v2.zip,https://files.mobilitydatabase.org/mdb-2037/latest.zip,active,44.28741495361129,44.3393958836996,-94.50656548281547,-94.43291134889424
mdb-2038,The Otter Express,Flex v2 included,Minnesota,Barnesville,https://data.trilliumtransit.com/gtfs/otterexpress-mn-us/otterexpress-mn-us--flex-v2.zip,https://files.mobilitydatabase.org/mdb-2038/latest.zip,active,46.26504432555926,46.65236220997883,-96.5883107286256,-95.57152642784416
mdb-2039,All Points Transit,Flex v2 included,Colorado,Montrose,https://data.trilliumtransit.com/gtfs/allpointstransit-co-us/allpointstransit-co-us--flex-v2.zip,https://files.mobilitydatabase.org/mdb-2039/latest.zip,active,37.9372925642184,38.75717342378207,-108.57209467590911,-107.670295
mdb-2040,Avon Transit,Flex v2 included,Colorado,Eagle County,https://data.trilliumtransit.com/gtfs/avon-co-us/avon-co-us--flex-v2.zip,https://files.mobilitydatabase.org/mdb-2040/latest.zip,deprecated,39.60389514864909,39.6581518,-106.5488191,-106.493414
mdb-2041,Blackhawk and Central City Tramway,Flex v2 included,Colorado,Black Hawk,https://data.trilliumtransit.com/gtfs/blackhawktramway-co-us/blackhawktramway-co-us--flex-v2.zip,https://files.mobilitydatabase.org/mdb-2041/latest.zip,active,39.798227,39.80218121726293,-105.512701992,-105.482782
mdb-2042,Cripple Creek Transportation,Flex v2 included,Colorado,Cripple Creek,https://data.trilliumtransit.com/gtfs/cripplecreek-co-us/cripplecreek-co-us--flex-v2.zip,https://files.mobilitydatabase.org/mdb-2042/latest.zip,active,38.710403,38.996448,-105.28805777677904,-104.82279798241508
mdb-2043,Discover Goodwill,Flex v2 included,Colorado,El Paso County,https://data.trilliumtransit.com/gtfs/discovergoodwill-co-us/discovergoodwill-co-us--flex-v2.zip,https://files.mobilitydatabase.org/mdb-2043/latest.zip,active,38.82466,38.8324314383508,-104.82168669334152,-104.525611
mdb-2044,Envida,Flex v2 included,Colorado,Colorado Springs,https://data.trilliumtransit.com/gtfs/dsi-co-us/dsi-co-us--flex-v2.zip,https://files.mobilitydatabase.org/mdb-2044/latest.zip,active,38.826282,39.122175042447,-104.816347,-104.092275
mdb-2045,ECO Transit,Flex v2 included,Colorado,Gypsum,https://data.trilliumtransit.com/gtfs/ecotransit-co-us/ecotransit-co-us--flex-v2.zip,https://files.mobilitydatabase.org/mdb-2045/latest.zip,active,39.2422533,39.6977981,-107.063881,-106.2909511
mdb-2046,El Paso Fountain Valley Senior Citizens Program Inc,Flex v2 included,Colorado,El Paso County,https://data.trilliumtransit.com/gtfs/elpaso-co-us/elpaso-co-us--flex-v2.zip,https://files.mobilitydatabase.org/mdb-2046/latest.zip,active,38.82466,38.82466,-104.525611,-104.525611
mdb-2047,Estes Transit,Flex v2 included,Colorado,Estes Park,https://data.trilliumtransit.com/gtfs/estestransit-co-us/estestransit-co-us--flex-v2.zip,https://files.mobilitydatabase.org/mdb-2047/latest.zip,future,40.34026649887783,40.40197,-105.586547,-105.48151550836091
mdb-2048,Gunnison Valley RTA,Flex v2 included,Colorado,Gunnison,https://data.trilliumtransit.com/gtfs/gunnisonvalleyrta-co-us/gunnisonvalleyrta-co-us--flex-v2.zip,https://files.mobilitydatabase.org/mdb-2048/latest.zip,active,38.548336,38.548336,-106.92543,-106.92543
mdb-2049,Prowers Area Transit,Flex v2 included,Colorado,Prowers County,https://data.trilliumtransit.com/gtfs/prowerscounty-co-us/prowerscounty-co-us--flex-v2.zip,https://files.mobilitydatabase.org/mdb-2049/latest.zip,active,37.956045,37.956045,-102.393384,-102.393384
mdb-2050,Town of Telluride,Flex v2 included,Colorado,Telluride,https://data.trilliumtransit.com/gtfs/sanmiguelcounty-co-us/sanmiguelcounty-co-us--flex-v2.zip,https://files.mobilitydatabase.org/mdb-2050/latest.zip,active,37.692905,38.480806741,-108.56765337629108,-107.74675687535178
mdb-2051,Steamboat Springs Transit,Flex v2 included,Colorado,Craig,https://data.trilliumtransit.com/gtfs/steamboatsprings-co-us/steamboatsprings-co-us--flex-v2.zip,https://files.mobilitydatabase.org/mdb-2051/latest.zip,active,40.4424808097658,40.5338701245765,-107.595681481064,-106.799471676349
mdb-2052,TSC Transit,Flex v2 included,Colorado,Woodland Park,https://data.trilliumtransit.com/gtfs/tsctransit-co-us/tsctransit-co-us--flex-v2.zip,https://files.mobilitydatabase.org/mdb-2052/latest.zip,active,38.93664978789411,39.0139569028692,-105.07536082847425,-105.01709266827798
mdb-2054,Regional Transportation District,Flex v2 included,Colorado,Denver County,https://www.rtd-denver.com/files/gtfs/google_transit_flex.zip,https://files.mobilitydatabase.org/mdb-2054/latest.zip,active,39.456877,40.206556,-105.584149,-104.669533
mdb-2059,Morro Bay Transit,,California,Morro Bay,https://www.morrobayca.gov/DocumentCenter/View/19231/Morro-Bay-GTFS-Data-Updated-20240510,https://files.mobilitydatabase.org/mdb-2059/latest.zip,inactive,35.346999,35.403477,-120.868689,-120.840761
mdb-2060,METRO Houston,,Texas,Harris County,https://metro.resourcespace.com/pages/download.php?ref=4835&ext=zip,https://files.mobilitydatabase.org/mdb-2060/latest.zip,active,29.528849,30.054341,-95.776249,-94.97971
mdb-2061,ECO Transit,,Colorado,Gypsum,https://cms5.revize.com/revize/eagle/zip%20download/GTFS.zip,https://files.mobilitydatabase.org/mdb-2061/latest.zip,inactive,39.242206,39.659156,-107.041539,-106.290938
mdb-2062,Embark,,Oklahoma,Bethany,https://mna.mecatran.com/utw/ws/gtfsfeed/static/okc?apiKey=6a3b186a334d1e3e064f42782f6002520e60394c,https://files.mobilitydatabase.org/mdb-2062/latest.zip,active,35.182978,35.66730054,-97.65618,-97.301051
mdb-2063,KU on Wheels & Lawrence Transit System,,Kansas,Douglas County,https://passio3.com/lawrencetransit/passioTransit/gtfs/google_transit.zip,https://files.mobilitydatabase.org/mdb-2063/latest.zip,inactive,38.924386994,39.003354809,-95.3326184,-95.18150225
mdb-2064,Berks Area Regional Transportation Authority (BARTA),,Pennsylvania,Berks County,https://busfinder.bartabus.com/InfoPoint/gtfs-zip.ashx,https://files.mobilitydatabase.org/mdb-2064/latest.zip,future,40.2538235326,40.5647832629,-76.1888396674,-75.7582301214
mdb-2065,Capital Area Transit System (CATS),,Louisiana,Baker,https://cats.rideralerts.com/InfoPoint/gtfs-zip.ashx,https://files.mobilitydatabase.org/mdb-2065/latest.zip,active,30.3463459,30.5881443,-91.199974,-91.000862
mdb-2066,Bloomington Transit,,Indiana,Bloomington,https://s3.amazonaws.com/etatransit.gtfs/bloomingtontransit.etaspot.net/gtfs.zip,https://files.mobilitydatabase.org/mdb-2066/latest.zip,active,39.121337890625,39.20846939086914,-86.59962463378906,-86.47177124023438
mdb-2067,Lextran,,Kentucky,Fayette County,https://mystop.lextran.com/InfoPoint/gtfs-zip.ashx,https://files.mobilitydatabase.org/mdb-2067/latest.zip,active,37.970649,38.11016,-84.604828,-84.405562
mdb-2068,Transit Authority of Northern Kentucky (TANK),,Kentucky,Kenton County,https://tank.rideralerts.com/InfoPoint/GTFS-Zip.ashx,https://files.mobilitydatabase.org/mdb-2068/latest.zip,active,38.970973,39.116476,-84.728164,-84.400794
mdb-2069,Valley Transit (WI),,Wisconsin,Outagamie County,https://ridemyvalleytransit.com/gtfs,https://files.mobilitydatabase.org/mdb-2069/latest.zip,active,44.15416,44.317273,-88.495233,-88.266131
mdb-2070,Kalamazoo Metro Transit,,Michigan,Kalamazoo County,https://www.kmetro.com/wp-content/uploads/gtfs.zip,https://files.mobilitydatabase.org/mdb-2070/latest.zip,inactive,42.1647109985,42.3328857422,-85.691186,-85.510246
mdb-2071,Akron Metro Regional Transit Authority (METRO),,Ohio,Akron,https://www.yourmetrobus.org/Data/Sites/2/gtfs-data/metro_rta_gtfs.zip,https://files.mobilitydatabase.org/mdb-2071/latest.zip,active,40.910604,41.514208,-81.697065,-81.383453
mdb-2072,University of Michigan Transit Services,,Michigan,Washtenaw County,https://webapps.fo.umich.edu/transit_uploads/google_transit.zip,https://files.mobilitydatabase.org/mdb-2072/latest.zip,active,42.264356,42.32114,-83.747545,-83.673986
mdb-2073,Boston Harbor Islands Ferries,,Massachusetts,Suffolk County,https://www.nps.gov/external-resources/gtfs/boha/thompson-island-ferry.zip,https://files.mobilitydatabase.org/mdb-2073/latest.zip,deprecated,42.31922,42.3432532,-71.0366207,-71.01011
mdb-2074,Capital Area Transit (GoRaleigh),,North Carolina,Knightdale,https://goraleigh.org/gr_gtfs,https://files.mobilitydatabase.org/mdb-2074/latest.zip,active,35.573104,35.975331,-78.80199,-78.323486
mdb-2075,RoadRUNNER Transit,,New Mexico,Doña Ana County,https://passio3.com/roadrunner/passioTransit/gtfs/google_transit.zip,https://files.mobilitydatabase.org/mdb-2075/latest.zip,active,32.27146,32.39043,-106.8156,-106.7011
mdb-2076,Greeley-Evans Transit (GET),,Colorado,Weld County,https://data.trilliumtransit.com/gtfs/greeleyevans-co-us/greeleyevans-co-us.zip,https://files.mobilitydatabase.org/mdb-2076/latest.zip,active,40.375996,40.581502,-105.085223,-104.67768
mdb-2079,Broome County Transit (B.C. Transit),,New York,Binghamton,https://www.gobroomecounty.com/sites/default/files/dept/transit/BCT_GTFS.zip,https://files.mobilitydatabase.org/mdb-2079/latest.zip,active,42.035993,42.168976,-76.091274,-75.80634
mdb-2080,Chatham Area Transit (CAT),,Georgia,Savannah,https://catchacat.org/wp-content/uploads/GTFS.zip,https://files.mobilitydatabase.org/mdb-2080/latest.zip,inactive,31.969336,32.220991,-81.283385,-80.958786
mdb-2081,Huntsville Shuttle,,Alabama,Huntsville,https://maps.huntsvilleal.gov/googletransit/google_transit.zip,https://files.mobilitydatabase.org/mdb-2081/latest.zip,active,34.612312,34.793232,-86.678083,-86.537425
mdb-2082,Chattanooga Area Regional Transportation Authority (CARTA),,Tennessee,Chattanooga,https://www.gocarta.org/wp-content/uploads/2024/01/GTFS.zip,https://files.mobilitydatabase.org/mdb-2082/latest.zip,inactive,34.984097,35.13858,-85.33328,-85.127349
mdb-2083,The Jule,,Iowa,Dubuque County,https://myride.cityofdubuque.org/gtfs/google_transit.zip,https://files.mobilitydatabase.org/mdb-2083/latest.zip,active,42.47547,42.571379,-90.775579,-90.644738
mdb-2122,Ben Franklin Transit,,Washington,Benton City,https://myride.bft.org/Static/google_transit.zip,https://files.mobilitydatabase.org/mdb-2122/latest.zip,active,46.176783,46.350986,-119.78885,-119.044622
mdb-2127,Milwaukee County Transit System (MCTS),,Wisconsin,Milwaukee County,https://kamino.mcts.org/gtfs/google_transit.zip,https://files.mobilitydatabase.org/mdb-2127/latest.zip,inactive,42.8707516,43.189245,-88.0700638,-87.84947
mdb-2135,El Dorado Transit Agency,El Dorado County Transit Authority,California,El Dorado County,https://data.trilliumtransit.com/gtfs/eldoradotransit-ca-us/eldoradotransit-ca-us.zip,https://files.mobilitydatabase.org/mdb-2135/latest.zip,active,38.551646,38.957753,-121.502804,-119.942393
mdb-2136,Elk Grove Transit,,California,Sacramento,https://elkgrovetransit.com/gtfs,https://files.mobilitydatabase.org/mdb-2136/latest.zip,inactive,38.378867,38.5814,-121.504575,-121.321886
mdb-2137,Sacramento Regional Transit (SacRT),,California,Sacramento County,https://www.sacrt.com/wp-content/uploads/google_transit.zip,https://files.mobilitydatabase.org/mdb-2137/latest.zip,inactive,38.393313,38.722684,-121.764449,-121.092322
mdb-2146,Albany Transit System,,Georgia,Albany,https://rapid.nationalrtap.org/GTFSFileManagement/UserUploadFiles/11834/ats_albany_ga_us(2).zip,https://files.mobilitydatabase.org/mdb-2146/latest.zip,inactive,31.531277,31.619913,-84.225708,-84.053348
mdb-2149,BurbankBus,,California,Burbank,https://rideburbankbus.com/gtfs,https://files.mobilitydatabase.org/mdb-2149/latest.zip,active,34.138588,34.195688,-118.375298,-118.311952
mdb-2156,Adams County,Flex,Colorado,Adams County,https://data.trilliumtransit.com/gtfs/adamscounty-co-us/adamscounty-co-us--flex-v2.zip,https://files.mobilitydatabase.org/mdb-2156/latest.zip,active,39.869592,39.869592,-104.33786,-104.33786
mdb-2157,Bent County Transportation,Flex,Colorado,La Junta,https://data.trilliumtransit.com/gtfs/bentcounty-co-us/bentcounty-co-us--flex-v2.zip,https://files.mobilitydatabase.org/mdb-2157/latest.zip,active,37.971134,38.153546,-103.555608,-102.609512
mdb-2161,City of Loveland,Flex,Colorado,Larimer County,https://data.trilliumtransit.com/gtfs/cityofloveland-co-us/cityofloveland-co-us--flex-v2.zip,https://files.mobilitydatabase.org/mdb-2161/latest.zip,active,40.413649,40.413649,-105.084737,-105.084737
mdb-2164,Concord Area Transit,Flex,New Hampshire,Merrimack County,https://data.trilliumtransit.com/gtfs/concordareatransit-nh-us/concordareatransit-nh-us--flex-v2.zip,https://files.mobilitydatabase.org/mdb-2164/latest.zip,active,43.231506,43.231506,-71.559516,-71.559516
mdb-2165,Continuum,Flex,Colorado,Aurora,https://data.trilliumtransit.com/gtfs/continuum-co-us/continuum-co-us--flex-v2.zip,https://files.mobilitydatabase.org/mdb-2165/latest.zip,inactive,39.69889,39.69889,-104.78719,-104.78719
mdb-2169,Kiowa County Transit,Flex,Colorado,Denver,https://data.trilliumtransit.com/gtfs/kiowacounty-co-us/kiowacounty-co-us--flex-v2.zip,https://files.mobilitydatabase.org/mdb-2169/latest.zip,active,38.440491,39.740959,-104.985798,-102.740298
mdb-2170,La Junta Transit,Flex,Colorado,La Junta,https://data.trilliumtransit.com/gtfs/lajunta-co-us/lajunta-co-us--flex-v2.zip,https://files.mobilitydatabase.org/mdb-2170/latest.zip,active,37.97952,37.97952,-103.540594,-103.540594
mdb-2171,Lakewood Rides,Flex,Colorado,Jefferson County,https://data.trilliumtransit.com/gtfs/lakewoodrides-co-us/lakewoodrides-co-us--flex-v2.zip,https://files.mobilitydatabase.org/mdb-2171/latest.zip,active,39.717449,39.717449,-105.089117,-105.089117
mdb-2172,Manteca Transit,Flex,California,Manteca,https://data.trilliumtransit.com/gtfs/manteca-ca-us/manteca-ca-us--flex-v2.zip,https://files.mobilitydatabase.org/mdb-2172/latest.zip,active,37.77562653205229,37.82548397,-121.264007,-121.1842491534872
mdb-2173,Mountain Family Center,Flex,Colorado,Grand County,https://data.trilliumtransit.com/gtfs/mountainfamilycenter-co-us/mountainfamilycenter-co-us--flex-v2.zip,https://files.mobilitydatabase.org/mdb-2173/latest.zip,active,40.088904,40.088904,-106.025682,-106.025682
mdb-2174,MOVE Stanislaus,Flex,California,Alameda County,https://data.trilliumtransit.com/gtfs/movestanislaus-ca-us/movestanislaus-ca-us--flex-v2.zip,https://files.mobilitydatabase.org/mdb-2174/latest.zip,active,36.77304181138773,38.57258200514849,-122.16031928717226,-119.77991647227012
mdb-2175,Omnibus,Flex,Colorado,Arapahoe County,https://data.trilliumtransit.com/gtfs/omnibus-co-us/omnibus-co-us--flex-v2.zip,https://files.mobilitydatabase.org/mdb-2175/latest.zip,active,39.585202,39.585202,-105.008655,-105.008655
mdb-2178,Routt County Council on Aging (RCCOCA) Transportation,Flex,Colorado,Routt County,https://data.trilliumtransit.com/gtfs/rccoa-co-us/rccoa-co-us--flex-v2.zip,https://files.mobilitydatabase.org/mdb-2178/latest.zip,active,40.152201,40.531086,-107.2593758389892,-106.813604
mdb-2179,Roaring Fork Transportation Authority (RFTA),Flex,Colorado,Aspen,https://data.trilliumtransit.com/gtfs/rfta-co-us/rfta-co-us--flex-v2.zip,https://files.mobilitydatabase.org/mdb-2179/latest.zip,active,39.0997929,39.5715695,-107.7839413,-106.8009104
mdb-2180,San Joaquin Regional Transit District,Flex,California,San Joaquin County,https://data.trilliumtransit.com/gtfs/sanjoaquin-ca-us/sanjoaquin-ca-us--flex-v2.zip,https://files.mobilitydatabase.org/mdb-2180/latest.zip,active,37.882768,37.945186,-121.284615,-121.282411
mdb-2181,South Central Council of Governments (SCCOG),Flex,Colorado,Trinidad,https://data.trilliumtransit.com/gtfs/sccog-co-us/sccog-co-us--flex-v2.zip,https://files.mobilitydatabase.org/mdb-2181/latest.zip,active,37.169262,37.169262,-104.506275,-104.506275
mdb-2182,Silver Key Senior Services,Flex,Colorado,Colorado Springs,https://data.trilliumtransit.com/gtfs/silverkey-co-us/silverkey-co-us--flex-v2.zip,https://files.mobilitydatabase.org/mdb-2182/latest.zip,active,38.875356,38.875356,-104.813228,-104.813228
mdb-2184,Southwest Rides,Flex,Colorado,La Plata County,https://data.trilliumtransit.com/gtfs/southwestrides-co-us/southwestrides-co-us--flex-v2.zip,https://files.mobilitydatabase.org/mdb-2184/latest.zip,active,37.268845,37.268845,-107.834752,-107.834752
mdb-2185,Senior Resource Development Agency,Flex,Colorado,Pueblo County,https://data.trilliumtransit.com/gtfs/srda-co-us/srda-co-us--flex-v2.zip,https://files.mobilitydatabase.org/mdb-2185/latest.zip,active,38.190169,38.190169,-104.5033,-104.5033
mdb-2186,Stanislaus Regional Transit Authority,Flex,California,San Francisco,https://data.trilliumtransit.com/gtfs/stanrta-ca-us/stanrta-ca-us--flex-v2.zip,https://files.mobilitydatabase.org/mdb-2186/latest.zip,active,37.31770760268395,37.85581950091036,-122.45830411010836,-120.84453415341206
mdb-2187,City of Tracy,Flex,California,,https://data.trilliumtransit.com/gtfs/tracy-ca-us/tracy-ca-us--flex-v2.zip,https://files.mobilitydatabase.org/mdb-2187/latest.zip,active,,,,
mdb-2188,Upper Arkansas Area Council of Governments,Flex,Colorado,Custer County,https://data.trilliumtransit.com/gtfs/uaacog-co-us/uaacog-co-us--flex-v2.zip,https://files.mobilitydatabase.org/mdb-2188/latest.zip,active,38.13336974294547,38.83694649838654,-105.46346486926696,-104.61238466821588
mdb-2189,City of Milton-Freewater Public Transportation,,Oregon,Umatilla County,https://oregon-gtfs.trilliumtransit.com/gtfs_data/ctuir-or-us/ctuir-or-us.zip,https://files.mobilitydatabase.org/mdb-2189/latest.zip,active,45.3193040477042,46.0661407,-119.70185539526616,-118.077631
mdb-2190,Palo Verde Valley Transit Agency,,California,Blythe,https://data.trilliumtransit.com/gtfs/paloverde-valley-ca-us/paloverde-valley-ca-us.zip,https://files.mobilitydatabase.org/mdb-2190/latest.zip,active,33.521321,33.83888769,-116.5437887,-114.517118
mdb-2191,Boulder County,,Colorado,Boulder,https://data.trilliumtransit.com/gtfs/viamobilityservices-co-us/viamobilityservices-co-us.zip,https://files.mobilitydatabase.org/mdb-2191/latest.zip,inactive,39.72608370047456,40.378722,-105.594805,-104.60716572224403
mdb-2192,Bloom Bus,,Massachusetts,Bristol County,https://data.trilliumtransit.com/gtfs/bloombus-ma-us/bloombus-ma-us.zip,https://files.mobilitydatabase.org/mdb-2192/latest.zip,inactive,41.90106,42.350799,-71.10096,-71.0487245387211
mdb-2193,Wahkiakum Ferry,,Oregon,Clatsop County,https://data.trilliumtransit.com/gtfs/wahkiakumferry-wa-us/wahkiakumferry-wa-us.zip,https://files.mobilitydatabase.org/mdb-2193/latest.zip,inactive,46.13710239215459,46.153299256982535,-123.37872447653923,-123.37711062268065
mdb-2194,Rockingham MOOver,,Vermont,Dover,https://data.trilliumtransit.com/gtfs/sevt-vt-us/sevt-vt-us.zip,https://files.mobilitydatabase.org/mdb-2194/latest.zip,active,42.7664048,43.704185,-73.19800976057434,-72.227364677934
mdb-2195,San Miguel County,,Colorado,Telluride,https://data.trilliumtransit.com/gtfs/sanmiguelcounty-co-us/sanmiguelcounty-co-us.zip,https://files.mobilitydatabase.org/mdb-2195/latest.zip,active,37.692905,38.480806741,-108.56765337629108,-107.74675687535178
mdb-2196,Makah Public Transit,,Washington,Neah Bay,https://data.trilliumtransit.com/gtfs/makah-wa-us/makah-wa-us.zip,https://files.mobilitydatabase.org/mdb-2196/latest.zip,active,48.345917616,48.370968573799466,-124.672634238,-124.58248303382533
mdb-2197,Squaxin Island Transit,,Washington,Elma,https://data.trilliumtransit.com/gtfs/squaxinisland-wa-us/squaxinisland-wa-us.zip,https://files.mobilitydatabase.org/mdb-2197/latest.zip,active,47.00369484621686,47.338192515,-123.40814666225204,-123.08043517542164
mdb-2198,Pulaski Area Transit (PAT),,Virginia,Pulaski County,https://data.trilliumtransit.com/gtfs/pulaski-va-us/pulaski-va-us.zip,https://files.mobilitydatabase.org/mdb-2198/latest.zip,active,37.03547461327102,37.16636127919254,-80.80835554232863,-80.426703606366
mdb-2199,Cities Area Transit,,North Dakota,Grand Forks,https://data.trilliumtransit.com/gtfs/cityofgrandforks-nd-us/cityofgrandforks-nd-us.zip,https://files.mobilitydatabase.org/mdb-2199/latest.zip,active,47.874921,47.94908,-97.10972039400184,-97.010581
mdb-2201,Montebello Bus Lines,,California,La Mirada,https://mbl.rideralerts.com/infopoint/gtfs-zip.ashx,https://files.mobilitydatabase.org/mdb-2201/latest.zip,future,33.891737,34.11098,-118.266356,-117.994749
mdb-2202,Spirit Bus,,California,Alhambra,https://passio3.com/montereyp/passioTransit/gtfs/google_transit.zip,https://files.mobilitydatabase.org/mdb-2202/latest.zip,active,34.035095427,34.0707535,-118.168829564,-118.108725112
mdb-2203,South County Transit Link,,California,Sacramento County,http://iportal.sacrt.com/gtfs/SCTLink/southcountytransitlink-ca-us.zip,https://files.mobilitydatabase.org/mdb-2203/latest.zip,inactive,38.133123,38.581556,-121.612919,-121.27221
mdb-2204,Kings Area Rural Transit,,California,Fresno County,http://kart.connexionz.net/rtt/public/utility/gtfs.aspx,https://files.mobilitydatabase.org/mdb-2204/latest.zip,active,36.002941,36.772629,-120.14516,-119.288234
mdb-2205,Philomath Connection,,Oregon,Benton County,http://www.corvallistransit.com/rtt/public/resource/gtfs_PC.zip,https://files.mobilitydatabase.org/mdb-2205/latest.zip,active,44.538806,44.568894,-123.37697,-123.263223
mdb-2206,Cat Tran Shuttle,,Arizona,Phoenix,https://api.transloc.com/gtfs/arizona.zip,https://files.mobilitydatabase.org/mdb-2206/latest.zip,inactive,32.18762,33.464821819296,-112.066602967609,-110.9467649
mdb-2207,Glenn Transit Service,,California,Orland,https://cdn.hibuwebsites.com/af26dd3d53e046cf8ce6ac6dc92e7b14/files/uploaded/glenn-transit-service-google-transit-2024-01-19.zip,https://files.mobilitydatabase.org/mdb-2207/latest.zip,inactive,39.517828,39.757932,-122.218469,-121.841863
mdb-2208,Greater Peoria Mass Transit (CityLink),,Illinois,Bartonville,https://clk.rideralerts.com/InfoPoint/gtfs-zip.ashx,https://files.mobilitydatabase.org/mdb-2208/latest.zip,active,40.538532,40.816821,-89.694888,-89.481697
mdb-2209,The Comet,,South Carolina,Richland County,https://comet.mapstrat.com/current/google_transit.zip,https://files.mobilitydatabase.org/mdb-2209/latest.zip,active,33.837168,34.158724,-81.172287,-80.339359
mdb-2210,El Segundo Transportation,,California,El Segundo,https://github.com/LACMTA/los-angeles-regional-gtfs/raw/main/elsegundo-ca-us/elsegundo-ca-us.zip,https://files.mobilitydatabase.org/mdb-2210/latest.zip,inactive,33.9046426047857,33.9309324789624,-118.421993344071,-118.380819763092
mdb-2211,Areawide Community Transportation System,,Alabama,Anniston,https://www.earpdc.org/wp-content/uploads/static/ACTS_GTFS_Current.zip,https://files.mobilitydatabase.org/mdb-2211/latest.zip,inactive,33.598945,33.750954,-85.860749,-85.783781
mdb-2216,Froggy Transportation,,Michigan,Romulus,https://rapid.nationalrtap.org/GTFSFileManagement/UserUploadFiles/11830/T.zip,https://files.mobilitydatabase.org/mdb-2216/latest.zip,active,41.69412,42.22477,-83.63726,-83.34745
mdb-2223,DC Streetcar,,District of Columbia,Washington,https://mjcaction.com/MJC_GTFS_Public/dcstreetcar_gtfs.zip,https://files.mobilitydatabase.org/mdb-2223/latest.zip,inactive,38.8977508,38.90030625,-77.0046622,-76.9698801
mdb-2224,Emery Go-Round,,California,Alameda County,https://emerygoround.com/data/emerygoround-ca-us.zip,https://files.mobilitydatabase.org/mdb-2224/latest.zip,active,37.829424,37.852317,-122.313403,-122.266983
mdb-2232,Pueblo Transit,,Colorado,Pueblo County,https://data.trilliumtransit.com/gtfs/pueblo-co-us/pueblo-co-us.zip,https://files.mobilitydatabase.org/mdb-2232/latest.zip,active,38.21555474,38.33220087,-104.67448618260951,-104.5614035
mdb-2233,Arvin Transit,,California,Arvin,https://gtfs.calitp.org/production/ArvinGTFS.zip,https://files.mobilitydatabase.org/mdb-2233/latest.zip,inactive,34.976281,35.409855,-119.038573,-118.824334
mdb-2234,Camarillo Area Transit,,California,Camarillo,https://gtfs.calitp.org/production/CamarilloGTFS.zip,https://files.mobilitydatabase.org/mdb-2234/latest.zip,active,,,,
mdb-2235,San Juan Capistrano Free Weekend Trolley,,California,San Juan Capistrano,https://gtfs.calitp.org/production/SanJuanCapistranoGTFS.zip,https://files.mobilitydatabase.org/mdb-2235/latest.zip,active,,,,
mdb-2236,Taft Area Transit,,California,Taft,https://gtfs.calitp.org/production/TaftGTFS.zip,https://files.mobilitydatabase.org/mdb-2236/latest.zip,active,,,,
mdb-2237,Thousand Oaks Transit,,California,Thousand Oaks,https://gtfs.calitp.org/production/ThousandOaksDialARideParatransitandConnectFlex.zip,https://files.mobilitydatabase.org/mdb-2237/latest.zip,inactive,,,,
mdb-2238,West Berkeley Shuttle,,California,Berkeley,https://gtfs.calitp.org/production/WestBerkeleyShuttleGTFS.zip,https://files.mobilitydatabase.org/mdb-2238/latest.zip,active,,,,
mdb-2239,Janesville Transit System,,Wisconsin,Janesville,https://gtfs.remix.com/Janesville_Transit.zip,https://files.mobilitydatabase.org/mdb-2239/latest.zip,deprecated,42.497091,42.729331,-89.06142,-88.973118
mdb-2240,Southeast Area Transit District,,Connecticut,Norwich,https://gtfs.remix.com/seat_preston_ct_us.zip,https://files.mobilitydatabase.org/mdb-2240/latest.zip,active,41.309931,41.6136825,-72.2104946,-71.8542172
mdb-2241,Gwinnett County Transit,,Georgia,DeKalb County,https://realtimegwinnett.availtec.com/InfoPoint/gtfs-zip.ashx,https://files.mobilitydatabase.org/mdb-2241/latest.zip,active,33.769789,34.094463,-84.27971,-83.97707
mdb-2242,Norwalk Transit System (NTS),,Connecticut,Bridgeport,https://mystop.norwalktransit.com/InfoPoint/gtfs-zip.ashx,https://files.mobilitydatabase.org/mdb-2242/latest.zip,active,41.02168,41.237034,-73.630856,-73.032568
mdb-2243,Arcadia Transit,,California,Los Angeles County,https://passio3.com/ArcadiaCity/passioTransit/gtfs/google_transit.zip,https://files.mobilitydatabase.org/mdb-2243/latest.zip,active,34.1073,34.15283,-118.064558681,-118.01837
mdb-2244,Concord Kannapolis Area Transit (Rider Transit),,North Carolina,Cabarrus County,https://passio3.com/concordKat/passioTransit/gtfs/google_transit.zip,https://files.mobilitydatabase.org/mdb-2244/latest.zip,active,35.31144226,35.5339389,-80.74585338,-80.57713256
mdb-2245,North Carolina State University (NCSU),,North Carolina,Wake County,https://passio3.com/ncstateuni/passioTransit/gtfs/google_transit.zip,https://files.mobilitydatabase.org/mdb-2245/latest.zip,active,35.766168495,35.802421902,-78.720836952,-78.663751749
mdb-2246,Ryde Racine,,Wisconsin,Racine,https://racine.connexionz.net/rtt/public/utility/gtfs.aspx,https://files.mobilitydatabase.org/mdb-2246/latest.zip,active,42.68181,42.786374,-87.959541,-87.781806
mdb-2247,Baldwin Park Transit,,California,Irwindale,https://baldwinpark.tectransit.com/api/public/fixedRoute/gtfs,https://files.mobilitydatabase.org/mdb-2247/latest.zip,active,34.06328577697941,34.105962,-117.997132,-117.944716
mdb-2248,Cudahy Area Rapid Transit,,California,Cudahy,https://www.cityofcudahy.com/DocumentCenter/View/2041,https://files.mobilitydatabase.org/mdb-2248/latest.zip,inactive,33.957764,33.970413,-118.199415,-118.171721
mdb-2249,City of Bell (La Campana),,California,Bell,https://raw.githubusercontent.com/LACMTA/los-angeles-regional-gtfs/main/lacampana-ca-us/lacampana-ca-us.zip,https://files.mobilitydatabase.org/mdb-2249/latest.zip,inactive,33.9653511222492,33.9824536922432,-118.202539281078,-118.164965
mdb-2250,La Puente LINK,,California,Los Angeles County,https://raw.githubusercontent.com/LACMTA/los-angeles-regional-gtfs/main/lapuente-ca-us/lapuente-ca-us.zip,https://files.mobilitydatabase.org/mdb-2250/latest.zip,inactive,34.0093465695576,34.0554403598575,-117.980788784323,-117.924657370715
mdb-2251,Sierra Madre Gateway Coach,,California,Sierra Madre,https://raw.githubusercontent.com/LACMTA/los-angeles-regional-gtfs/main/sierramadre-ca-us/sierramadre-ca-us.zip,https://files.mobilitydatabase.org/mdb-2251/latest.zip,inactive,34.150285558358,34.1695312727436,-118.074908013661,-118.040285635729
mdb-2254,Bay Area Transportation Authority,,Michigan,Traverse City,https://batabustracker.com/gtfs,https://files.mobilitydatabase.org/mdb-2254/latest.zip,active,44.5831,45.019937,-85.985666,-85.431735
mdb-2255,Lake County Connection,,Florida,Leesburg,https://www.ridelakexpress.com/gtfs/gtfs.zip,https://files.mobilitydatabase.org/mdb-2255/latest.zip,inactive,28.346737,28.961874,-81.9662767,-81.590085
mdb-2256,Portage Area Regional Transportation Authority (PARTA),,Ohio,Portage County,https://passio3.com/parta/passioTransit/gtfs/google_transit.zip,https://files.mobilitydatabase.org/mdb-2256/latest.zip,active,41.066915905,41.514017,-81.695556,-81.038023
mdb-2257,Citrus County Transit,,Florida,Inverness,https://www.citrusbocc.com/document_center/Department/Community%20Services/Support%20Services/Transit/GTFS%20Text%20Files/GTFS%2011-18-24.zip,https://files.mobilitydatabase.org/mdb-2257/latest.zip,inactive,28.708109,28.952692,-82.62668,-82.279483
mdb-2258,Manatee County Area Transit,,Florida,Bradenton,https://realtimemcat.availtec.com/InfoPoint/GTFS-Zip.ashx,https://files.mobilitydatabase.org/mdb-2258/latest.zip,active,27.337576,27.811741,-82.780165,-82.451822
mdb-2259,Collier Area Transit (CAT),,Florida,Collier County,https://cat.cadavl.com:4431/CAT/GTFS/GTFS_CAT.zip,https://files.mobilitydatabase.org/mdb-2259/latest.zip,active,25.9120987,26.44157,-81.8261397,-81.3890111
mdb-2260,Breeze Transit,,Florida,Sarasota,https://breezerider.tripsparkhost.com/gtfs/2024Winter%20R02/google_transit.zip,https://files.mobilitydatabase.org/mdb-2260/latest.zip,deprecated,27.0388126367811,27.493355,-82.5876874115126,-82.205356
mdb-2261,Omaha Metro,,Nebraska,Douglas County,https://www.ometro.com/wp-content/uploads/GTFSRT/google_transit.zip,https://files.mobilitydatabase.org/mdb-2261/latest.zip,active,41.1405456595003,41.345776,-96.196039,-95.7984445741325
mdb-2262,Beaver County Transit Authority,,Pennsylvania,Beaver County,https://bcta.rideralerts.com/InfoPoint/gtfs-zip.ashx,https://files.mobilitydatabase.org/mdb-2262/latest.zip,active,40.440245,40.799693,-80.383179,-79.991898
mdb-2263,Birmingham Jefferson County Transit Authority (MAX),,Alabama,Jefferson County,https://maxtransit.org/wp-content/uploads/2024/09/google_transit_Working.zip,https://files.mobilitydatabase.org/mdb-2263/latest.zip,inactive,33.36195,33.65311,-87.009932,-86.676958
mdb-2264,Rock Region Metro,,Arkansas,Little Rock,https://rrmetro.org/gtfs.zip,https://files.mobilitydatabase.org/mdb-2264/latest.zip,inactive,34.640959,34.8144619,-92.4430569,-92.1886609
mdb-2265,Charlotte Area Transit System (CATS),,North Carolina,Cabarrus County,https://gtfsrealtime.ridetransit.org/GTFSStatic/GTFS.zip,https://files.mobilitydatabase.org/mdb-2265/latest.zip,active,34.927049,35.502996,-81.179888,-80.639319
mdb-2266,Citilink,,Indiana,Allen County,https://gtfs.remix.com/citilink_fortwayne_in_us.zip,https://files.mobilitydatabase.org/mdb-2266/latest.zip,active,41.006322,41.190261,-85.2589886,-85.01114
mdb-2267,Connect Transit,,Illinois,Bloomington,https://rideconnecttransit.com/gtfs,https://files.mobilitydatabase.org/mdb-2267/latest.zip,active,40.448506,40.536722,-89.05615,-88.910063
mdb-2268,Saint Maryʼs Transit System,,Maryland,Leonardtown,https://stmgis.stmarysmd.com/Downloads/GTFS/StMarys_GTFS_5_31_22.zip,https://files.mobilitydatabase.org/mdb-2268/latest.zip,active,38.1088829040527,38.4995613098144,-76.8316574096679,-76.366455078125
mdb-2269,StarTran,,Nebraska,Lancaster County,https://startran.connexionz.net/rtt/public/resource/gtfs.zip,https://files.mobilitydatabase.org/mdb-2269/latest.zip,active,40.726212,40.879581,-96.789195,-96.593608
mdb-2270,GTrans,,California,Gardena,https://ridegtrans.com/gtfs.zip,https://files.mobilitydatabase.org/mdb-2270/latest.zip,active,33.788719,33.952458,-118.378526,-118.223258
mdb-2272,Santa Maria Area Transit,,California,Santa Barbara County,https://smrt.tripshot.com/v1/gtfs.zip?regionId=CA558DDC-D7F2-4B48-9CAC-DEEA1134F820,https://files.mobilitydatabase.org/mdb-2272/latest.zip,active,34.595943118981,35.28289,-120.662398,-120.086147
mdb-2273,Stanislaus Regional Transit (StaRT),,California,Alameda County,https://stanrta.rideralerts.com/InfoPoint/gtfs-zip.ashx,https://files.mobilitydatabase.org/mdb-2273/latest.zip,active,37.311133,37.954866,-121.897669,-120.749415
mdb-2274,Valley Metro,,Virginia,Roanoke,https://vmgoapp.com/gtfs,https://files.mobilitydatabase.org/mdb-2274/latest.zip,active,37.133394,37.323724,-80.42503011408617,-79.882018
mdb-2275,Auburn Transit,,California,Auburn,https://www.auburn.ca.gov/DocumentCenter/View/3431,https://files.mobilitydatabase.org/mdb-2275/latest.zip,active,38.878361,38.931944,-121.082945,-121.035781594468
mdb-2277,GoCary,,North Carolina,Apex,https://www.gocary.org/_GTFS,https://files.mobilitydatabase.org/mdb-2277/latest.zip,active,35.714045,35.83141,-78.896151,-78.705152
mdb-2278,Roaring Fork Transportation Authority,,Colorado,Aspen,https://www.rfta.com/RFTAGTFSExport.zip,https://files.mobilitydatabase.org/mdb-2278/latest.zip,active,39.180756,39.571523,-107.783948,-106.800838
mdb-2279,Ridgecrest Transit,,California,Kern County,https://www.ridgecrest-ca.gov/DocumentCenter/View/7499/Ridgecrest_gtfszip,https://files.mobilitydatabase.org/mdb-2279/latest.zip,inactive,35.620793,35.65181,-117.817103,-117.671554
mdb-2280,Regional Transportation District (RTD),Bustang,Colorado,Adams County,https://www.rtd-denver.com/files/gtfs/bustang-co-us.zip,https://files.mobilitydatabase.org/mdb-2280/latest.zip,active,38.835175,40.59005,-108.564,-104.814988
mdb-2281,Detroit People Mover,,Michigan,Detroit,https://hosted-gtfs-feeds.s3.amazonaws.com/DPM/gtfs.zip,https://files.mobilitydatabase.org/mdb-2281/latest.zip,active,42.325124,42.335804,-83.052671,-83.039983
mdb-2282,Mountain Rides Transportation Authority (MRTA),,Idaho,Ketchum,https://apps.itd.idaho.gov/apps/pt/mrtagtfs.zip,https://files.mobilitydatabase.org/mdb-2282/latest.zip,active,0.0,43.6957148351,-114.4035398927,0.0
mdb-2283,City of Corvallis,,Oregon,Benton County,http://www.corvallistransit.com/rtt/public/resource/gtfs.zip,https://files.mobilitydatabase.org/mdb-2283/latest.zip,active,44.530912,44.614915,-123.324677,-123.234437
mdb-2284,Carlsbad Municipal Transit System,,New Mexico,Carlsbad,https://irp.cdn-website.com/f12fb9e8/files/uploaded/google_transit.zip,https://files.mobilitydatabase.org/mdb-2284/latest.zip,inactive,32.374683,32.442531,-104.264885,-104.219464096453
mdb-2285,Annapolis Transit,,Maryland,Annapolis,https://www.arcgis.com/sharing/rest/content/items/c307923d57ab4871aff79491b4a1bfd3/data,https://files.mobilitydatabase.org/mdb-2285/latest.zip,active,38.948299,38.994644,-76.5570743435139,-76.484032093254
mdb-2286,Washington County Transit,,Maryland,Hagerstown,https://rapid.nationalrtap.org/GTFSFileManagement/UserUploadFiles/11756/WCT_MD_GTFS.zip,https://files.mobilitydatabase.org/mdb-2286/latest.zip,active,39.5997022863592,39.719788562,-77.821214,-77.57312
mdb-2287,Mass Transportation Authority Flint,,Michigan,Genesee County,https://rapid.nationalrtap.org/GTFSFileManagement/UserUploadFiles/5191/google_transit.zip,https://files.mobilitydatabase.org/mdb-2287/latest.zip,active,42.517709,43.13383362611715,-84.00011960662218,-83.30232390816667
mdb-2288,Grand Valley Transit,Flex,Colorado,Mesa County,https://data.trilliumtransit.com/gtfs/grandvalleytransit-co-us/grandvalleytransit-co-us--flex-v2.zip,https://files.mobilitydatabase.org/mdb-2288/latest.zip,active,39.028988,39.028988,-108.64989,-108.64989
mdb-2290,Durango Transit,Flex,Colorado,La Plata County,https://data.trilliumtransit.com/gtfs/durangotransit-co-us/durangotransit-co-us--flex-v2.zip,https://files.mobilitydatabase.org/mdb-2290/latest.zip,active,37.272621,37.272621,-107.883141,-107.883141
mdb-2291,Lake County Senior Center Transportation Program,Flex,Colorado,Lake County,https://data.trilliumtransit.com/gtfs/lakecounty-co-us/lakecounty-co-us--flex-v2.zip,https://files.mobilitydatabase.org/mdb-2291/latest.zip,active,39.207494,39.207494,-106.340633,-106.340633
mdb-2292,Mountain Metro Transit,Flex,Colorado,Colorado Springs,https://data.trilliumtransit.com/gtfs/coloradosprings-co-us/coloradosprings-co-us--flex-v2.zip,https://files.mobilitydatabase.org/mdb-2292/latest.zip,active,38.875356,38.875356,-104.813228,-104.813228
mdb-2293,Transfort,Flex,Colorado,Fort Collins,https://data.trilliumtransit.com/gtfs/transfort-co-us/transfort-co-us--flex-v2.zip,https://files.mobilitydatabase.org/mdb-2293/latest.zip,active,40.542844,40.542844,-105.06543,-105.06543
mdb-2294,Mountain Express,Flex,Colorado,Archuleta County,https://data.trilliumtransit.com/gtfs/mountainexpress-co-us/mountainexpress-co-us--flex-v2.zip,https://files.mobilitydatabase.org/mdb-2294/latest.zip,active,37.196161,37.196161,-107.048344,-107.048344
mdb-2295,Amtrak San Joaquins,,California,Sacramento,https://data.trilliumtransit.com/gtfs/sanjoaquins-ca-us/sanjoaquins-ca-us.zip,https://files.mobilitydatabase.org/mdb-2295/latest.zip,active,35.37212800756224,40.58366,-122.392811,-119.0076888403469
mdb-2296,Brown County Heartland Express,Fixed route + flex,Minnesota,New Ulm,https://data.trilliumtransit.com/gtfs/browncounty-mn-us/browncounty-mn-us.zip,https://files.mobilitydatabase.org/mdb-2296/latest.zip,active,44.28741495361129,44.3393958836996,-94.50656548281547,-94.43291134889424
mdb-2297,Amtrak Vermonter,,Vermont,Burlington,https://data.trilliumtransit.com/gtfs/amtrakvermonter-vt-us/amtrakvermonter-vt-us.zip,https://files.mobilitydatabase.org/mdb-2297/latest.zip,active,38.898589,44.812278976,-77.005819,-71.05456749667803
mdb-2298,Lewiston Transit System and Asotin County Public Transportation Benefit Area (PTBA),,Idaho,Lewiston,https://data.trilliumtransit.com/gtfs/asotincounty-wa-us/asotincounty-wa-us.zip,https://files.mobilitydatabase.org/mdb-2298/latest.zip,active,46.33640049552297,46.42206687221992,-117.0828290280758,-116.96004179047584
mdb-2299,Blue Apple Bus Company,,Massachusetts,Suffolk County,https://data.trilliumtransit.com/gtfs/blueapplebus-ma-us/blueapplebus-ma-us.zip,https://files.mobilitydatabase.org/mdb-2299/latest.zip,active,42.032634959410544,42.369823054008414,-71.25437831511708,-71.01810743990518
mdb-2300,Biddeford Saco Old Orchard Beach Transit,,Maine,Biddeford,https://data.trilliumtransit.com/gtfs/bsoob-me-us/bsoob-me-us.zip,https://files.mobilitydatabase.org/mdb-2300/latest.zip,inactive,43.453067,43.663383,-70.514467,-70.256683
mdb-2301,Central Community Transit,,Minnesota,Willmar,https://data.trilliumtransit.com/gtfs/cctbus-mn-us/cctbus-mn-us.zip,https://files.mobilitydatabase.org/mdb-2301/latest.zip,active,44.77626045300477,45.1488330798664,-95.0837979833268,-94.4909907898988
mdb-2302,Colville Confederated Tribes Transit,,Washington,Inchelium,https://data.trilliumtransit.com/gtfs/ccttransit-wa-us/ccttransit-wa-us.zip,https://files.mobilitydatabase.org/mdb-2302/latest.zip,active,48.133455826020906,48.627703253094666,-119.00128728315228,-117.908538209353
mdb-2303,Johnson County Transit,,Kansas,Overland Park,https://data.trilliumtransit.com/gtfs/johnsoncounty-ks-us/johnsoncounty-ks-us.zip,https://files.mobilitydatabase.org/mdb-2303/latest.zip,active,38.880314,39.115588,-95.26621888099623,-94.573102
mdb-2304,Citibus,,Iowa,Davenport,https://data.trilliumtransit.com/gtfs/davenport-ia-us/davenport-ia-us.zip,https://files.mobilitydatabase.org/mdb-2304/latest.zip,inactive,41.50384823,41.59495513265733,-90.63719474,-90.5140457936736
mdb-2306,Outback Express,Flex,Colorado,Kit Carson County,https://data.trilliumtransit.com/gtfs/eccog-co-us/eccog-co-us--flex-v2.zip,https://files.mobilitydatabase.org/mdb-2306/latest.zip,active,39.30449,39.30449,-102.27146,-102.27146
mdb-2307,Elwha Transit,,Washington,Clallam County,https://data.trilliumtransit.com/gtfs/elwhatransit-wa-us/elwhatransit-wa-us.zip,https://files.mobilitydatabase.org/mdb-2307/latest.zip,active,48.09868716794318,48.14447746198766,-123.57781482527407,-123.51450446327934
mdb-2308,Four County Transit,,Virginia,Lebanon,https://data.trilliumtransit.com/gtfs/fourcounty-va-us/fourcounty-va-us.zip,https://files.mobilitydatabase.org/mdb-2308/latest.zip,active,36.31063478725751,37.4202860557693,-82.7598975358909,-80.0201581392688
mdb-2309,Grant Transit Authority,,Washington,Grant County,https://data.trilliumtransit.com/gtfs/granttransit-wa-us/granttransit-wa-us.zip,https://files.mobilitydatabase.org/mdb-2309/latest.zip,active,46.737786,47.941642,-119.900536,-119.006156
mdb-2310,Guemes Island Ferry,,Washington,Skagit County,https://data.trilliumtransit.com/gtfs/guemesislandferry-wa-us/guemesislandferry-wa-us.zip,https://files.mobilitydatabase.org/mdb-2310/latest.zip,active,48.51848861136108,48.52832532504746,-122.62466178982564,-122.62355207752464
mdb-2311,Homage: DʼArling Direct,,Washington,Arlington,https://data.trilliumtransit.com/gtfs/homage-wa-us/homage-wa-us.zip,https://files.mobilitydatabase.org/mdb-2311/latest.zip,inactive,47.92435,48.321873842416295,-122.1842806953968,-121.55260125263791
mdb-2312,Hudson Link,,New York,Tarrytown,https://data.trilliumtransit.com/gtfs/hudsonlink-ny-us/hudsonlink-ny-us.zip,https://files.mobilitydatabase.org/mdb-2312/latest.zip,active,41.03117126072729,41.116730186373104,-74.15207854868513,-73.76347806948289
mdb-2313,Jackson Transit Authority,,Tennessee,Jackson,https://data.trilliumtransit.com/gtfs/jackson-tn-us/jackson-tn-us.zip,https://files.mobilitydatabase.org/mdb-2313/latest.zip,active,35.552018510209614,35.696360966631765,-88.91979960877734,-88.7718070791174
mdb-2314,Kalispel Tribal Transit (KalTran),,Washington,Pend Oreille County,https://data.trilliumtransit.com/gtfs/kaltran-wa-us/kaltran-wa-us.zip,https://files.mobilitydatabase.org/mdb-2314/latest.zip,inactive,47.768296326065,48.7409927050067,-117.710848110621,-117.060830956315
mdb-2315,Thousand Oaks Transit - Kanan Shuttle,,California,Agoura Hills,https://data.trilliumtransit.com/gtfs/kananshuttle-ca-us/kananshuttle-ca-us.zip,https://files.mobilitydatabase.org/mdb-2315/latest.zip,active,34.14493889,34.1842317200421,-118.7848807074,-118.75582222
mdb-2316,Kimball County Transit Service,,Nebraska,Kimball,https://data.trilliumtransit.com/gtfs/kimballcountytransit-ne-us/kimballcountytransit-ne-us.zip,https://files.mobilitydatabase.org/mdb-2316/latest.zip,inactive,39.753917722,41.887556071,-105.001109933,-102.473794382
mdb-2317,Kiryas Joel Area Transit,,New York,Kiryas Joel,https://data.trilliumtransit.com/gtfs/kiryasjoel-ny-us/kiryasjoel-ny-us.zip,https://files.mobilitydatabase.org/mdb-2317/latest.zip,inactive,41.317804,41.3520964560386,-74.18543595518337,-74.123759
mdb-2318,Lady of the Lake,,Washington,Chelan County,https://data.trilliumtransit.com/gtfs/lakechelan-wa-us/lakechelan-wa-us.zip,https://files.mobilitydatabase.org/mdb-2318/latest.zip,active,47.8359985825051,48.3802605094528,-120.8383679433712,-120.038486316595
mdb-2319,Lummi Island Ferry,,Washington,Whatcom County,https://data.trilliumtransit.com/gtfs/lummiislandferry-wa-us/lummiislandferry-wa-us.zip,https://files.mobilitydatabase.org/mdb-2319/latest.zip,active,48.72041431435201,48.73131982972649,-122.68130504503108,-122.67021480235871
mdb-2320,Lummi Transit,,Washington,Ferndale,https://data.trilliumtransit.com/gtfs/lummitransit-wa-us/lummitransit-wa-us.zip,https://files.mobilitydatabase.org/mdb-2320/latest.zip,active,48.71973569924907,48.8481842098685,-122.68274404201154,-122.48034642849206
mdb-2321,Megabus,,Wisconsin,Milwaukee,https://data.trilliumtransit.com/gtfs/megabus-us/megabus-us.zip,https://files.mobilitydatabase.org/mdb-2321/latest.zip,active,25.796253,45.497753,-121.50401,-73.56585
mdb-2322,City of Miami Beach,,Florida,Miami-Dade County,https://data.trilliumtransit.com/gtfs/miamibeach-fl-us/miamibeach-fl-us.zip,https://files.mobilitydatabase.org/mdb-2322/latest.zip,active,25.768169,25.87217928,-80.192228658,-80.12015407
mdb-2323,City of Miami Gardens,,Florida,Miami Gardens,https://data.trilliumtransit.com/gtfs/miamigardens-fl-us/miamigardens-fl-us.zip,https://files.mobilitydatabase.org/mdb-2323/latest.zip,active,25.911877,25.97227087,-80.288456,-80.198009
mdb-2324,Middletown Area Transit,,New York,Middletown,https://data.trilliumtransit.com/gtfs/middletown-ny-us/middletown-ny-us.zip,https://files.mobilitydatabase.org/mdb-2324/latest.zip,inactive,41.422013,41.4642470822942,-74.444488,-74.358734722909
mdb-2325,The Moccasin Express,,Washington,Airway Heights,https://data.trilliumtransit.com/gtfs/moccasinexpress-wa-us/moccasinexpress-wa-us.zip,https://files.mobilitydatabase.org/mdb-2325/latest.zip,active,47.6435731653652,48.2409653798417,-118.32451400220036,-117.41596661814
mdb-2326,Muckleshoot Tribal Transit,,Washington,Auburn,https://data.trilliumtransit.com/gtfs/muckleshoot-wa-us/muckleshoot-wa-us.zip,https://files.mobilitydatabase.org/mdb-2326/latest.zip,active,47.22837139311024,47.30572654162684,-122.24261212484114,-122.102499037372
mdb-2327,Nisqually Transit,,Washington,SeaTac,https://data.trilliumtransit.com/gtfs/nisqually-wa-us/nisqually-wa-us.zip,https://files.mobilitydatabase.org/mdb-2327/latest.zip,inactive,46.962021,47.44357840082483,-122.873596,-122.29938955852892
mdb-2328,North Lake Tahoe Express,24 hour advance reservations required,California,Placer County,https://data.trilliumtransit.com/gtfs/nlte-nv-us/nlte-nv-us.zip,https://files.mobilitydatabase.org/mdb-2328/latest.zip,active,39.139377,39.50729,-120.239174,-119.775261
mdb-2330,Bustang Outrider,,Colorado,Grand County,https://data.trilliumtransit.com/gtfs/outrider-co-us/outrider-co-us.zip,https://files.mobilitydatabase.org/mdb-2330/latest.zip,active,37.1710509961293,40.62412791590873,-108.564242,-102.618435
mdb-2331,Pahto Public Passage,,Washington,Toppenish,https://data.trilliumtransit.com/gtfs/pahtopublicpassage-wa-us/pahtopublicpassage-wa-us.zip,https://files.mobilitydatabase.org/mdb-2331/latest.zip,active,45.81288919067222,46.5635830286691,-120.822779353375,-120.1804378612242
mdb-2332,Shawnee Mass Transit District,,Illinois,Pulaski County,https://rapid.nationalrtap.org/GTFSFileManagement/UserUploadFiles/11557/S1.zip,https://files.mobilitydatabase.org/mdb-2332/latest.zip,active,36.99635,37.72413,-89.22708,-89.16154
mdb-2346,Navajo Transit System,,Arizona,Apache County,https://rapid.nationalrtap.org/GTFSFileManagement/UserUploadFiles/5372/Navajo_Transit_GTFS.zip,https://files.mobilitydatabase.org/mdb-2346/latest.zip,active,35.1968262,36.8055,-110.3294962,-108.2278735
mdb-2347,Pace Bus,,Illinois,Cook County,https://www.pacebus.com/gtfsdownload,https://files.mobilitydatabase.org/mdb-2347/latest.zip,active,41.4039756,42.4574028,-88.6210093,-87.5226704
mdb-2348,VIA Metropolitan Transit (VIA),,Texas,San Antonio,https://www.viainfo.net/BusService/google_transit.zip,https://files.mobilitydatabase.org/mdb-2348/latest.zip,deprecated,29.27663,29.650497,-98.712169,-98.306831
mdb-2349,UTA,,Utah,,https://gtfsfeed.rideuta.com/gtfs.zip,https://files.mobilitydatabase.org/mdb-2349/latest.zip,deprecated,39.975518,41.528157,-112.304461,-111.577661
mdb-2350,TheBus,,Hawaii,Honolulu County,https://www.thebus.org/transitdata/production/google_transit.zip,https://files.mobilitydatabase.org/mdb-2350/latest.zip,active,21.255957,21.70332,-158.228463,-157.662429
mdb-2351,Regional Transportation Commission of Southern Nevada (RTC),,Nevada,Las Vegas,https://developer.rtcsnv.com/transitData/google_transit.zip,https://files.mobilitydatabase.org/mdb-2351/latest.zip,active,35.960432,36.314247,-115.331538,-114.825897
mdb-2352,Memphis Area Transit Authority,,Tennessee,Memphis,http://mata.cadavl.com:5053/MATA/GTFS/GTFS_MATA.zip,https://files.mobilitydatabase.org/mdb-2352/latest.zip,deprecated,35.001607,35.245019,-90.125309,-89.754447
mdb-2353,Westchester County Bee-Line System (WCDOT),,New York,Yonkers,https://planning.westchestergov.com/images/stories/zip/GTFS.zip,https://files.mobilitydatabase.org/mdb-2353/latest.zip,inactive,40.74128,41.421923,-73.989067,-73.659724
mdb-2354,SunTran,,Arizona,Pima County,https://www.suntran.com/wp-content/uploads/2024/07/SunTranGTFS.zip,https://files.mobilitydatabase.org/mdb-2354/latest.zip,active,31.868367,32.484435,-112.872267,-110.77245
mdb-2355,Xpress,,Georgia,,https://gamobility.info/wp-content/uploads/2024/07/Google_Transit.zip,https://files.mobilitydatabase.org/mdb-2355/latest.zip,deprecated,,,,
mdb-2356,Mountain Metropolitan Transit,,Colorado,Colorado Springs,https://coloradosprings.gov/sites/default/files/google_transit_0.zip,https://files.mobilitydatabase.org/mdb-2356/latest.zip,inactive,38.72339,39.0043,-104.9317,-104.69782
mdb-2361,Dana Point Trolley,,California,Dana Point,https://dptrolley.com/Secure/Admin/Reports/GTFSDownload.aspx,https://files.mobilitydatabase.org/mdb-2361/latest.zip,active,33.455141532,33.4912559608,-117.7193641663,-117.6575213963
mdb-2362,San Clemente Trolley,,California,San Clemente,https://sctrolley.com/Secure/Admin/Reports/GTFSDownload.aspx,https://files.mobilitydatabase.org/mdb-2362/latest.zip,active,33.4053777091,33.4562876419,-117.65951,-117.5977120714
mdb-2363,Danville Mass Transit,,Illinois,Danville,https://www.ridedmt.org/home/showpublisheddocument/1979/638106764822070000,,active,,,,
mdb-2394,Yosemite Area Regional Transportation System (YARTS),,California,Mariposa County,https://www.planeteria.com/gtfs/yosemite-ca-us/yosemite-ca-us-gtfs.zip,https://files.mobilitydatabase.org/mdb-2394/latest.zip,active,36.738351,37.983067,-120.514971,-118.96417
mdb-2395,Via Mobility,,Colorado,Boulder,https://passio3.com/viaboulder/passioTransit/gtfs/google_transit.zip,https://files.mobilitydatabase.org/mdb-2395/latest.zip,active,39.648778612,40.22544,-105.525464188,-105.168429784
mdb-2411,Loudoun County Transit,Flex,Virginia,Loudoun County,https://data.trilliumtransit.com/gtfs/loudouncounty-va-us/loudouncounty-va-us--flex-v2.zip,https://files.mobilitydatabase.org/mdb-2411/latest.zip,active,39.103154,39.103154,-77.666568,-77.666568
mdb-2412,Gainesville Regional Transit System,,Florida,Gainesville,http://go-rts.com/wp-content/uploads/2025/01/RTSGTFS_Spring2025.zip,https://files.mobilitydatabase.org/mdb-2412/latest.zip,inactive,29.6001677847958,29.7150360778361,-82.4924275992221,-82.2639662041154
mdb-2413,Colorado School Of Mines,,Colorado,Jefferson County,https://data.trilliumtransit.com/gtfs/cityofgolden-co-us/cityofgolden-co-us.zip,https://files.mobilitydatabase.org/mdb-2413/latest.zip,active,39.726618,39.7663005,-105.2339618,-105.20081
mdb-2414,Metropolitan Transit Authority of Black Hawk County,,Iowa,Waterloo,https://data.trilliumtransit.com/gtfs/cedarfalls-ia-us/cedarfalls-ia-us.zip,https://files.mobilitydatabase.org/mdb-2414/latest.zip,active,42.4285978,42.539077,-92.4757071,-92.2928399
mdb-2415,Radford Transit,,Virginia,Radford City,https://data.trilliumtransit.com/gtfs/radford-va-us/radford-va-us.zip,https://files.mobilitydatabase.org/mdb-2415/latest.zip,active,37.1057438,37.23198133534181,-80.6963474,-80.400214
mdb-2416,Pioneer Valley Transit Authority (PVTA),,Connecticut,Enfield,https://www.pvta.com/g_trans/google_transit.zip,https://files.mobilitydatabase.org/mdb-2416/latest.zip,active,42.01819,42.596031,-73.25379,-71.795179
mdb-2418,Morrow County Public Transit,,Oregon,Morrow County,https://oregon-gtfs.trilliumtransit.com/gtfs_data/morrowcounty-or-us/morrowcounty-or-us.zip,https://files.mobilitydatabase.org/mdb-2418/latest.zip,active,45.3440604,45.91847217312306,-120.024167,-119.2877534
mdb-2419,City of Gadsen,COG Trolley Routes,Alabama,Gadsden,https://coggis.cityofgadsden.com/Public/Transportion/COG_trips.zip,https://files.mobilitydatabase.org/mdb-2419/latest.zip,active,33.974198,34.047379,-86.067944,-85.949651
mdb-2420,Muletown Trolley,,Tennessee,Columbia,https://www.sctdd.org/wp-content/uploads/2025/02/gtfs_muletown.zip,https://files.mobilitydatabase.org/mdb-2420/latest.zip,inactive,35.53322,35.656354,-87.208055,-87.007419
mdb-2421,County Connection (CCCTA),,California,Contra Costa County,https://countyconnection.com/GTFS/google_transit.zip,https://files.mobilitydatabase.org/mdb-2421/latest.zip,active,37.659113,38.019406,-122.194317,-121.778125
mdb-2425,Santa Cruz Metro (SCMTD),,California,Santa Clara County,https://developer.scmetro.org/gtfs.zip,https://files.mobilitydatabase.org/mdb-2425/latest.zip,active,36.90448,37.338436,-122.222061,-121.732437
mdb-2426,Xpress,,Georgia,Atlanta,https://gamobility.info/wp-content/uploads/2025/02/Google_Transit.zip,https://files.mobilitydatabase.org/mdb-2426/latest.zip,inactive,33.381316,34.181736,-84.773527,-83.907051
mdb-2430,Fredericksburg Regional Transit,,Virginia,Fredericksburg,https://www.fredericksburgva.gov/DocumentCenter/View/28958/FXBGO-GTFS-Q1-CY2025,https://files.mobilitydatabase.org/mdb-2430/latest.zip,inactive,38.195583,38.481478,-77.599788,-77.400517
mdb-2432,Frederick County TransIT,,Maryland,Frederick County,https://passio3.com/frederick/passioTransit/gtfs/google_transit.zip,https://files.mobilitydatabase.org/mdb-2432/latest.zip,active,39.27394213,39.70535974,-77.665127415,-77.318305637
mdb-2433,Avon Transit,,Colorado,Avon,https://www.avon.org/DocumentCenter/View/25051/TownOfAvon_gtfs,https://files.mobilitydatabase.org/mdb-2433/latest.zip,active,39.60392848782936,39.6581518,-106.5488191,-106.4938115
mdb-2434,Arlington Transit,Flex,Virginia,Arlington County,https://data.trilliumtransit.com/gtfs/arlington-va-us/arlington-va-us--flex-v2.zip,https://files.mobilitydatabase.org/mdb-2434/latest.zip,active,38.864458,38.864458,-77.099638,-77.099638
mdb-2435,CORTRAN,Flex,Virginia,Roanoke,https://data.trilliumtransit.com/gtfs/cortran-va-us/cortran-va-us--flex-v2.zip,https://files.mobilitydatabase.org/mdb-2435/latest.zip,active,37.27318086981506,37.27318086981506,-79.9414083397011,-79.9414083397011
mdb-2436,Mountain Empire Transit,Flex,Virginia,Pennington Gap,https://data.trilliumtransit.com/gtfs/mountainempire-va-us/mountainempire-va-us--flex-v2.zip,https://files.mobilitydatabase.org/mdb-2436/latest.zip,active,36.76161814195817,36.976455745567634,-83.02256716515906,-82.57856592751901
mdb-2437,Valley Metro,Flex,Virginia,,https://data.trilliumtransit.com/gtfs/valleymetro-va-us/valleymetro-va-us--flex-v2.zip,https://files.mobilitydatabase.org/mdb-2437/latest.zip,inactive,,,,
mdb-2438,Williamsburg Area Transit Authority,Flex,Virginia,James City County,https://data.trilliumtransit.com/gtfs/williamsburg-va-us/williamsburg-va-us--flex-v2.zip,https://files.mobilitydatabase.org/mdb-2438/latest.zip,active,37.12041,37.41068,-76.82154,-76.456
mdb-2439,Bay Transit,Flex,Virginia,Tappahannock,https://data.trilliumtransit.com/gtfs/baytransit-va-us/baytransit-va-us--flex-v2.zip,https://files.mobilitydatabase.org/mdb-2439/latest.zip,active,37.26023,38.272660203568805,-76.99542274197749,-76.35201312288186
mdb-2440,Danville Transit,Flex,Virginia,Danville,https://data.trilliumtransit.com/gtfs/danville-va-us/danville-va-us--flex-v2.zip,https://files.mobilitydatabase.org/mdb-2440/latest.zip,inactive,36.54474376535521,36.6379640767576,-79.46209253087035,-79.3075059
mdb-2441,Petersburg Area Transit,Flex,Virginia,Petersburg,https://data.trilliumtransit.com/gtfs/petersburg-va-us/petersburg-va-us--flex-v2.zip,https://files.mobilitydatabase.org/mdb-2441/latest.zip,active,37.14686977309548,37.540486538,-77.48743506635245,-77.27649874434216
mdb-2442,Pulaski Area Transit (PAT),Flex,Virginia,Pulaski County,https://data.trilliumtransit.com/gtfs/pulaski-va-us/pulaski-va-us--flex-v2.zip,https://files.mobilitydatabase.org/mdb-2442/latest.zip,active,37.03547461327102,37.16636127919254,-80.80835554232863,-80.426703606366
mdb-2443,RADAR,Flex,Virginia,Martinsville,https://data.trilliumtransit.com/gtfs/radar-va-us/radar-va-us--flex-v2.zip,https://files.mobilitydatabase.org/mdb-2443/latest.zip,active,36.626599049548034,37.82167518315667,-80.02160942172424,-79.346863
mdb-2444,STAR Transit,Flex,Virginia,Exmore,https://data.trilliumtransit.com/gtfs/startransit-va-us/startransit-va-us--flex-v2.zip,https://files.mobilitydatabase.org/mdb-2444/latest.zip,active,37.13260771098952,38.00088321809668,-76.02127257709914,-75.3605757430462
mdb-2445,Virginia Regional Transit,Flex,Virginia,Orange,https://data.trilliumtransit.com/gtfs/vatransit-va-us/vatransit-va-us--flex-v2.zip,https://files.mobilitydatabase.org/mdb-2445/latest.zip,active,38.02890707490374,39.150374633585216,-78.49983573799393,-77.561757
mdb-2446,Cape Cod Regional Transit Authority,Flex,Massachusetts,Barnstable County,https://data.trilliumtransit.com/gtfs/capecod-ma-us/capecod-ma-us--flex-v2.zip,https://files.mobilitydatabase.org/mdb-2446/latest.zip,active,41.52303,42.07937341328619,-70.669797,-69.961949
mdb-2447,Mountain Lynx Transit,Flex,Virginia,Washington County,https://data.trilliumtransit.com/gtfs/districtthree-va-us/districtthree-va-us--flex-v2.zip,https://files.mobilitydatabase.org/mdb-2447/latest.zip,active,36.5877,37.24004,-82.22704,-80.6072
mdb-2448,Four County Transit,Flex,Virginia,Lebanon,https://data.trilliumtransit.com/gtfs/fourcounty-va-us/fourcounty-va-us--flex-v2.zip,https://files.mobilitydatabase.org/mdb-2448/latest.zip,active,36.31063478725751,37.4202860557693,-82.7598975358909,-80.0201581392688
mdb-2455,Alameda-Contra Costa Transit District (AC Transit),,California,Alameda,https://api.actransit.org/transit/gtfs/download,https://files.mobilitydatabase.org/mdb-2455/latest.zip,active,37.409768,38.017813,-122.419082,-121.886829
mdb-2456,City of Ellensburg Public Transit (Central Transit),,Washington,Kittitas County,https://data.trilliumtransit.com/gtfs/ellensburg-wa-us/ellensburg-wa-us.zip,https://files.mobilitydatabase.org/mdb-2456/latest.zip,active,46.9812947,47.0271769,-120.5863135,-120.5228565
mdb-2608,Hawai'i Mass Transit Agency (Hele-On Bus),,Hawaii,Hawai'i Island,https://www.heleonbus.hawaiicounty.gov/home/showpublisheddocument/307470/638458319827900000,,active,,,,
mdb-2609,Fairfax CUE Bus (CUE),,Virginia,Fairfax,https://www.fairfaxva.gov/home/showpublisheddocument/22883/638499935919070000,,deprecated,,,,
mdb-2611,St Lawrence County Public Transit,,New York,Saint Lawrence County,https://passio3.com/stlawrence/passioTransit/gtfs/google_transit.zip,https://files.mobilitydatabase.org/mdb-2611/latest.zip,active,44.309234424,44.979147017,-75.756321646,-74.611761
mdb-2616,Blue Sky Limo LLC,,Colorado,Denver,https://blueskylimovail.com/blueskylimo_gtfs.zip,https://files.mobilitydatabase.org/mdb-2616/latest.zip,inactive,37.93871,40.484978,-107.81229,-104.6737
mdb-2621,Burns Paiute Tribal Transit,,Oregon,Burns,https://oregon-gtfs.trilliumtransit.com/gtfs_data/burnspaiute-or-us/burnspaiute-or-us.zip,https://files.mobilitydatabase.org/mdb-2621/latest.zip,active,43.57304,43.61194,-119.07488,-119.05295
mdb-2634,EZ Rider,,Texas,Midland,https://nebula.wsimg.com/40f314b8788fcc32949e0fe528a3c625?AccessKeyId=9E919CD400BCF69A0E80,https://files.mobilitydatabase.org/mdb-2634/latest.zip,active,31.8296668163,32.0382219188,-102.4115131367,-102.0538321951
mdb-2641,South Portland,,Maine,Portland,https://gtfs.remix.com/South_Portland_Bus_ME_US.zip,https://files.mobilitydatabase.org/mdb-2641/latest.zip,inactive,43.61424,43.657989,-70.357592,-70.230007
mdb-2642,Greater Portland Metro Bus,,Maine,Brunswick,https://gtfs.gptd.cadavl.com/GPTD/GTFS/GTFS_GPTD.zip,https://files.mobilitydatabase.org/mdb-2642/latest.zip,active,43.6142311,43.913782,-70.4481677,-69.8139105
mdb-2648,Huntington Park Express,,California,Huntington Park,https://www.hpca.gov/DocumentCenter/View/11702,https://files.mobilitydatabase.org/mdb-2648/latest.zip,active,33.963217,33.989315,-118.238692,-118.192457
mdb-2649,Williamsburg Area Transit Authority,,Virginia,James City County,https://gtfs.wata.cadavl.com/WATA/GTFS/GTFS_WATA.zip,https://files.mobilitydatabase.org/mdb-2649/latest.zip,active,37.19292,37.4091019,-76.82154,-76.51867
mdb-2650,Gloversville Transit System,,New York,Gloversville,https://s3.amazonaws.com/datatools-511ny/public/Gloversville_Transit_System.zip,https://files.mobilitydatabase.org/mdb-2650/latest.zip,active,42.935495,43.071231,-74.399364,-74.184569
mdb-2652,City of Jackson (JTRAN),,Mississippi,Hinds County,https://passio3.com/jtran/passioTransit/gtfs/google_transit.zip,https://files.mobilitydatabase.org/mdb-2652/latest.zip,active,32.253273,32.4005879,-90.277256,-90.111018
mdb-2662,Transit Authority of River City (TARC),Fixed Route,Indiana,Clark County,https://tarc.rideralerts.com/InfoPoint/gtfs-zip.ashx,https://files.mobilitydatabase.org/mdb-2662/latest.zip,future,38.095435,38.383245,-85.897127,-85.502994
mdb-2667,The Santa Cruzer,,California,Santa Cruz,https://www.pinpointavl.com/santacruzer.zip,https://files.mobilitydatabase.org/mdb-2667/latest.zip,future,36.963414098406,36.9752434106014,-122.027226591586,-122.024637044007
mdb-2679,Boston Harbor Islands Ferry,,Massachusetts,Boston,https://www.nps.gov/external-resources/gtfs/boha/boston-harbor-islands-ferry.zip,https://files.mobilitydatabase.org/mdb-2679/latest.zip,inactive,42.254056,42.3604543,-71.0505213,-70.919833
mdb-2684,Altamont Corridor Express,,California,Alameda County,http://api.511.org/transit/datafeeds?operator_id=CE,https://files.mobilitydatabase.org/mdb-2684/latest.zip,active,37.330686,37.95708,-122.007353,-121.264143
mdb-2706,South Metro Area Regional Transit (SMART),,Oregon,Canby,https://mysmartbus.com/gtfs,https://files.mobilitydatabase.org/mdb-2706/latest.zip,active,44.937789,45.394565,-123.03502,-122.691596
mdb-2708,SamTrans,,California,San Mateo County,http://api.511.org/transit/datafeeds?operator_id=SM,,active,,,,
mdb-2709,Trinity Transit,,California,Trinity County,https://gtfs.remix.com/trinity_county_ca.zip,https://files.mobilitydatabase.org/mdb-2709/latest.zip,active,40.5523131,40.939975,-123.6314178,-122.31765
mdb-2739,Sandy Area Metro (SAM),Static feed for realtime,Oregon,Clackamas County,https://passio3.com/sandyor/passioTransit/gtfs/google_transit.zip,https://files.mobilitydatabase.org/mdb-2739/latest.zip,active,45.28606826,45.502878367,-122.573786124,-121.7089955
mdb-2740,ClackCo Connects (Clackamas County),Static feed for realtime,Oregon,Clackamas County,https://passio3.com/clackamas/passioTransit/gtfs/google_transit.zip,https://files.mobilitydatabase.org/mdb-2740/latest.zip,active,45.286129802,45.442542881,-122.63994314,-122.333976624
mdb-2741,ClackCo Connects (Clackamas County),Flex,Oregon,Clackamas County,https://oregon-gtfs.trilliumtransit.com/gtfs_data/clackamascounty-or-us/clackamascounty-or-us--flex-v2.zip,https://files.mobilitydatabase.org/mdb-2741/latest.zip,active,45.286106192825656,45.43618452638,-122.62560819992412,-122.33389014867632
mdb-2831,Marble Valley Regional Transit District (MVRTD),Flex,Vermont,Rutland City,https://data.trilliumtransit.com/gtfs/thebus-vt-us/thebus-vt-us--flex-v2.zip,https://files.mobilitydatabase.org/mdb-2831/latest.zip,active,43.16363,44.01075486494261,-73.27599,-72.70519444
mdb-2840,Connecticut Transit,Hartford Line - Rail,Connecticut,New Haven,https://ctrides.com/hlgtfs.zip,https://files.mobilitydatabase.org/mdb-2840/latest.zip,active,41.297172,42.106137,-72.925945,-72.593041
mdb-2852,Redding Area Bus Authority,,California,Butte County,https://rabagtfs.z5.web.core.windows.net/rabagtfs.zip,https://files.mobilitydatabase.org/mdb-2852/latest.zip,deprecated,39.723457,40.937346,-122.590394,-121.606
mdb-2853,Redding Area Bus Authority,Flex,California,Redding,https://rabagtfs.z5.web.core.windows.net/rabagtfs_flex.zip,https://files.mobilitydatabase.org/mdb-2853/latest.zip,inactive,39.723457,40.937346,-122.590394,-121.606
mdb-2854,Metra,,Illinois,Chicago,https://schedules.metrarail.com/gtfs/schedule.zip,https://files.mobilitydatabase.org/mdb-2854/latest.zip,active,,,,
mdb-2855,Kingman Area Regional Transit,,Arizona,Kingman,https://rapid.nationalrtap.org/GTFSFileManagement/UserUploadFiles/5565/KART_AZ_GTFS.zip,https://files.mobilitydatabase.org/mdb-2855/latest.zip,inactive,35.186767,35.2701622,-114.065653,-113.972984
mdb-2856,City of Coolidge,Cotton Express and Central Arizona Regional Transit,Arizona,Coolidge,https://coolidgeaz.govoffice2.com/vertical/Sites/%7BAE188E70-DD7F-47BE-99EF-B58B70641DF9%7D/uploads/coolidge_gtfs.zip,https://files.mobilitydatabase.org/mdb-2856/latest.zip,inactive,32.877384,33.040685,-111.748985,-111.377375
mdb-2857,Bisbee Bus,,Arizona,Bisbee,https://rapid.nationalrtap.org/GTFSFileManagement/UserUploadFiles/11816/Bisbee_AZ_GTFS.zip,https://files.mobilitydatabase.org/mdb-2857/latest.zip,active,31.335643,31.452112,-109.948327,-109.870659
mdb-2858,Sedona Shuttle,,Arizona,Sedona,https://sedonashuttle.com/gtfs/Sedona_Shuttle_Transit_Feed.zip,,active,,,,
mdb-2859,Hiawathaland Transit,,Minnesota,Faribault,https://data.trilliumtransit.com/gtfs/threerivers-mn-us/threerivers-mn-us--flex-v2.zip,https://files.mobilitydatabase.org/mdb-2859/latest.zip,active,44.130002,44.576081,-93.305468,-91.998304
mdb-2860,Copper Mountain Transit,,Arizona,Globe,https://rapid.nationalrtap.org/GTFSFileManagement/UserUploadFiles/11492/CMT_gtfs.zip,https://files.mobilitydatabase.org/mdb-2860/latest.zip,inactive,33.35595,33.420512,-110.870303,-110.751805
mdb-2861,Galveston Island Transit,Galveston Island Transit,Texas,Galveston,https://gtfs.remix.com/island_transit_us.zip,https://files.mobilitydatabase.org/mdb-2861/latest.zip,active,29.2560086,29.3266312,-94.8564033,-94.769513
mdb-2862,CUE Bus,,Virginia,Fairfax,https://data.trilliumtransit.com/gtfs/cuebus-va-us/cuebus-va-us.zip,https://files.mobilitydatabase.org/mdb-2862/latest.zip,deprecated,38.834623,38.878837,-77.3328054577,-77.2623
mdb-2863,City of Show Low,,Arizona,Show Low,https://mjcaction.com/MJC_GTFS_Public/showlow_gtfs.zip,https://files.mobilitydatabase.org/mdb-2863/latest.zip,active,34.079751,34.930644,-110.159,-109.90375
mdb-2864,City of Douglas,,Arizona,Douglas,https://rapid.nationalrtap.org/GTFSFileManagement/UserUploadFiles/13058/douglas_az_gtfs.zip,https://files.mobilitydatabase.org/mdb-2864/latest.zip,active,31.33529,31.5637649,-110.2771405,-109.51974
mdb-2876,Keep Tahoe Blue,Emerald Bay Shuttle,Lake Tahoe,Lake Tahoe,https://keeptahoeblue.sharepoint.com/sites/LeaguetoSaveLakeTahoe-CommunityEngagement/_layouts/15/guestaccess.aspx?share=EdcHnLwMfdJLscvyGDDa8FwB_bLXkpj9XIuG5GFiKdlKJw&e=1yNB6c&download=1,,active,,,,
mdb-2877,PHLASH,Philly PHLASH,Pennsylvania,Philadelphia,https://github.com/PhlashGTFS/GTFS/releases/latest/download/PHLASH_GTFS.zip,https://files.mobilitydatabase.org/mdb-2877/latest.zip,active,39.94866,39.97881,-75.209924,-75.14394
mdb-2880,Mountain View Transportation Management Association (MVgo),,California,Mountain View,https://gtfs.mvgo.org/gtfs.zip,https://files.mobilitydatabase.org/mdb-2880/latest.zip,active,37.387655512462,37.4314288965063,-122.111623478335,-122.047760594783
mdb-2881,Watertown Citibus,,New York,Watertown,https://passio3.com/watertown/passioTransit/gtfs/google_transit.zip,https://files.mobilitydatabase.org/mdb-2881/latest.zip,active,43.950830414,43.994608717,-75.962275188,-75.876931739
mdb-2882,Rural Community Transportation (RCT),,Vermont,Saint Johnsbury,https://data.trilliumtransit.com/gtfs/ruralcommunity-vt-us/ruralcommunity-vt-us--flex-v2.zip,https://files.mobilitydatabase.org/mdb-2882/latest.zip,active,44.141096561202,45.004295166893,-73.29892,-71.740874
mdb-2883,Mountain View Community Shuttle,,California,Mountain View,https://gtfs.mvcommunityshuttle.com/gtfs.zip,https://files.mobilitydatabase.org/mdb-2883/latest.zip,inactive,37.369497,37.4151345362921,-122.108236955855,-122.059696095817
mdb-2884,VTrans,Springfield MicroMoo,Vermont,Dover,https://data.trilliumtransit.com/gtfs/sevt-vt-us/sevt-vt-us--flex-v2.zip,https://files.mobilitydatabase.org/mdb-2884/latest.zip,active,42.7664048,43.704185,-73.19800976057434,-72.227364677934
mdb-2885,Fairfax CUE Bus (CUE),,Virginia,Fairfax,https://www.fairfaxva.gov/files/assets/city/v/2/public-works/documents/schedules-and-maps/cue-gtfs.zip,https://files.mobilitydatabase.org/mdb-2885/latest.zip,active,38.834623,38.878837,-77.3328054577,-77.2623
mdb-2886,San Francisco Municipal Transportation Agency (SFMTA - Muni),,California,San Francisco,https://muni-gtfs.apps.sfmta.com/data/muni_gtfs-current.zip,https://files.mobilitydatabase.org/mdb-2886/latest.zip,active,37.705879,37.829848,-122.510792,-122.367027
mdb-2890,Trinity Metro,,Texas,Fort Worth,https://gtfsdata.ridetm.org/gtfs/fwtatransitdata.zip,https://files.mobilitydatabase.org/mdb-2890/latest.zip,active,32.56348,32.965685,-97.47942,-97.038021
mdb-2894,Clovis Transit,,California,Clovis,https://passio3.com/clovis/passioTransit/gtfs/google_transit.zip,https://files.mobilitydatabase.org/mdb-2894/latest.zip,active,36.786897964,36.88854,-119.754093,-119.636906963
mdb-2936,Alexandria DOT,City of Alexandria,Virginia,Alexandria,https://data.trilliumtransit.com/gtfs/cityofalexandria-va-us/cityofalexandria-va-us--flex-v2.zip,https://files.mobilitydatabase.org/mdb-2936/latest.zip,active,38.836368,38.836368,-77.049221,-77.049221
mdb-2937,Marin Transit,,California,Belvedere,https://marintransit.gov/data/google_transit.zip,https://files.mobilitydatabase.org/mdb-2937/latest.zip,active,37.857136,38.124531,-122.851524,-122.456139
mdb-2947,Petaluma Transit,,California,Petaluma,http://api.511.org/transit/datafeeds?operator_id=PE,https://files.mobilitydatabase.org/mdb-2947/latest.zip,active,38.217522,38.276555,-122.668971,-122.584855
mdb-2948,Santa Rosa CityBus,,California,Santa Rosa,http://api.511.org/transit/datafeeds?operator_id=SR,https://files.mobilitydatabase.org/mdb-2948/latest.zip,active,38.401882,38.480714,-122.769871,-122.5811514711
mdb-3031,Redding Area Bus Authority,,California,Redding,https://gtfs.remix.com/redding_area_bus_authority.zip,https://files.mobilitydatabase.org/mdb-3031/latest.zip,active,39.723457,40.937346,-122.405778,-121.606
mdb-3032,Humboldt Transit Authority,,California,Eureka,https://hta.optibus.co/public_api/v1/feeds/gtfs,https://files.mobilitydatabase.org/mdb-3032/latest.zip,active,39.1533019,41.06145518545524,-124.223416986081,-123.19884215396728
mdb-3033,Boston Express,,Massachusetts,Boston,https://rapid.nationalrtap.org/GTFSFileManagement/UserUploadFiles/11782/GTFS.zip,https://files.mobilitydatabase.org/mdb-3033/latest.zip,active,42.3523178,42.9177258,-71.503963,-71.0164618
mdb-3034,Cecil Transit,,Maryland,Elkton,https://passio3.com/cecil/passioTransit/gtfs/google_transit.zip,https://files.mobilitydatabase.org/mdb-3034/latest.zip,inactive,39.549997,39.68319,-76.076335,-75.743525914
mdb-3035,PATCO Speedline,,Pennsylvania,Philadelphia,https://rapid.nationalrtap.org/GTFSFileManagement/UserUploadFiles/13562/PATCO_GTFS.zip,https://files.mobilitydatabase.org/mdb-3035/latest.zip,active,39.833962,39.955298,-75.167792,-75.000664
mdb-3036,Upper Merion Rambler,Upper Merion Rambler,Pennsylvania,Upper Merion Township,https://rapid.nationalrtap.org/GTFSFileManagement/UserUploadFiles/13641/UPPER_MERION_RAMBLER.zip,https://files.mobilitydatabase.org/mdb-3036/latest.zip,active,40.083563,40.111087,-75.417427,-75.358047
mdb-3037,Columbia County Rider,,Oregon,Scappoose,https://oregon-gtfs.trilliumtransit.com/gtfs_data/columbiacounty-or-us/columbiacounty-or-us--flex-v2.zip,https://files.mobilitydatabase.org/mdb-3037/latest.zip,active,45.516844455494,46.0896034068933,-122.937366424041,-122.67917901277
mdb-3038,Everett Transit,,Washington,Everett,https://everett.prod.mapstrat.com/current/google_transit.zip,https://files.mobilitydatabase.org/mdb-3038/latest.zip,active,47.87995148,48.009836,-122.3063812,-122.184499
mdb-3039,Hope College Evening Shuttle,Hope College Evening Shuttle,Michigan,Holland,https://hope-college-cit.github.io/shuttle/hope-shuttle-gtfs.zip,https://files.mobilitydatabase.org/mdb-3039/latest.zip,active,42.7839525,42.7886239,-86.104446,-86.0974872
ntd-41,Alaska Railroad Corporation,,Alaska,Anchorage,https://www.alaskarailroad.com/sites/default/files/GTFS/GTFS-20240419.zip,https://files.mobilitydatabase.org/ntd-41/latest.zip,inactive,60.14323308,64.56447151,-150.11696021,-148.91253239
ntd-294,City of Pullman,,Washington,Whitman County,https://pullmanbusbeacon.com/gtfs,https://files.mobilitydatabase.org/ntd-294/latest.zip,active,46.712487,46.750406,-117.208703,-117.12101
ntd-332,Okanogan County Transportation & Nutrition,,Washington,Okanogan County,https://business.wsdot.wa.gov/Transit/csv_files/TranGO/trango.zip,https://files.mobilitydatabase.org/ntd-332/latest.zip,inactive,47.9601460939749,48.946878,-120.18895,-118.972870866676
ntd-341,Selkirk-Pend Oreille Transit Authority (SMART),,Idaho,Moscow,https://rapid.nationalrtap.org/GTFSFileManagement/UserUploadFiles/11599/google_transit.zip,https://files.mobilitydatabase.org/ntd-341/latest.zip,inactive,46.722040345,46.74025,-117.037182468,-116.980385971
ntd-387,City of Bethel,,Alaska,Unorganized Borough,https://bethel.govoffice.com/vertical/Sites/%7B86032ACB-92B0-4505-919A-3F45B84FECD9%7D/uploads/bts_gtfs.zip,https://files.mobilitydatabase.org/ntd-387/latest.zip,active,60.784727,60.808275,-161.824302,-161.736774
ntd-404,Silver Express Shuttle,,Idaho,Kellogg,https://rapid.nationalrtap.org/GTFSFileManagement/UserUploadFiles/11688/shoshone-idaho-id-us.zip,https://files.mobilitydatabase.org/ntd-404/latest.zip,active,47.4705687,47.5485792,-116.2708291,-115.8009106
ntd-10002,Manchester Transit Authority,,New Hampshire,Manchester,http://rapid.nationalrtap.org/GTFSFileManagement/UserUploadFiles/7841/MTA_GTFS_October_2023.zip,https://files.mobilitydatabase.org/ntd-10002/latest.zip,inactive,42.758236,43.212784,-71.534387,-71.207607
ntd-10004,Brockton Area Transit Authority,,Massachusetts,Plymouth County,https://passio3.com/brockton/passioTransit/gtfs/google_transit.zip,https://files.mobilitydatabase.org/ntd-10004/latest.zip,active,41.987004092,42.284300129,-71.148856,-70.968377245
ntd-10015,Lewiston-Auburn Transit Committee (Citylink),,Maine,Lewiston,https://www.avcog.org/DocumentCenter/View/5106,https://files.mobilitydatabase.org/ntd-10015/latest.zip,inactive,44.06608108,44.14200444,-70.26239632,-70.12923132
ntd-10087,Nashua Transit System,,New Hampshire,Nashua,https://rapid.nationalrtap.org/GTFSFileManagement/UserUploadFiles/0/Nashua_Transit_System_GTFS.zip,https://files.mobilitydatabase.org/ntd-10087/latest.zip,inactive,42.701174,42.810573,-71.579629,-71.43602
ntd-10107,Milford Transit District,,Connecticut,Milford,https://hosted-gtfs-feeds.s3.amazonaws.com/Milford/gtfs.zip,https://files.mobilitydatabase.org/ntd-10107/latest.zip,active,41.180362,41.236638,-73.113075,-72.997991
ntd-10133,Boston Express Bus,,Massachusetts,Boston,https://rapid.nationalrtap.org/GTFSFileManagement/UserUploadFiles/11782/fare_attributes.zip,https://files.mobilitydatabase.org/ntd-10133/latest.zip,inactive,42.3519448,42.986893,-71.503866,-71.021251
ntd-10159,City Express,,New Hampshire,Keene,http://www.swrpc.org/wp-content/uploads/2024/03/HCS_GTFS.zip,https://files.mobilitydatabase.org/ntd-10159/latest.zip,active,42.9097752,42.962833,-72.327253,-72.267388909
ntd-10183,"Woods Hole Martha's Vineyard and Nantucket Steamship Authority, ",,Massachusetts,Barnstable,https://www-steamship-assets.s3.amazonaws.com/versioned_downloadable_forms/path/google_transit.zip,https://files.mobilitydatabase.org/ntd-10183/latest.zip,inactive,41.28547,41.651109,-70.670299,-70.096105
ntd-11152,Mashantucket Pequot Tribal Nation,,Connecticut,Ledyard,https://rapid.nationalrtap.org/GTFSFileManagement/UserUploadFiles/11763/mptn_gtfs.zip,https://files.mobilitydatabase.org/ntd-11152/latest.zip,active,41.455984,41.477431,-71.998092,-71.953025
ntd-20005,Chemung County (C-TRAN),,New York,Chemung County,https://s3.amazonaws.com/datatools-511ny/public/Chemung_C_TRAN.zip,https://files.mobilitydatabase.org/ntd-20005/latest.zip,active,41.980677,42.447267,-77.07267,-76.227525
ntd-20122,Academy Lines,,New Jersey,Monmouth County,https://www.njtransit.com/Academy_bus_data.zip,https://files.mobilitydatabase.org/ntd-20122/latest.zip,inactive,39.95165287,40.757428,-74.89173084,-73.97368122
ntd-20169,Trans-Bridge Lines,,Pennsylvania,Bethlehem,https://www.njtransit.com/Trans-Bridge_bus_data.zip,https://files.mobilitydatabase.org/ntd-20169/latest.zip,inactive,40.306258,40.756901,-75.543394,-73.99028
ntd-20177,"Adirondack Trailways, New York Trailways, Pine Hill Trailways, Burlington Trailways",,New York,Ulster County,https://cmscdn.trailways.com/gtfs/trailways_gtfs.zip,https://files.mobilitydatabase.org/ntd-20177/latest.zip,active,40.72981,45.5247,-79.71209,-73.421875
ntd-20190,Tuckerton Seaport Ferry,,New Jersey,Beach Haven,https://www.njtransit.com/TuckertonSeaport_bus_data.zip,https://files.mobilitydatabase.org/ntd-20190/latest.zip,inactive,39.57073,39.601026,-74.342411,-74.238467
ntd-20208,Cross County Connection,,New Jersey,Willingboro Township,https://www.njtransit.com/BurlingtonShuttles_bus_data.zip,https://files.mobilitydatabase.org/ntd-20208/latest.zip,inactive,39.940364,40.109648,-74.915342,-74.544976
ntd-20209,Somerset County,,New Jersey,Franklin Township,https://www.njtransit.com/SomersetCounty_bus_data.zip,https://files.mobilitydatabase.org/ntd-20209/latest.zip,active,40.486712,40.652871,-74.691245,-74.427975
ntd-20220,Broadway Bus Corporation,,New Jersey,Bayonne,https://www.njtransit.com/broadway_bus_data.zip,https://files.mobilitydatabase.org/ntd-20220/latest.zip,inactive,40.645338,40.692764,-74.13046,-74.100654
ntd-20223,Cape May Lewes Ferry,,New Jersey,Lower Township,https://www.cmlf.com/sites/default/files/2024-05/CMLF_GTFS.zip,https://files.mobilitydatabase.org/ntd-20223/latest.zip,inactive,38.78242,38.96858,-74.95968,-74.11952
ntd-20226,SeaStreak Ferries,,Massachusetts,New Bedford,https://seastreak.com/api/transit/google_transit.zip,https://files.mobilitydatabase.org/ntd-20226/latest.zip,active,40.409395,41.815975,-74.078817,-70.096322
ntd-20950,Sussex County Skylands Ride,,New Jersey,Newton,https://www.njtransit.com/sussexcounty_bus_data.zip,https://files.mobilitydatabase.org/ntd-20950/latest.zip,active,40.897851,41.207829,-74.769245,-74.572049
ntd-22929,Seneca Transit System,,New York,Cattaraugus County,https://passio3.com/senecanation/passioTransit/gtfs/google_transit.zip,https://files.mobilitydatabase.org/ntd-22929/latest.zip,active,42.056536,42.579113,-79.10512,-78.659191
ntd-30002,Tri-State Transit Authority,,West Virginia,Huntington,https://www.tta-wv.com/Feed.zip,https://files.mobilitydatabase.org/ntd-30002/latest.zip,inactive,38.379354,38.483615,-82.588198,-82.054739
ntd-30010,Lehigh and Northampton Transportation Authority (LANTA),,Pennsylvania,Lehigh County,https://realtimelanta.availtec.com/InfoPoint/gtfs-zip.ashx,https://files.mobilitydatabase.org/ntd-30010/latest.zip,active,40.527096,40.884444,-75.894966,-75.204932
ntd-30054,Centre Area Transportation Authority (CATABUS),,Pennsylvania,Centre County,https://catabus.com/wp-content/uploads/google_transit.zip,https://files.mobilitydatabase.org/ntd-30054/latest.zip,active,40.761013,40.8381401156,-77.925545,-77.7963361222
ntd-30116,Borough of Mt. Carmel,,Pennsylvania,Sunbury,https://lats.rideralerts.com/infopoint/gtfs-zip.ashx,https://files.mobilitydatabase.org/ntd-30116/latest.zip,active,40.771556,40.872867,-76.848287,-76.354736
ntd-30122,Country Roads Transit,,West Virginia,Buckhannon,https://countryroadstransit.com/wp-content/uploads/feedCRT.zip,https://files.mobilitydatabase.org/ntd-30122/latest.zip,inactive,38.890405,38.999277,-80.236611,-79.843614
ntd-30124,Transit Authority of Warren County,,Pennsylvania,Warren,https://tawc.rideralerts.com/InfoPoint/gtfs-zip.ashx,https://files.mobilitydatabase.org/ntd-30124/latest.zip,active,41.697727,41.905399,-79.361824,-79.030056
ntd-30129,Anne Arundel County,,Maryland,Annapolis,https://www.aacounty.org/gtfs,https://files.mobilitydatabase.org/ntd-30129/latest.zip,inactive,38.92755208,39.23882444,-76.7457648,-76.48183858
ntd-30201,Charm City Circulator,,Maryland,Baltimore,https://transportation.baltimorecity.gov/files/ccc-gtfs-january-2024zip,https://files.mobilitydatabase.org/ntd-30201/latest.zip,deprecated,39.2557332,39.328043505,-76.635043466,-76.584193691
ntd-40024,METRA,,Georgia,Muscogee County,https://metracolumbus.com/gtfs,https://files.mobilitydatabase.org/ntd-40024/latest.zip,active,32.363111,32.562217,-84.990535,-84.869212
ntd-40054,Johnson City,,Tennessee,Johnson City,https://www.johnsoncitytransit.org/google_transit.zip,https://files.mobilitydatabase.org/ntd-40054/latest.zip,active,36.2806636858382,36.3891228371336,-82.429003,-82.320102889544
ntd-40055,City of Bristol Tennessee,,Tennessee,Sullivan County,https://www.bristoltn.org/DocumentCenter/View/10245/btt-bristol-tn-us,https://files.mobilitydatabase.org/ntd-40055/latest.zip,active,36.544131165,36.595637267,-82.2615673899999,-82.1427644899999
ntd-40056,Pee Dee Regional Transportation Authority,,South Carolina,Florence,https://res2.yourwebsite.life/res/605995d1530fd500214c97ba/65d93f37ca8ed2000ecad7f6,https://files.mobilitydatabase.org/ntd-40056/latest.zip,active,33.659311,34.776419,-80.399973,-78.771945
ntd-40060,City of Hattiesburg,,Mississippi,Hattiesburg,https://api.transloc.com/gtfs/hct.zip,https://files.mobilitydatabase.org/ntd-40060/latest.zip,active,31.2619818959055,31.3484846944084,-89.381220537599,-89.2561794518019
ntd-40063,Space Coast Area Transit,,Florida,Melbourne,https://321transit.com/wp-content/uploads/2024/04/gtfs_151.zip,https://files.mobilitydatabase.org/ntd-40063/latest.zip,active,27.950475692749023,28.754623413085938,-80.87371063232422,-80.56696319580078
ntd-40080,City of Kingsport,,Tennessee,Kingsport,https://api.transloc.com/gtfs/kats.zip,https://files.mobilitydatabase.org/ntd-40080/latest.zip,active,36.5068119504809,36.5765570686485,-82.6353458500027,-82.4935977442126
ntd-40101,Spartanburg Area Regional Transit Agency (SPARTA),,South Carolina,Spartanburg,https://api.tost.app/v1/gtfs/download?agencyId=9cde559d-1a95-4baa-8070-cffd2bde0007,https://files.mobilitydatabase.org/ntd-40101/latest.zip,inactive,34.917014,34.996724,-82.00132,-81.877822
ntd-40104,Indian River Transit,,Florida,Sebastian,https://ftis.org/ftde/40104-IndianRiverTransit/gtfs.zip,https://files.mobilitydatabase.org/ntd-40104/latest.zip,active,27.415515,27.844513,-80.6073036697,-80.355516
ntd-40117,Municipality of Vega Baja,,Puerto Rico,Morovis,http://rapid.nationalrtap.org/GTFSFileManagement/UserUploadFiles/11526/MUVB_GTFS.zip,https://files.mobilitydatabase.org/ntd-40117/latest.zip,active,18.346677,18.490805,-66.431898,-66.368174
ntd-40131,Davidson County Transportation Services,,North Carolina,Davidson County,https://www.dcridestracker.com/gtfs,https://files.mobilitydatabase.org/ntd-40131/latest.zip,active,35.794214,35.898547,-80.288013,-80.065652
ntd-40137,Municipality of Bayamon,,Puerto Rico,Bayamón,https://rapid.nationalrtap.org/GTFSFileManagement/UserUploadFiles/11391/MunBayamonGTFS.zip,https://files.mobilitydatabase.org/ntd-40137/latest.zip,active,18.29493373,18.42422,-66.20899,-66.12439
ntd-40156,Aiken Senior Life Services,,South Carolina,Aiken,http://rapid.nationalrtap.org/GTFSFileManagement/UserUploadFiles/7972/BFE_GTFS.zip,https://files.mobilitydatabase.org/ntd-40156/latest.zip,inactive,33.481091,33.58543,-81.98703,-81.692831
ntd-40184,City of Bowling Green,,Kentucky,Bowling Green,https://gobg.ridesystems.net/Secure/Admin/Reports/GTFSDownload.aspx,https://files.mobilitydatabase.org/ntd-40184/latest.zip,active,36.929737,37.0115524968,-86.4854956718,-86.3985628352
ntd-40188,Virgin Island Transit (VITran),,United States Virgin Islands,Anna's Retreat,https://rapid.nationalrtap.org/GTFSFileManagement/UserUploadFiles/11872/vitran_gtfs.zip,https://files.mobilitydatabase.org/ntd-40188/latest.zip,active,17.689463,18.35485602,-64.953165,-64.684594
ntd-40190,Lakeway Transit,,Tennessee,Morristown,https://www.lakewaytransit.com/_files/archives/880354_3dae1835a9c04b40ac803540a92adf83.zip?dn=export-2023-11-27T08-41-59.zip,https://files.mobilitydatabase.org/ntd-40190/latest.zip,inactive,36.1970702430104,36.2364672060582,-83.3348069285283,-83.2575062702348
ntd-40193,"City of Hinesville, Georgia",,Georgia,Hinesville,https://api.transloc.com/gtfs/liberty.zip,https://files.mobilitydatabase.org/ntd-40193/latest.zip,inactive,31.759857,31.871711,-81.6511030380287,-81.571176
ntd-40206,TriCounty Link,,South Carolina,Charleston County,http://data.trilliumtransit.com/gtfs/tricountylink-sc-us/tricountylink-sc-us.zip,https://files.mobilitydatabase.org/ntd-40206/latest.zip,active,32.569305235571,33.581350752655,-80.57393424893417,-79.4640023086412
ntd-40920,Ride Solution,,Florida,Palatka,https://ftis.org/FTDE/4R02-40920-RideSolution/google_transit.zip,https://files.mobilitydatabase.org/ntd-40920/latest.zip,inactive,29.39176,30.33004,-82.323597,-81.316543
ntd-40989,Southeast Tennessee Human Resource Agency-Rural Division,,Tennessee,Athens,https://www.sethratransit.org/s/SETHRA_GTFS.zip,https://files.mobilitydatabase.org/ntd-40989/latest.zip,inactive,35.439192,35.468384,-84.630806,-84.582706
ntd-40999,Sumter County Transit,,Florida,Sumter County,https://ftis.org/FTDE/4R02-40999-SumterCountyBoardofCountyCommissioners/google_transit.zip,https://files.mobilitydatabase.org/ntd-40999/latest.zip,inactive,28.610731,28.92956,-82.139394,-82.000659
ntd-41032,City of Maysville,,Kentucky,Maysville,https://rapid.nationalrtap.org/GTFSFileManagement/UserUploadFiles/11892/maysville_ky_gtfs.zip,https://files.mobilitydatabase.org/ntd-41032/latest.zip,active,38.616159,38.65827,-83.8093,-83.731849
ntd-41083,City of Glasgow,,Kentucky,Barren County,https://rapid.nationalrtap.org/GTFSFileManagement/UserUploadFiles/11923/glasgow_gtfs.zip,https://files.mobilitydatabase.org/ntd-41083/latest.zip,active,36.98392,37.02157,-85.94902,-85.89766
ntd-41136,City of Pigeon Forge,,Tennessee,Pigeon Forge,https://pigeonforge.connexionz.net/rtt/public/resource/gtfs.zip,https://files.mobilitydatabase.org/ntd-41136/latest.zip,active,35.733184,35.838532,-83.633746,-83.521932
ntd-41153,Big Bend Transit,,Florida,Madison,https://ftis.org/FTDE/4R02-41153-BigBendTransit/google_transit.zip,https://files.mobilitydatabase.org/ntd-41153/latest.zip,inactive,30.078128,30.704781,-84.843169,-83.399854
ntd-41170,Baker Council on Aging,,Florida,Jacksonville,https://ftis.org/FTDE/4R02-41170-BakerCouncilonAging/google_transit.zip,https://files.mobilitydatabase.org/ntd-41170/latest.zip,inactive,30.17645,30.347605,-82.67689,-81.662021
ntd-44929,LauderGO! Water Trolley,,Florida,Fort Lauderdale,https://rapid.nationalrtap.org/GTFSFileManagement/UserUploadFiles/11865/watertrolley_ftl_gtfs.zip,https://files.mobilitydatabase.org/ntd-44929/latest.zip,active,26.116702,26.119587,-80.147496,-80.137319
ntd-44938,DeSoto Arcadia Regional Transit,,Florida,Arcadia,https://ftis.org/FTDE/4R02-44938-CentralFloridaRegionalPlanningCouncil/google_transit.zip,https://files.mobilitydatabase.org/ntd-44938/latest.zip,inactive,27.190102,27.227966,-81.867534,-81.829681
ntd-44980,Hendry Co. BOCC,,Florida,,https://ftis.org/FTDE/4R02-44980-HendryCoBOCC/google_transit.zip,https://files.mobilitydatabase.org/ntd-44980/latest.zip,deprecated,26.64182168,26.840459,-81.46783755,-80.664171
ntd-50004,City of La Crosse (Municipal Transit Utility) ,,Wisconsin,La Crosse,https://static.cityoflacrosse.org/mtu/GTFS_Feed_CityofLaCrosse.zip,https://files.mobilitydatabase.org/ntd-50004/latest.zip,inactive,43.75674782,43.88640667,-91.320835,-91.17679146
ntd-50020,Springfield City Area Transit,,Ohio,Springfield,https://rapid.nationalrtap.org/GTFSFileManagement/UserUploadFiles/11869/SCAT_GTFS.zip,https://files.mobilitydatabase.org/ntd-50020/latest.zip,inactive,39.8943063064,39.9664106272,-83.8530222263,-83.7311468506
ntd-50028,St. Cloud Metropolitan Transit Commission,,Minnesota,Stearns County,https://ridemetrobus.com/transit/google_transit.zip,https://files.mobilitydatabase.org/ntd-50028/latest.zip,active,45.4889410863877,45.66187186,-94.263436,-94.12244111
ntd-50029,Bay Metropolitan Transit Authority,,Michigan,Bay County,https://rapid.nationalrtap.org/GTFSFileManagement/UserUploadFiles/11684/BMTA_GTFS.zip,https://files.mobilitydatabase.org/ntd-50029/latest.zip,active,43.514454,43.864652,-84.088468,-83.776896
ntd-50043,City of Evansville,,Indiana,Evansville,https://rapid.nationalrtap.org/GTFSFileManagement/UserUploadFiles/11867/METS_GTFS.zip,https://files.mobilitydatabase.org/ntd-50043/latest.zip,inactive,37.943501,38.030869,-87.679089,-87.44268
ntd-50050,IndyGo Public Transportation,,Indiana,Marion County,https://www.indygo.net/wp-content/plugins/wp-gtfs/feed/gtfs.zip,https://files.mobilitydatabase.org/ntd-50050/latest.zip,inactive,39.628231,39.920356,-86.330933,-85.962211
ntd-50060,Champaign-Urbana Mass Transit District,,Illinois,Champaign County,https://developer.mtd.org/gtfs/google_transit.zip,https://files.mobilitydatabase.org/ntd-50060/latest.zip,active,40.04806518554688,40.152786,-88.322875,-88.159994
ntd-50090,Richland County Transit,,Ohio,Mansfield,https://www.rcrpc.org/_files/archives/4d4050_1deae5fbed4b49ba819eadc8cb854d66.zip?dn=GTFS%20Data%20Files.zip,https://files.mobilitydatabase.org/ntd-50090/latest.zip,inactive,40.69102478027344,40.82337951660156,-82.61407470703125,-82.47612762451172
ntd-50142,Steel Valley Regional Transit Authority,,Ohio,Steubenville,https://rapid.nationalrtap.org/GTFSFileManagement/UserUploadFiles/5972/svrta_draft.zip,https://files.mobilitydatabase.org/ntd-50142/latest.zip,inactive,40.18869703,40.4543073,-80.7285862,-80.1522007
ntd-50145,City of Kokomo,,Indiana,Howard County,https://rapid.nationalrtap.org/GTFSFileManagement/UserUploadFiles/11767/CityofKokomo_Transit.zip,https://files.mobilitydatabase.org/ntd-50145/latest.zip,active,40.4203533596215,40.51990281,-86.1664653704806,-86.0992129703936
ntd-50163,Licking County Transit,,Ohio,Newark,https://transit.lickingcounty.gov/api/exports/gtfs,https://files.mobilitydatabase.org/ntd-50163/latest.zip,active,39.92819444444444,40.09929701427873,-82.53934054252527,-82.3627148617334
ntd-50205,Mankato Transit System,,Minnesota,Mankato,https://content.mankatomn.gov/transit/google_transit.zip,,active,,,,
ntd-50209,"Central Indiana Regional Transportation Authority, Access Johnson County",,Indiana,Johnson County,https://rapid.nationalrtap.org/GTFSFileManagement/UserUploadFiles/11596/CIRTA_GTFS.zip,https://files.mobilitydatabase.org/ntd-50209/latest.zip,active,39.473501,39.982387,-86.398804,-86.016977
ntd-50232,Go West Transit,,Illinois,Macomb,https://api.transloc.com/gtfs/wiu.zip,https://files.mobilitydatabase.org/ntd-50232/latest.zip,active,40.439824,40.482786,-90.704909,-90.641812
ntd-50244,Isabella County Transportation Commission (I-Ride),,Michigan,Mount Pleasant,https://rapid.nationalrtap.org/GTFSFileManagement/UserUploadFiles/11707/GoogleTR.zip,https://files.mobilitydatabase.org/ntd-50244/latest.zip,inactive,43.56503,43.604224,-84.787562,-84.7296396
ntd-50276,Ride Solution/WATS,,Indiana,Boonville,https://protect2.fireeye.com/v1/url?k=31323334-50bba2bf-31367a34-4544474f5631-5611d03cd1eefc3f&q=1&e=69d1dfca-6596-4224-a2c4-fa9ac8a440ea&u=https%3A%2F%2Fridesolution.org%2Fwp-content%2Fuploads%2F2024%2F04%2FRide_Solution-WATSGTFSFeed.zip,https://files.mobilitydatabase.org/ntd-50276/latest.zip,inactive,37.945326,38.05847,-87.451308,-87.257703
ntd-50281,Cass Area Transit,,Indiana,Logansport,https://www.casstransit.com/feeds/GTFS/CassGTFSFeed.zip,https://files.mobilitydatabase.org/ntd-50281/latest.zip,inactive,40.755201,40.768967,-86.369518,-86.312397
ntd-50282,Kalkaska Public Transit Authority,,Michigan,Kalkaska,https://img1.wsimg.com/blobby/go/c8af6a6d-67d8-4429-b7ec-3fefc453da10/downloads/KPTA_GTFS.zip?ver=1715188985751,https://files.mobilitydatabase.org/ntd-50282/latest.zip,active,44.582788,44.853224,-85.525744,-84.938975
ntd-50327,South Central Illinois Mass Transit District,,Illinois,Mount Vernon,http://rapid.nationalrtap.org/GTFSFileManagement/UserUploadFiles/11388/gtfs.zip,https://files.mobilitydatabase.org/ntd-50327/latest.zip,inactive,37.7123974538012,38.642081,-89.659098,-88.8877201080322
ntd-50347,Blue River Services,,Indiana,Marengo,https://www.brsinc.org/s/BRSFeed.zip,https://files.mobilitydatabase.org/ntd-50347/latest.zip,inactive,38.106441,38.37402,-86.34167,-85.974033
ntd-50386,City of Houghton,,Michigan,Houghton,https://rapid.nationalrtap.org/GTFSFileManagement/UserUploadFiles/11734/gtfstransit.zip,https://files.mobilitydatabase.org/ntd-50386/latest.zip,active,47.106132,47.1219,-88.59188,-88.549674
ntd-50485,City of Marion,,Indiana,Marion,https://protect2.fireeye.com/v1/url?k=31323334-50bba2bf-31367a34-4544474f5631-fd70cc567f317762&q=1&e=f82a95c8-ea90-40c7-9ce2-8281365f099a&u=https%3A%2F%2Frapid.nationalrtap.org%2FGTFSFileManagement%2FUserUploadFiles%2F11837%2FMTS_Upload.zip,https://files.mobilitydatabase.org/ntd-50485/latest.zip,inactive,40.514596,40.578169,-85.692586,-85.54894
ntd-50502,City of Galesburg,,Illinois,Knox County,https://gis.ci.galesburg.il.us/cityofgalesburg-il-us.zip,https://files.mobilitydatabase.org/ntd-50502/latest.zip,active,40.93289685,40.98672165,-90.40780306,-90.33655478983644
ntd-60023,Lake Charles Transit,,Louisiana,Lake Charles,https://america.usetransit.com/api/1/public/gtfs/31/gtfs.zip?token=0bcf57ebd588bd7749168808071d365973b45d1d8,https://files.mobilitydatabase.org/ntd-60023/latest.zip,active,30.168636,30.270334,-93.249598,-93.154883
ntd-60032,New Orleans Regional Transit Authority (NORTA),,Louisiana,Orleans Parish,https://www.norta.com/RTA/media/GTFS/GTFS.zip,https://files.mobilitydatabase.org/ntd-60032/latest.zip,active,29.90074,30.071972,-90.255718,-89.907013
ntd-60040,City of Abilene,,Texas,Abilene,https://api.transloc.com/gtfs/citylink.zip,https://files.mobilitydatabase.org/ntd-60040/latest.zip,inactive,32.39549,32.49057413,-99.809006,-99.6877367723583
ntd-60058,St. Bernard Parish,,Louisiana,Chalmette,https://rapid.nationalrtap.org/GTFSFileManagement/UserUploadFiles/11870/sbp_sburt_gtfs.zip,https://files.mobilitydatabase.org/ntd-60058/latest.zip,active,29.867765,29.960614,-90.004568,-89.874294
ntd-60080,Good Earth Transit,,Louisiana,Terrebonne Parish,https://america.usetransit.com/api/1/public/gtfs/7/gtfs.zip?token=987dbc22d5980a4be397675617103334454552804,https://files.mobilitydatabase.org/ntd-60080/latest.zip,active,29.564282,29.811031,-90.847453,-90.647018
ntd-60081,City of Longview,,Texas,Longview,https://cloud.longviewtexas.gov/maps/LongviewTransitGTFS/LongviewTransitGTFS.zip,https://files.mobilitydatabase.org/ntd-60081/latest.zip,active,32.43588655957431,32.55044835723852,-94.8124486406898,-94.69288731322064
ntd-60086,City of Fort Smith,,Arkansas,Fort Smith,https://rapid.nationalrtap.org/GTFSFileManagement/UserUploadFiles/11783/FST_GTFS.zip,https://files.mobilitydatabase.org/ntd-60086/latest.zip,active,35.291551,35.429409,-94.431808,-94.29935
ntd-60089,City of Tyler,,Texas,Tyler,https://passio3.com/tylertx/passioTransit/gtfs/google_transit.zip,https://files.mobilitydatabase.org/ntd-60089/latest.zip,active,,,,
ntd-60091,Hill Country Transit District,,Texas,Temple,http://www.takethehop.com/Google/google_transit.zip,https://files.mobilitydatabase.org/ntd-60091/latest.zip,inactive,31.0522145660052,31.1259967759846,-97.8692047518018,-97.3397393429124
ntd-60093,Texarkana Urban Transit District (T-Line Bus),,Texas,Texarkana,https://rapid.nationalrtap.org/GTFSFileManagement/UserUploadFiles/11728/texarkanaurbantransit-tx-us.zip,https://files.mobilitydatabase.org/ntd-60093/latest.zip,inactive,33.396623,33.477882,-94.131045,-93.99888
ntd-60095,Golden Crescent Regional Planning Commission,,Texas,Victoria County,https://gtfs.gcrpc.org/GCRPC-Commuter.zip,https://files.mobilitydatabase.org/ntd-60095/latest.zip,inactive,28.62654415,29.21687328,-96.99468837,-95.98802861
ntd-60097,Midland-Odessa Urban Transit District,,Texas,Midland,http://nebula.wsimg.com/d1765d43782cc9d2d026c4925e8a189b?AccessKeyId=9E919CD400BCF69A0E80&disposition=0&alloworigin=1,https://files.mobilitydatabase.org/ntd-60097/latest.zip,active,31.8296668163,32.0382219188,-102.4115131367,-102.0538321951
ntd-60099,Metro McAllen,,Texas,McAllen,https://mcallen.net/metro/assets/resources/GTFS%20-%20TransLoc.zip,https://files.mobilitydatabase.org/ntd-60099/latest.zip,inactive,26.150883,26.310606,-98.276167,-98.176528
ntd-60103,"Fort Bend County, Texas",,Texas,Houston,https://www.fortbendcountytx.gov/sites/default/files/document-central/document-central/public-transportation-documents/FortBendGTFS.Zip,https://files.mobilitydatabase.org/ntd-60103/latest.zip,active,29.521787,29.75274,-95.809128,-95.390522
ntd-60113,City of Cleburne,,Texas,Fort Worth,https://rapid.nationalrtap.org/GTFSFileManagement/UserUploadFiles/11726/cct_gtfs.zip,https://files.mobilitydatabase.org/ntd-60113/latest.zip,inactive,32.349642,32.751606,-97.388349,-97.299209
ntd-60118,City of Edmond,,Oklahoma,Edmond,https://www.edmondok.gov/DocumentCenter/View/9799/GTFS-1,https://files.mobilitydatabase.org/ntd-60118/latest.zip,inactive,35.468670382,35.66765506,-97.519456437,-97.418719704
ntd-60133,McKinney Avenue Transit Authority,,Texas,Dallas,https://mata.tripshot.com/v1/gtfs/feed/public,https://files.mobilitydatabase.org/ntd-60133/latest.zip,active,32.784542,32.8092091792764,-96.803763,-96.794103
ntd-60151,Grant County,,New Mexico,Deming,https://rapid.nationalrtap.org/GTFSFileManagement/UserUploadFiles/11404/CorreCaminosDec23.zip,https://files.mobilitydatabase.org/ntd-60151/latest.zip,inactive,31.78499875,32.79553579,-108.2858879,-107.62884042
ntd-60160,Oklahoma State University -Stillwater Community Transit,,Oklahoma,Stillwater,https://shuttle.okstate.edu/gtfs_google/gtfs.zip,https://files.mobilitydatabase.org/ntd-60160/latest.zip,active,36.101317,36.173931,-97.119851,-97.016113
ntd-60161,Eureka Springs Transit,,Arkansas,Eureka Springs,https://rapid.nationalrtap.org/GTFSFileManagement/UserUploadFiles/11548/Transit_feed.zip,https://files.mobilitydatabase.org/ntd-60161/latest.zip,active,36.38107,36.43468,-93.7721,-93.6942
ntd-60167,Roswell Transit,,New Mexico,Roswell,https://www.roswell-nm.gov/DocumentCenter/View/24460/gtfs,https://files.mobilitydatabase.org/ntd-60167/latest.zip,active,33.30717,33.44909,-104.52338,-104.51979
ntd-60190,City of Hobbs,,New Mexico,Lea County,https://rapid.nationalrtap.org/GTFSFileManagement/UserUploadFiles/11543/hobbs_gtfs.zip,https://files.mobilitydatabase.org/ntd-60190/latest.zip,active,32.692549,32.7746409,-103.1892843,-103.112643
ntd-60196,Tangipahoa Voluntary Council on Aging,,Louisiana,Tangipahoa Parish,http://rapid.nationalrtap.org/GTFSFileManagement/UserUploadFiles/11510/tangipahoa_gtfs.zip,https://files.mobilitydatabase.org/ntd-60196/latest.zip,active,30.423525741068,30.63399,-90.5093701220895,-90.42336
ntd-60214,First Capital Trolley,,Oklahoma,Guthrie,https://rapid.nationalrtap.org/GTFSFileManagement/UserUploadFiles/11544/fct_gtfs.zip,https://files.mobilitydatabase.org/ntd-60214/latest.zip,inactive,35.6114,36.12881,-97.55837,-97.04871
ntd-60274,South Texas College,,Texas,McAllen,https://www.southtexascollege.edu/jagexpress/files/stc_jagexpress_gtfs.zip,https://files.mobilitydatabase.org/ntd-60274/latest.zip,active,26.154297,26.219639,-98.270801,-98.214893
ntd-66242,A:Shiwi Transit,,New Mexico,Zuni Pueblo,https://rapid.nationalrtap.org/GTFSFileManagement/UserUploadFiles/7763/AshiwiGTFS.zip,https://files.mobilitydatabase.org/ntd-66242/latest.zip,active,35.0579950572708,35.5362558103022,-108.882256203143,-108.699905649146
ntd-66343,San Marcos Transit,,Texas,San Marcos,https://rapid.nationalrtap.org/GTFSFileManagement/UserUploadFiles/11568/San_Marcos_GTFS.zip,https://files.mobilitydatabase.org/ntd-66343/latest.zip,inactive,29.8141049292,29.9103155841,-97.9841262669,-97.9037708898
ntd-70016,Get Around Columbia (GoCOMO),,Missouri,Columbia,https://www.gocomotransit.com/wp-content/uploads/2023/10/GTFS.zip,https://files.mobilitydatabase.org/ntd-70016/latest.zip,active,38.900373,39.002625,-92.384689,-92.252793
ntd-70018,City of Iowa City,,Iowa,Johnson County,https://iowa.syncromatics.com/gtfs,https://files.mobilitydatabase.org/ntd-70018/latest.zip,active,41.660401,41.7505,-91.613661,-91.534688
ntd-70043,City of Jefferson,,Missouri,Cole County,https://jctgtfsdownload.itcurves.us/DownloadGtfs,https://files.mobilitydatabase.org/ntd-70043/latest.zip,active,38.540103912381696,38.60901676311442,-92.284113926797,-92.1167
ntd-70046,City of Independence,,Missouri,Jackson County,https://api.transloc.com/gtfs/indebus.zip,https://files.mobilitydatabase.org/ntd-70046/latest.zip,inactive,39.036219,39.12743,-94.468461,-94.339938
ntd-70060,Developmental Services of NW Kansas/ACCESS Transportation,,Kansas,Ellis County,https://rapid.nationalrtap.org/GTFSFileManagement/UserUploadFiles/11352/DSNWK_Hays_KS_gtfs.zip,https://files.mobilitydatabase.org/ntd-70060/latest.zip,active,38.869107,38.90372,-99.342112,-99.320559
ntd-70162,City of Excelsior Springs,,Missouri,Clay County,https://mjcaction.com/MJC_GTFS_Public/excelsior_mo_gtfs.zip,https://files.mobilitydatabase.org/ntd-70162/latest.zip,inactive,39.329865,39.363066,-94.26455,-94.189386
ntd-70248,Lyon County Area Transportation,,Kansas,Emporia,https://rapid.nationalrtap.org/GTFSFileManagement/UserUploadFiles/10136/lyoncounty-emporia-ka-us.zip,https://files.mobilitydatabase.org/ntd-70248/latest.zip,inactive,38.397820657,38.428383,-96.223886,-96.166977
ntd-77086,New Bourbon Regional Port Authority,,Illinois,Randolph County,https://mjcaction.com/MJC_GTFS_Public/stgen_mo_ferry_gtfs.zip,https://files.mobilitydatabase.org/ntd-77086/latest.zip,inactive,38.00417,38.00932,-90.0591,-90.05361
ntd-80003,City of Fargo,,North Dakota,Cass County,https://ridematbus.com/gtfs,https://files.mobilitydatabase.org/ntd-80003/latest.zip,active,46.802715,46.919507,-96.914933,-96.68326804662703
ntd-80012,Great Falls Transit District,,Montana,Great Falls,https://irp.cdn-website.com/cc7aa934/files/uploaded/GFT_gtfs.zip,https://files.mobilitydatabase.org/ntd-80012/latest.zip,inactive,47.47938,47.538717,-111.339759,-111.204139
ntd-80013,Casper Area Transit,,Wyoming,Casper,https://rapid.nationalrtap.org/GTFSFileManagement/UserUploadFiles/11555/CATTransit.zip,https://files.mobilitydatabase.org/ntd-80013/latest.zip,inactive,42.80957,42.86758,-106.40108,-106.2527
ntd-80028,Cache Valley Transit District,,Utah,Cache County,https://www.mycvtdbus.org/gtfs,https://files.mobilitydatabase.org/ntd-80028/latest.zip,active,41.627139,42.094759,-111.874098,-111.794584
ntd-80121,Wind River Transportation Authority,,Wyoming,Riverton,https://rapid.nationalrtap.org/GTFSFileManagement/UserUploadFiles/6174/wrta_wy_gtfs.zip,https://files.mobilitydatabase.org/ntd-80121/latest.zip,inactive,42.831143,43.151238,-108.883664,-108.379824
ntd-80188,Southern Teton Area Rapid Transit (START Bus),,Wyoming,Teton County,https://gtfs.start.cadavl.com/START/GTFS/GTFS_START.zip,https://files.mobilitydatabase.org/ntd-80188/latest.zip,active,43.0230318,43.743501,-111.1128899,-110.7300212
ntd-80221,NECALG (Northeastern Colorado Association of Local Governments),,Colorado,Sterling,https://rapid.nationalrtap.org/GTFSFileManagement/UserUploadFiles/10125/PE_GTFS.zip,https://files.mobilitydatabase.org/ntd-80221/latest.zip,active,40.61067,40.642548,-103.235551,-103.16071
ntd-80255,Skyline Bus,,Montana,Bozeman,http://rapid.nationalrtap.org/GTFSFileManagement/UserUploadFiles/11497/Skyline_GTFS.zip,https://files.mobilitydatabase.org/ntd-80255/latest.zip,active,45.194078,45.69884,-111.4322,-111.042528
ntd-80280,Archuleta County,,Colorado,Archuleta County,https://rapid.nationalrtap.org/GTFSFileManagement/UserUploadFiles/11523/met_gtfs.zip,https://files.mobilitydatabase.org/ntd-80280/latest.zip,inactive,37.252204,37.279472,-107.096621,-107.000091
ntd-88200,Ute Tribe Public Transit,,Utah,Uintah County,https://mjcaction.com/MJC_GTFS_Public/utetribe_gtfs.zip,https://files.mobilitydatabase.org/ntd-88200/latest.zip,active,40.195483,40.49662,-110.070336,-109.772791
ntd-88293,Park County Transit,,Montana,Park County,https://rapid.nationalrtap.org/GTFSFileManagement/UserUploadFiles/11888/ParkCountyGTFS.zip,https://files.mobilitydatabase.org/ntd-88293/latest.zip,active,45.642351,45.675387,-110.583403,-110.526652
ntd-90091,Visalia Transit,,California,Visalia,https://tularecog.org/tcag/data-gis-modeling/gtfs-data/visalia-transit-gtfs/,https://files.mobilitydatabase.org/ntd-90091/latest.zip,active,36.211778,36.810525,-119.792039,-119.13622
ntd-90162,Tri Delta Transit,,California,Contra Costa County,http://rta.trideltatransit.com/rtt/public/resource/gtfs.zip,https://files.mobilitydatabase.org/ntd-90162/latest.zip,active,37.918801,38.039856,-122.139478,-121.694028
ntd-90163,City of Camarillo,,California,Ventura County,https://govcbus.com/gtfs,https://files.mobilitydatabase.org/ntd-90163/latest.zip,active,34.142808,34.454291,-119.891739,-118.579329
ntd-90208,Butte Regional Transit (B-Line),,California,Butte County,https://planmyride.blinetransit.com/gtfsrealtime/google_transit.zip,https://files.mobilitydatabase.org/ntd-90208/latest.zip,active,39.3632006265641,39.8491485326975,-121.898691618365,-121.463442830053
ntd-90217,City of Manteca,,California,Manteca,https://data.trilliumtransit.com/gtfs/manteca-ca-us/manteca-ca-us.zip,https://files.mobilitydatabase.org/ntd-90217/latest.zip,active,,,,
ntd-90237,The Kauai Bus,,Hawaii,Kauaʻi County,https://thekauaibus.com/gtfs,https://files.mobilitydatabase.org/ntd-90237/latest.zip,active,21.876408,22.213158,-159.721686,-159.305271
ntd-90241,Maui County Transit,,Hawaii,Maui County,https://mauibus.org/gtfs,https://files.mobilitydatabase.org/ntd-90241/latest.zip,active,20.686865,20.997756,-156.693993,-156.31062
ntd-90247,Alhambra Community Transit,,California,Alhambra,https://www.cityofalhambra.org/DocumentCenter/View/4979/alhambra-ca-us,https://files.mobilitydatabase.org/ntd-90247/latest.zip,inactive,34.0632123260011,34.099084205323,-118.172849994219,-118.111230539029
ntd-90258,Carson Transportation Services,,California,Carson,https://rapid.nationalrtap.org/GTFSFileManagement/UserUploadFiles/11488/CTSGTSFFeedFiles(1.3.24).zip,https://files.mobilitydatabase.org/ntd-90258/latest.zip,active,33.818981,33.873082,-118.281642,-118.234818
ntd-91122,Regional Transportation Authority of Pima County,,Arizona,Pima County,https://sunshuttle.tripshot.com/v1/gtfs.zip?regionId=CA558DDC-D7F2-4B48-9CAC-DEEA1134F820,https://files.mobilitydatabase.org/ntd-91122/latest.zip,active,31.8684217391263,33.4793514372798,-112.872265655071,-110.772401
ntd-99419,Yavapai Regional Transit,,Arizona,Yavapai County,http://rapid.nationalrtap.org/GTFSFileManagement/UserUploadFiles/5156/yrt_gtfs.zip,https://files.mobilitydatabase.org/ntd-99419/latest.zip,active,34.5416536,34.7741247,-112.4862567,-112.3175107
ntd-99436,Gila River Transit,,Arizona,Maricopa County,http://rapid.nationalrtap.org/GTFSFileManagement/UserUploadFiles/5788/GoogleFeed.zip,https://files.mobilitydatabase.org/ntd-99436/latest.zip,inactive,33.025788,33.375577,-112.237409,-111.568196
tfs-44,Sound Transit GTFS,,WA,Seattle,developer.onebusaway.org/tmp/sound/gtfs/modified/40_gtfs.zip,https://openmobilitydata-data.s3.us-west-1.amazonaws.com/public/feeds/sound-transit/44/20211211/gtfs.zip,deprecated,,,,
tfs-56,FWTA GTFS,,TX,Fort Worth,ftp://ftp.fwta.org/fwtatransitdata.zip,https://openmobilitydata-data.s3.us-west-1.amazonaws.com/public/feeds/fort-worth-transportation-authority/56/20240102/gtfs.zip,deprecated,,,,
tfs-61,CCRTA GTFS,,TX,Corpus Christi,ccrta.org/wp-content/uploads/2019/01/CCRTA-GTFS-Jan142019.zip,https://openmobilitydata-data.s3.us-west-1.amazonaws.com/public/feeds/corpus-christi-rta/61/20190420/gtfs.zip,deprecated,,,,
tfs-75,WMATA GTFS,,DC,Washington,api.wmata.com/gtfs/bus-gtfs-static.zip,https://openmobilitydata-data.s3.us-west-1.amazonaws.com/public/feeds/wmata/75/20200416/gtfs.zip,deprecated,,,,
tfs-97,Franklin RTA GTFS,,MA,Franklin,mass.gov/doc/franklin-rta-gtfs-files-zip-file-12292014/download,https://openmobilitydata-data.s3.us-west-1.amazonaws.com/public/feeds/massdot/97/1419908703/gtfs.zip,deprecated,,,,
tfs-109,Massachusetts Ferry Service GTFS,,,,massdot.state.ma.us/Portals/0/docs/developers/ferries_google_transit.zip,https://openmobilitydata-data.s3.us-west-1.amazonaws.com/public/feeds/massdot/109/1383138014/gtfs.zip,deprecated,,,,
tfs-111,Coach Bus Lines GTFS,,,,mass.gov/doc/coach-bus-lines-zip-file-6242015/download,https://openmobilitydata-data.s3.us-west-1.amazonaws.com/public/feeds/massdot/111/20150625/gtfs.zip,deprecated,,,,
tfs-147,TheRide GTFS,,MI,Ann Arbor,theride.org/google/google_transit.zip,https://openmobilitydata-data.s3.us-west-1.amazonaws.com/public/feeds/ann-arbor-transportation-authority/147/20200416/gtfs.zip,deprecated,,,,
tfs-149,ART GTFS,,VA,Arlington,realtime.commuterpage.com/rtt/public/utility/gtfs.aspx,https://openmobilitydata-data.s3.us-west-1.amazonaws.com/public/feeds/arlington-transit/149/20231003/gtfs.zip,deprecated,,,,
tfs-152,Asheville Transit Service GTFS,,NC,Asheville,trilliumtransit.com/transit_feeds/asheville-nc-us/asheville-nc-us.zip,https://openmobilitydata-data.s3.us-west-1.amazonaws.com/public/feeds/asheville-transit-service/152/20231221/gtfs.zip,deprecated,,,,
tfs-153,Yakima Transit,,WA,Yakima,mjcaction.com/MJC_GTFS_Public/yakima_google_transit.zip,https://openmobilitydata-data.s3.us-west-1.amazonaws.com/public/feeds/yakima-transit/153/20181010/gtfs.zip,deprecated,,,,
tfs-171,Pace Bus GTFS,,IL,Chicago,pacebus.com/gtfs/gtfs.zip,https://openmobilitydata-data.s3.us-west-1.amazonaws.com/public/feeds/pace/171/20210315/gtfs.zip,deprecated,,,,
tfs-177,MVTA GTFS,,MN,Minneapolis,wiki.mvta.com/files/Home/google_transit.zip,https://openmobilitydata-data.s3.us-west-1.amazonaws.com/public/feeds/minnesota-valley-transit-authority/177/20220818/gtfs.zip,deprecated,,,,
tfs-209,DART GTFS,,,,dartfirststate.com/information/routes/gtfs_data/dartfirststate_de_us.zip,https://openmobilitydata-data.s3.us-west-1.amazonaws.com/public/feeds/dart-first-state/209/20210315/gtfs.zip,deprecated,,,,
tfs-216,COTA GTFS,,OH,Columbus,cota.com/COTA/media/COTAContent/OpenGTFSData.zip,https://openmobilitydata-data.s3.us-west-1.amazonaws.com/public/feeds/central-ohio-transit-authority/216/20240103/gtfs.zip,deprecated,,,,
tfs-220,Nashville MTA GTFS,,TN,Nashville,nashvillemta.org/GoogleExport/google_transit.zip,https://openmobilitydata-data.s3.us-west-1.amazonaws.com/public/feeds/nashville-mta/220/20231220/gtfs.zip,deprecated,,,,
tfs-222,CCCTA GTFS,,CA,Concord,cccta.org/GTFS/google_transit.zip,https://openmobilitydata-data.s3.us-west-1.amazonaws.com/public/feeds/county-connection/222/20231222/gtfs.zip,deprecated,,,,
tfs-225,PSTA GTFS,,FL,Pinellas,psta.net/Latest/google_transit.zip,https://openmobilitydata-data.s3.us-west-1.amazonaws.com/public/feeds/psta/225/20231206/gtfs.zip,deprecated,,,,
tfs-247,MTA Maryland GTFS,,,,mta.maryland.gov/_googletransit/latest/google_transit.zip,https://openmobilitydata-data.s3.us-west-1.amazonaws.com/public/feeds/mta-maryland/247/20200528/gtfs.zip,deprecated,,,,
tfs-262,SEPTA Rail GTFS,,PA,Philadelphia,github.com/septadev/GTFS/releases,https://openmobilitydata-data.s3.us-west-1.amazonaws.com/public/feeds/septa/262/20220910/gtfs.zip,deprecated,,,,
tfs-265,TARC GTFS,,KY,Louisville,googletransit.ridetarc.org/feed/,https://openmobilitydata-data.s3.us-west-1.amazonaws.com/public/feeds/transit-authority-of-river-city/265/20240103/gtfs.zip,deprecated,,,,
tfs-274,Port Authority GTFS,,PA,Pittsburgh,portauthority.org/developerresources/,https://openmobilitydata-data.s3.us-west-1.amazonaws.com/public/feeds/port-authority-of-allegheny-county/274/20231010/gtfs.zip,deprecated,,,,
tfs-276,Lextran GTFS,,KY,Lexington,lextran.com/wp-content/uploads/2019/12/GTFSFeed.zip,https://openmobilitydata-data.s3.us-west-1.amazonaws.com/public/feeds/lextran/276/20200319/gtfs.zip,deprecated,,,,
tfs-279,Cherriots GTFS,,OR,Salem,cherriots.org/media/doc/salem-or-us.zip,https://openmobilitydata-data.s3.us-west-1.amazonaws.com/public/feeds/cherriots/279/20230831/gtfs.zip,deprecated,,,,
tfs-295,Fairfax Connector GTFS,,VA,Fairfax,fairfaxcounty.gov/connector/sites/connector/files/assets/connector_gtfs.zip,https://openmobilitydata-data.s3.us-west-1.amazonaws.com/public/feeds/fairfax-connector/295/20231206/gtfs.zip,deprecated,,,,
tfs-296,Kitsap Transit GTFS,,WA,Bremerton,apps.kitsaptransit.com/google/latest/google_transit.zip,https://openmobilitydata-data.s3.us-west-1.amazonaws.com/public/feeds/kitsap-transit/296/20210623/gtfs.zip,deprecated,,,,
tfs-297,CMRT GTFS,,MD,Laurel,mdtrip.org/googletransit/RTA/google_transit.zip,https://openmobilitydata-data.s3.us-west-1.amazonaws.com/public/feeds/central-maryland-regional-transit/297/20180527/gtfs.zip,deprecated,,,,
tfs-298,Athens Public Transit GTFS,,OH 45701,Athens,athenstransit.org/code/wp-content/athenstransit-athens-oh-us/google_transit.zip,https://openmobilitydata-data.s3.us-west-1.amazonaws.com/public/feeds/athens-public-transit/298/20160926/gtfs.zip,deprecated,,,,
tfs-301,Unitrans GTFS Feed,,CA,Davis,iportal.sacrt.com/GTFS/Unitrans/google_transit.zip,https://openmobilitydata-data.s3.us-west-1.amazonaws.com/public/feeds/unitrans/301/20180821/gtfs.zip,deprecated,,,,
tfs-314,LTD GTFS,,OR,Eugene,ltd.org/googletripplanning/20060917/google_transit.zip,https://openmobilitydata-data.s3.us-west-1.amazonaws.com/public/feeds/lane-transit-district/314/20230910/gtfs.zip,deprecated,,,,
tfs-315,FAX GTFS,,CA,Fresno,gis4u.fresno.gov/downloads/zip/fax_gtfs.zip,https://openmobilitydata-data.s3.us-west-1.amazonaws.com/public/feeds/fresno-area-express/315/20231222/gtfs.zip,deprecated,,,,
tfs-319,CT Transit New Britain GTFS,,CT,New Britain,cttransit.com/sites/default/files/gtfs/googlenb_transit.zip,https://openmobilitydata-data.s3.us-west-1.amazonaws.com/public/feeds/connecticut-transit/319/20170310/gtfs.zip,deprecated,,,,
tfs-320,CT Transit Waterbury GTFS,,CT,Waterbury,cttransit.com/sites/default/files/gtfs/googlewat_transit.zip,https://openmobilitydata-data.s3.us-west-1.amazonaws.com/public/feeds/connecticut-transit/320/20170804/gtfs.zip,deprecated,,,,
tfs-321,CT Transit Stamford GTFS,,CT,Stamford,cttransit.com/sites/default/files/gtfs/googlestam_transit.zip,https://openmobilitydata-data.s3.us-west-1.amazonaws.com/public/feeds/connecticut-transit/321/20180724/gtfs.zip,deprecated,,,,
tfs-322,CT Transit New Haven GTFS,,CT,New Haven,cttransit.com/sites/default/files/gtfs/googlenh_transit.zip,https://openmobilitydata-data.s3.us-west-1.amazonaws.com/public/feeds/connecticut-transit/322/20170310/gtfs.zip,deprecated,,,,
tfs-331,JTA GTFS,,FL,Jacksonville,schedules.jtafla.com/SchedulesGtfs/Download,https://openmobilitydata-data.s3.us-west-1.amazonaws.com/public/feeds/jacksonville-transportation-authority/331/20230327/gtfs.zip,deprecated,,,,
tfs-334,CATA GTFS,,AR,Little Rock,metroplan.org/maps/transit/google_transit.zip,https://openmobilitydata-data.s3.us-west-1.amazonaws.com/public/feeds/central-arkansas-transit-authority/334/1419298391/gtfs.zip,deprecated,,,,
tfs-338,FCRTA GTFS,,CA,Fresno,data.trilliumtransit.com/gtfs/fresnocounty-ca-us/fresnocounty-ca-us.zip,https://openmobilitydata-data.s3.us-west-1.amazonaws.com/public/feeds/fresno-county-rural-transit-agency/338/20181214/gtfs.zip,deprecated,,,,
tfs-342,Gainesville RTS GTFS,,FL,Gainesville,go-rts.com/gtfs/google_transit.zip,https://openmobilitydata-data.s3.us-west-1.amazonaws.com/public/feeds/regional-transit-system/342/20170804/gtfs.zip,deprecated,,,,
tfs-347,San Joaquin RTD GTFS,,CA,Stockton,sanjoaquinrtd.com/RTD-GTFS/RTD-GTFS.zip,https://openmobilitydata-data.s3.us-west-1.amazonaws.com/public/feeds/san-joaquin-rtd/347/20231206/gtfs.zip,deprecated,,,,
tfs-356,Intercity Transit GTFS,,WA,Olympia,intercitytransit.com/googledata/google_transit.zip,https://openmobilitydata-data.s3.us-west-1.amazonaws.com/public/feeds/intercity-transit/356/20210916/gtfs.zip,deprecated,,,,
tfs-358,HRT GTFS,,VA,Hampton,googletf.gohrt.com/google_transit.zip,https://openmobilitydata-data.s3.us-west-1.amazonaws.com/public/feeds/hampton-roads-transit/358/20201104/gtfs.zip,deprecated,,,,
tfs-359,Blacksburg Transit GTFS,,VA,Blacksburg,bt4uclassic.org/gtfs/google_transit.zip,https://openmobilitydata-data.s3.us-west-1.amazonaws.com/public/feeds/blacksburg-transit/359/20211007/gtfs.zip,deprecated,,,,
tfs-360,CARTA GTFS,,TN,Chattanooga,gocarta.org/developers/GTFS.zip,https://openmobilitydata-data.s3.us-west-1.amazonaws.com/public/feeds/chattanooga-area-regional-transportation-authority/360/20200818/gtfs.zip,deprecated,,,,
tfs-363,RIPTA GTFS,,RI,Providence,ripta.com/wp-content/uploads/2020/10/google_transit.zip,https://openmobilitydata-data.s3.us-west-1.amazonaws.com/public/feeds/rhode-island-public-transit-authority/363/20201013/gtfs.zip,deprecated,,,,
tfs-372,CCT GTFS,,GA,Cobb County,arcgis.com/home/item.html?id=1ce8e370a12c41b5854d8baa21f8451c,https://openmobilitydata-data.s3.us-west-1.amazonaws.com/public/feeds/cobb-community-transit/372/20170923/gtfs.zip,deprecated,,,,
tfs-373,LYNX GTFS,,FL,Orlando,golynx.com/lynxmap/GoLYNX_data/google_transit.zip,https://openmobilitydata-data.s3.us-west-1.amazonaws.com/public/feeds/central-florida-regional-transportation-authority/373/20210122/gtfs.zip,deprecated,,,,
tfs-374,MMT GTFS,,CO,Colorado Springs,coloradosprings.gov/sites/default/files/google-transit.zip,https://openmobilitydata-data.s3.us-west-1.amazonaws.com/public/feeds/mountain-metropolitan-transit/374/20170407/gtfs.zip,deprecated,,,,
tfs-375,MCAT GTFS,,FL,Bradenton,data.trilliumtransit.com/gtfs/manatee-fl-us/manatee-fl-us.zip,https://openmobilitydata-data.s3.us-west-1.amazonaws.com/public/feeds/manatee-county-area-transit/375/20190501/gtfs.zip,deprecated,,,,
tfs-376,SCAT GTFS,,FL,Sarasota,ftp://ftp.scgov.net/pub/scat/SCATGTFS.zip,https://openmobilitydata-data.s3.us-west-1.amazonaws.com/public/feeds/sarasota-county-area-transit/376/20210619/gtfs.zip,deprecated,,,,
tfs-378,Citilink GTFS,,IN,Fort Wayne,jump.nextinsight.com/gtfs/ni_citilink/google_transit.zip,https://openmobilitydata-data.s3.us-west-1.amazonaws.com/public/feeds/fort-wayne-citilink/378/20161203/gtfs.zip,deprecated,,,,
tfs-388,Torrance Transit GTFS,,CA,Torrance,transit.torranceca.gov/Home/ShowDocument?id=16673,https://openmobilitydata-data.s3.us-west-1.amazonaws.com/public/feeds/city-of-torrance/388/20210726/gtfs.zip,deprecated,,,,
tfs-392,Link Transit GTFS,,WA,Wenatchee,data.trilliumtransit.com/gtfs/linktransit-wa-us/linktransit-wa-us.zip,https://openmobilitydata-data.s3.us-west-1.amazonaws.com/public/feeds/link-transit/392/20181128/gtfs.zip,deprecated,,,,
tfs-396,MCAT GTFS,,FL,Manatee County,realtimemcat.availtec.com/InfoPoint/resources/gtfs/gtfs.zip,https://openmobilitydata-data.s3.us-west-1.amazonaws.com/public/feeds/manatee-county-area-transit-manatee-county/396/20200221/gtfs.zip,deprecated,,,,
tfs-410,ART GTFS,,CA,Anaheim,data.trilliumtransit.com/gtfs/anaheim-ca-us/anaheim-ca-us.zip,https://openmobilitydata-data.s3.us-west-1.amazonaws.com/public/feeds/anaheim-resort-transportation/410/20230110/gtfs.zip,deprecated,,,,
tfs-417,MAX GTFS,,CA,Modesto,data.trilliumtransit.com/gtfs/modesto-ca-us/modesto-ca-us.zip,https://openmobilitydata-data.s3.us-west-1.amazonaws.com/public/feeds/modesto-area-express/417/20190403/gtfs.zip,deprecated,,,,
tfs-433,JFK Airtrain GTFS,,NY,Queens,s3.amazonaws.com/datatools-511ny/public/JFK_Airtrain.zip,https://openmobilitydata-data.s3.us-west-1.amazonaws.com/public/feeds/jfk-airtrain/433/20200217/gtfs.zip,deprecated,,,,
tfs-435,Albany Transit System GTFS,,OR,Albany,oregon-gtfs.com/gtfs_data/albanytransit-or-us/albanytransit-or-us.zip,https://openmobilitydata-data.s3.us-west-1.amazonaws.com/public/feeds/albany-transit-system/435/20231223/gtfs.zip,deprecated,,,,
tfs-438,Benton County Transportation GTFS,,OR,Benton County,oregon-gtfs.com/gtfs_data/benton-or-us/benton-or-us.zip,https://openmobilitydata-data.s3.us-west-1.amazonaws.com/public/feeds/benton-county-transportation/438/20230923/gtfs.zip,deprecated,,,,
tfs-439,Caravan Airport Transportation GTFS,,OR,Portland,oregon-gtfs.com/gtfs_data/caravan-or-us/caravan-or-us.zip,https://openmobilitydata-data.s3.us-west-1.amazonaws.com/public/feeds/caravan-airport-transportation/439/20231206/gtfs.zip,deprecated,,,,
tfs-441,Cascade POINT GTFS,,OR,Eugene,oregon-gtfs.com/gtfs_data/cascadespoint-or-us/cascadespoint-or-us.zip,https://openmobilitydata-data.s3.us-west-1.amazonaws.com/public/feeds/cascade-point/441/20210702/gtfs.zip,deprecated,,,,
tfs-443,CAT GTFS,,OR,Hood River County,oregon-gtfs.com/gtfs_data/hoodriver-or-us/hoodriver-or-us.zip,https://openmobilitydata-data.s3.us-west-1.amazonaws.com/public/feeds/columbia-area-transit/443/20231208/gtfs.zip,deprecated,,,,
tfs-448,Pierce Transit GTFS,,WA,Pierce County,developer.onebusaway.org/tmp/sound/gtfs/modified/3_gtfs.zip,https://openmobilitydata-data.s3.us-west-1.amazonaws.com/public/feeds/pierce-transit/448/20211211/gtfs.zip,deprecated,,,,
tfs-455,Everett Transit GTFS,,WA,Everett,developer.onebusaway.org/tmp/sound/gtfs/modified/97_gtfs.zip,https://openmobilitydata-data.s3.us-west-1.amazonaws.com/public/feeds/everett-transit/455/20211211/gtfs.zip,deprecated,,,,
tfs-456,Seattle Children's Hospital Shuttle GTFS,,WA,Seattle,developer.onebusaway.org/tmp/sound/gtfs/modified/98_gtfs.zip,https://openmobilitydata-data.s3.us-west-1.amazonaws.com/public/feeds/seattle-children-s-hospital/456/20211211/gtfs.zip,deprecated,,,,
tfs-458,CCAT GTFS,,OR,Coos County,oregon-gtfs.com/gtfs_data/cooscounty-or-us/cooscounty-or-us.zip,https://openmobilitydata-data.s3.us-west-1.amazonaws.com/public/feeds/coos-county-area-transit/458/20231207/gtfs.zip,deprecated,,,,
tfs-459,Corvallis Transit System GTFS,,OR,Corvallis,ftp://ftp.ci.corvallis.or.us/pw/Transportation/GoogleTransitFeed/gtfeedfile.zip,https://openmobilitydata-data.s3.us-west-1.amazonaws.com/public/feeds/corvallis-transit-system/459/20160505/gtfs.zip,deprecated,,,,
tfs-460,CPT GTFS,,OR,Brookings,gtfs-data-exchange.com/agency/curry-public-transit/latest.zip,https://openmobilitydata-data.s3.us-west-1.amazonaws.com/public/feeds/curry-public-transit/460/20150317/gtfs.zip,deprecated,,,,
tfs-461,Diamond Express GTFS,,OR,Oakridge,oregon-gtfs.com/gtfs_data/diamondexpress-or-us/diamondexpress-or-us.zip,https://openmobilitydata-data.s3.us-west-1.amazonaws.com/public/feeds/diamond-express/461/20231230/gtfs.zip,deprecated,,,,
tfs-463,Eastern Point GTFS,,OR 97914,Ontario,oregon-gtfs.com/gtfs_data/easternpoint-or-us/easternpoint-or-us.zip,https://openmobilitydata-data.s3.us-west-1.amazonaws.com/public/feeds/tac-transportation/463/20210702/gtfs.zip,deprecated,,,,
tfs-465,Eugene to Coos Bay,,OR,Eugene,oregon-gtfs.com/gtfs_data/eugenetocoosbay-or-us/eugenetocoosbay-or-us.zip,https://openmobilitydata-data.s3.us-west-1.amazonaws.com/public/feeds/tac-transportation/465/20160216/gtfs.zip,deprecated,,,,
tfs-468,BTS GTFS,,OR,Klamath Falls,oregon-gtfs.com/gtfs_data/basin-or-us/basin-or-us.zip,https://openmobilitydata-data.s3.us-west-1.amazonaws.com/public/feeds/basin-transit-service/468/20230808/gtfs.zip,deprecated,,,,
tfs-469,JCT GTFS,,OR,Josephine County,oregon-gtfs.com/gtfs_data/josephinecounty-or-us/josephinecounty-or-us.zip,https://openmobilitydata-data.s3.us-west-1.amazonaws.com/public/feeds/josephine-county-transit/469/20231207/gtfs.zip,deprecated,,,,
tfs-470,LCT GTFS,,OR,Lincoln County,oregon-gtfs.com/gtfs_data/lincolncounty-or-us/lincolncounty-or-us.zip,https://openmobilitydata-data.s3.us-west-1.amazonaws.com/public/feeds/lincoln-county-transit/470/20230923/gtfs.zip,deprecated,,,,
tfs-471,Linn Shuttle GTFS,,OR,Linn County,oregon-gtfs.com/gtfs_data/linnshuttle-or-us/linnshuttle-or-us.zip,https://openmobilitydata-data.s3.us-west-1.amazonaws.com/public/feeds/linn-shuttle/471/20231227/gtfs.zip,deprecated,,,,
tfs-473,Mt Hood Express GTFS,,OR,Sandy,oregon-gtfs.com/gtfs_data/sandy-or-us/sandy-or-us.zip,https://openmobilitydata-data.s3.us-west-1.amazonaws.com/public/feeds/mt-hood-express/473/20231207/gtfs.zip,deprecated,,,,
tfs-474,NorthWest POINT GTFS,,OR,Astoria,oregon-gtfs.com/gtfs_data/northwestpoint-or-us/northwestpoint-or-us.zip,https://openmobilitydata-data.s3.us-west-1.amazonaws.com/public/feeds/northwest-point/474/20210702/gtfs.zip,deprecated,,,,
tfs-475,People Mover GTFS,,OR,Grant County,oregon-gtfs.com/gtfs_data/peoplemover-or-us/peoplemover-or-us.zip,https://openmobilitydata-data.s3.us-west-1.amazonaws.com/public/feeds/people-mover-grant-county/475/20231207/gtfs.zip,deprecated,,,,
tfs-476,Rhody Express GTFS,,OR 97439,Florence,oregon-gtfs.com/gtfs_data/rhodyexpress-or-us/rhodyexpress-or-us.zip,https://openmobilitydata-data.s3.us-west-1.amazonaws.com/public/feeds/rhody-express/476/20231206/gtfs.zip,deprecated,,,,
tfs-477,Ride Connection GTFS,,OR,Portland,oregon-gtfs.com/gtfs_data/rideconnection-or-us/rideconnection-or-us.zip,https://openmobilitydata-data.s3.us-west-1.amazonaws.com/public/feeds/ride-connection/477/20231207/gtfs.zip,deprecated,,,,
tfs-479,Sage Stage GTFS,,CA,Modoc County,vhr3s2s5wnj422ic3151ao3q.wpengine.netdna-cdn.com/wp-content/uploads/2016/02/GTFS-2016-Zip.zip,https://openmobilitydata-data.s3.us-west-1.amazonaws.com/public/feeds/sage-stage/479/20160210/gtfs.zip,deprecated,,,,
tfs-481,South Lane Wheels GTFS,,OR 97424,Cottage Grove,oregon-gtfs.com/gtfs_data/southlanewheels-or-us/southlanewheels-or-us.zip,https://openmobilitydata-data.s3.us-west-1.amazonaws.com/public/feeds/south-lane-wheels/481/20230201/gtfs.zip,deprecated,,,,
tfs-482,SouthWest POINT GTFS,,OR,Brookings,oregon-gtfs.com/gtfs_data/southwestpoint-or-us/southwestpoint-or-us.zip,https://openmobilitydata-data.s3.us-west-1.amazonaws.com/public/feeds/southwest-point/482/20210702/gtfs.zip,deprecated,,,,
tfs-484,Swan Island Evening Shuttle GTFS,,OR,Portland,oregon-gtfs.com/gtfs_data/swanisland-or-us/swanisland-or-us.zip,https://openmobilitydata-data.s3.us-west-1.amazonaws.com/public/feeds/swan-island-evening-shuttle/484/20231207/gtfs.zip,deprecated,,,,
tfs-485,The Wave GTFS,,OR 97141,Tillamook,oregon-gtfs.com/gtfs_data/tillamook-or-us/tillamook-or-us.zip,https://openmobilitydata-data.s3.us-west-1.amazonaws.com/public/feeds/the-wave/485/20231212/gtfs.zip,deprecated,,,,
tfs-487,VRB GTFS,,OR,Newport,oregon-gtfs.com/gtfs_data/valleyretriever-or-us/valleyretriever-or-us.zip,https://openmobilitydata-data.s3.us-west-1.amazonaws.com/public/feeds/valley-retriever-buslines/487/20170630/gtfs.zip,deprecated,,,,
tfs-488,WCC GTFS,,OR,Wallowa County,oregon-gtfs.com/gtfs_data/northeast-or-us/northeast-or-us.zip,https://openmobilitydata-data.s3.us-west-1.amazonaws.com/public/feeds/wallowa-community-connection/488/20231207/gtfs.zip,deprecated,,,,
tfs-489,WTS GTFS,,OR,Woodburn,oregon-gtfs.com/gtfs_data/woodburn-or-us/woodburn-or-us.zip,https://openmobilitydata-data.s3.us-west-1.amazonaws.com/public/feeds/woodburn-transit-service/489/20231206/gtfs.zip,deprecated,,,,
tfs-490,YCTA GTFS,,OR,Yamhill County,oregon-gtfs.com/gtfs_data/yamhill-or-us/yamhill-or-us.zip,https://openmobilitydata-data.s3.us-west-1.amazonaws.com/public/feeds/yamhill-county-transit-area/490/20190504/gtfs.zip,deprecated,,,,
tfs-506,Foothill Transit GTFS,,Avocado Heights,San Gabriel Valley,foothilltransit.org/gtfs/foothilltransit-ca-us.zip,https://openmobilitydata-data.s3.us-west-1.amazonaws.com/public/feeds/foothill-transit/506/20210901-9/gtfs.zip,deprecated,,,,
tfs-550,Citrus County Transit GTFS,,FL,Citrus County,data.trilliumtransit.com/gtfs/citruscounty-fl-us/citruscounty-fl-us.zip,https://openmobilitydata-data.s3.us-west-1.amazonaws.com/public/feeds/citrus-county-transit/550/20151130/gtfs.zip,deprecated,,,,
tfs-584,SunTran GTFS,,AZ,Tucson,suntran.com/developers_feed.php,https://openmobilitydata-data.s3.us-west-1.amazonaws.com/public/feeds/suntran-tucson/584/20210902/gtfs.zip,deprecated,,,,
tfs-589,HDPT GTFS,,VA,Harrisonburg,harrisonburgva.gov/sites/default/files/Transit/files/gtfs/google_transit_Working.zip,https://openmobilitydata-data.s3.us-west-1.amazonaws.com/public/feeds/harrisonburg-transit/589/20180423/gtfs.zip,deprecated,,,,
tfs-597,Wichita Transit GTFS,,KS,Wichita,gtfs-data-exchange.com/agency/wichita-transit/latest.zip,https://openmobilitydata-data.s3.us-west-1.amazonaws.com/public/feeds/wichita-transit/597/20160330/gtfs.zip,deprecated,,,,
tfs-608,CAT GTFS,,OR 97013,Canby,oregon-gtfs.com/gtfs_data/canbytransit-or-us/canbytransit-or-us.zip,https://openmobilitydata-data.s3.us-west-1.amazonaws.com/public/feeds/canby-area-transit/608/20230919/gtfs.zip,deprecated,,,,
tfs-612,LANTA GTFS,,PA,Allentown,github.com/LANTA-Transportation-Authority/GTFS-data/blob/master/lanta_gtfs_feed.zip?raw=true,https://openmobilitydata-data.s3.us-west-1.amazonaws.com/public/feeds/lehigh-and-northampton-transportation-authority/612/20220621/gtfs.zip,deprecated,,,,
tfs-619,Rocky Mountain National Park Shuttles GTFS,,,,nationalparkservice.github.io/nps-gtfs/romo/shuttles/gtfs.zip,https://openmobilitydata-data.s3.us-west-1.amazonaws.com/public/feeds/national-park-service/619/20180519/gtfs.zip,deprecated,,,,
tfs-628,Glendale Beeline GTFS,,CA,Glendale,glendaleca.gov/Home/ShowDocument?id=29549,https://openmobilitydata-data.s3.us-west-1.amazonaws.com/public/feeds/city-of-glendale/628/20210901-8/gtfs.zip,deprecated,,,,
tfs-632,The JO GTFS,,KS,Johnson County,jocogov.org/sites/default/files/documents/TRN/google_transit.zip,https://openmobilitydata-data.s3.us-west-1.amazonaws.com/public/feeds/the-jo/632/20160530/gtfs.zip,deprecated,,,,
tfs-634,MACS Transit GTFS,,AK,Fairbanks,co.fairbanks.ak.us/transportation/MACSDocuments/GTFS.zi,https://openmobilitydata-data.s3.us-west-1.amazonaws.com/public/feeds/macs-transit/634/20180718/gtfs.zip,deprecated,,,,
tfs-666,SolTrans GTFS,,CA,Solano County,data.trilliumtransit.com/gtfs/soltrans-ca-us/soltrans-ca-us.zip,https://openmobilitydata-data.s3.us-west-1.amazonaws.com/public/feeds/soltrans/666/20211014/gtfs.zip,deprecated,,,,
tfs-668,Connect Transit GTFS,,IL,Bloomington,connect-transit.com/civicax/filebank/blobdload.aspx?BlobID=23519,https://openmobilitydata-data.s3.us-west-1.amazonaws.com/public/feeds/connect-transit/668/20190420/gtfs.zip,deprecated,,,,
tfs-669,CCC Xpress GTFS,,OR,Clackamas County,oregon-gtfs.com/gtfs_data/cccxpress-or-us/cccxpress-or-us.zip,https://openmobilitydata-data.s3.us-west-1.amazonaws.com/public/feeds/ccc-xpress/669/20230728/gtfs.zip,deprecated,,,,
tfs-676,Malheur Council on Aging & Community Services GTFS,,OR,Malheur County,oregon-gtfs.com/gtfs_data/mcacs-or-us/mcacs-or-us.zip,https://openmobilitydata-data.s3.us-west-1.amazonaws.com/public/feeds/malheur-council-on-aging-community-services/676/20230731/gtfs.zip,deprecated,,,,
tfs-678,Skamania County Public Transit GTFS,,WA,Skamania County,data.trilliumtransit.com/gtfs/gorgewet-wa-us/gorgewet-wa-us.zip,https://openmobilitydata-data.s3.us-west-1.amazonaws.com/public/feeds/skamania-county-public-transit/678/20200520/gtfs.zip,deprecated,,,,
tfs-683,BJCTA MAX GTFS,,AL,Birmingham,maxtransit.org/rider-tools/gtfs-information/,https://openmobilitydata-data.s3.us-west-1.amazonaws.com/public/feeds/birmingham-jefferson-county-transit-authority/683/20170404/gtfs.zip,deprecated,,,,
tfs-684,SunRail GTFS,,FL,Orlando,corporate.sunrail.com/wp-content/uploads/2016/05/google_transit.zip,https://openmobilitydata-data.s3.us-west-1.amazonaws.com/public/feeds/florida-department-of-transportation/684/20210805/gtfs.zip,deprecated,,,,
tfs-701,Wheels GTFS,,CA,Livermore,wheelsbus.com/wp-content/uploads/2017/08/google_transit.zip,https://openmobilitydata-data.s3.us-west-1.amazonaws.com/public/feeds/livermore-amador-valley-transit-authority/701/20170918/gtfs.zip,deprecated,,,,
tfs-709,City of San Luis Obispo GTFS,,CA,San Luis Obispo,mjcaction.com/MJC_GTFS_Public/sanluisobispo_google_transit.zip,https://openmobilitydata-data.s3.us-west-1.amazonaws.com/public/feeds/city-of-san-luis-obispo/709/20220910/gtfs.zip,deprecated,,,,
tfs-710,San Luis Obispo RTA GTFS,,CA,San Luis Obispo,mjcaction.com/MJC_GTFS_Public/slorta_google_transit.zip,https://openmobilitydata-data.s3.us-west-1.amazonaws.com/public/feeds/san-luis-obispo-rta/710/20180911/gtfs.zip,deprecated,,,,
tfs-749,Gold Country Stage GTFS,,CA,Nevada County,data.trilliumtransit.com/gtfs/goldcountrystage-ca-us,https://openmobilitydata-data.s3.us-west-1.amazonaws.com/public/feeds/gold-country-stage/749/20181227/gtfs.zip,deprecated,,,,
tfs-753,ECO Transit,,CO,Eagle County,data.trilliumtransit.com/gtfs/ecotransit-co-us/ecotransit-co-us.zip,https://openmobilitydata-data.s3.us-west-1.amazonaws.com/public/feeds/eco-transit/753/20210402/gtfs.zip,deprecated,,,,
tfs-755,Lakes Region Explorer GTFS,,ME,Cumberland County,data.trilliumtransit.com/gtfs/rtp-me-us/rtp-me-us.zip,https://openmobilitydata-data.s3.us-west-1.amazonaws.com/public/feeds/lakes-region-explorer/755/20200729/gtfs.zip,deprecated,,,,
tfs-758,Washington Park Shuttle GTFS,,OR,Portland,oregon-gtfs.com/gtfs_data/washingtonparkshuttle-or-us/washingtonparkshuttle-or-us.zip,https://openmobilitydata-data.s3.us-west-1.amazonaws.com/public/feeds/washington-park-shuttle/758/20230925/gtfs.zip,deprecated,,,,
tfs-761,South Clackamas Transportation District GTFS,,OR,Clackamas County,oregon-gtfs.com/gtfs_data/sctd-or-us/sctd-or-us.zip,https://openmobilitydata-data.s3.us-west-1.amazonaws.com/public/feeds/south-clackamas-transportation-district/761/20231216/gtfs.zip,deprecated,,,,
tfs-767,Quail Trail Public Transit GTFS,,OR,Klamath Falls,oregon-gtfs.com/gtfs_data/klamathtribes-or-us/klamathtribes-or-us.zip,https://openmobilitydata-data.s3.us-west-1.amazonaws.com/public/feeds/quail-trail-public-transit/767/20161214/gtfs.zip,deprecated,,,,
tfs-771,Central Oregon Breeze GTFS,,OR,Bend,oregon-gtfs.com/gtfs_data/cobreeze-or-us/cobreeze-or-us.zip,https://openmobilitydata-data.s3.us-west-1.amazonaws.com/public/feeds/central-oregon-breeze/771/20231206/gtfs.zip,deprecated,,,,
tfs-772,City 2 City Shuttle GTFS,,OR,Eugene,oregon-gtfs.com/gtfs_data/citytocityshuttle-or-us/citytocityshuttle-or-us.zip,https://openmobilitydata-data.s3.us-west-1.amazonaws.com/public/feeds/city-2-city-shuttle/772/20180725/gtfs.zip,deprecated,,,,
tfs-781,StarTran GTFS,,NE,Lincoln,lincoln.ne.gov/city/pworks/startran/feed/gtfs.zip,https://openmobilitydata-data.s3.us-west-1.amazonaws.com/public/feeds/startran/781/20201005/gtfs.zip,deprecated,,,,
tfs-800,The Victoria Clipper GTFS,,WA,Seattle,github.com/zacs/victoriaclipper-gtfs/raw/master/build/clipper.zip,https://openmobilitydata-data.s3.us-west-1.amazonaws.com/public/feeds/the-victoria-clipper/800/20180521/gtfs.zip,deprecated,,,,
tfs-802,Votran GTFS,,FL,Daytona Beach,votran.org/core/fileparse.php/6120/urlt/Votran_General_Transit_Feed.zip,https://openmobilitydata-data.s3.us-west-1.amazonaws.com/public/feeds/votran/802/20190227/gtfs.zip,deprecated,,,,
tfs-825,Capitol Corridor GTFS,,CA,Oakland,capitolcorridor.org/googletransit/google_transit.zip,https://openmobilitydata-data.s3.us-west-1.amazonaws.com/public/feeds/capitol-corridor/825/20240101/gtfs.zip,deprecated,,,,
tfs-833,MATBUS GTFS,,ND,Fargo,matbus.com/gtfs/google/google_transit.zip,https://openmobilitydata-data.s3.us-west-1.amazonaws.com/public/feeds/matbus/833/20221124/gtfs.zip,deprecated,,,,
tfs-884,DC Circulator GTFS,,DC,Washington,circulatordashboard.dc.gov/circulatordata/gtfs/dc-circulator.zip,https://openmobilitydata-data.s3.us-west-1.amazonaws.com/public/feeds/wmata/884/20211027/gtfs.zip,deprecated,,,,
tfs-889,VRT GTFS,,ID,Boise,valleyregionaltransit.org/GTFS/VRT_Transit1.zip,https://openmobilitydata-data.s3.us-west-1.amazonaws.com/public/feeds/valleyride/889/20211123/gtfs.zip,deprecated,,,,
tfs-902,Oregon Express Shuttle GTFS,,OR,Albany,oregon-gtfs.com/gtfs_data/oregonexpressshuttle-or-us/oregonexpressshuttle-or-us.zip,https://openmobilitydata-data.s3.us-west-1.amazonaws.com/public/feeds/oregon-express-shuttle/902/20230626/gtfs.zip,deprecated,,,,
tfs-910,Pacific Crest Bus Lines GTFS,,OR,Eugene,oregon-gtfs.com/gtfs_data/pacificcrest-or-us/pacificcrest-or-us.zip,https://openmobilitydata-data.s3.us-west-1.amazonaws.com/public/feeds/pacific-crest-bus-lines/910/20230718/gtfs.zip,deprecated,,,,
tfs-1014,Puget Sound Region GTFS,,WA,Seattle,developer.onebusaway.org/tmp/sound/gtfs/modified/gtfs_puget_sound_consolidated.zip,https://openmobilitydata-data.s3.us-west-1.amazonaws.com/public/feeds/puget-sound-region/1014/20211211/gtfs.zip,deprecated,,,,
tfs-1029,Selah Transit GTFS,,WA,Selah,data.trilliumtransit.com/gtfs/selah-wa-us/selah-wa-us.zip,https://openmobilitydata-data.s3.us-west-1.amazonaws.com/public/feeds/selah-transit/1029/20230505/gtfs.zip,deprecated,,,,
tfs-1055,Commute.org San Mateo County Shuttles,,CA,San Mateo,commute.org/files/gtfs/Masterzip.zip,https://openmobilitydata-data.s3.us-west-1.amazonaws.com/public/feeds/commute-org-san-mateo-county-shuttles/1055/20190927/gtfs.zip,deprecated,,,,
tfs-1057,Culver City Bus GTFS,,CA,Culver City,culvercity.org/city-hall/city-maps-gis-program/download-gis-data/culver-citybus-gtfs,https://openmobilitydata-data.s3.us-west-1.amazonaws.com/public/feeds/culver-city-bus/1057/20200912/gtfs.zip,deprecated,,,,
tfs-1131,CityBus GTFS,,IN,Lafayette,gocitybus.com/wp-content/themes/citybus/assets/zip/citybus_lafayette_in_us.zip,https://openmobilitydata-data.s3.us-west-1.amazonaws.com/public/feeds/greater-lafayette-public-transportation-corporation-citybus/1131/20201019/gtfs.zip,deprecated,,,,
tfs-1136,Amtrak GTFS,,,,github.com/transitland/gtfs-archives-not-hosted-elsewhere/raw/master/amtrak.zip,https://openmobilitydata-data.s3.us-west-1.amazonaws.com/public/feeds/amtrak/1136/20211006/gtfs.zip,deprecated,,,,
tfs-1256,Let'er Bus GTFS,,OR 97801,Pendleton,oregon-gtfs.com/gtfs_data/pendleton-or-us/pendleton-or-us.zip,https://openmobilitydata-data.s3.us-west-1.amazonaws.com/public/feeds/leter-bus/1256/20231206/gtfs.zip,deprecated,,,,
tld-61,Virginia Railway Express,,District of Columbia,Washington,https://gtfs.vre.org/containercdngtfsupload/google_transit.zip,https://files.mobilitydatabase.org/tld-61/latest.zip,active,38.22099,38.89955,-77.52548,-77.00472
tld-77,Beloit Transit System,,Wisconsin,Rock County,https://passio3.com/beloit/passioTransit/gtfs/google_transit.zip,https://files.mobilitydatabase.org/tld-77/latest.zip,active,42.490103676,42.728102,-89.070638525,-88.964825827
tld-89,Chapel Hill Transit,,North Carolina,Carrboro,http://mychtransit.org/gtfs,https://files.mobilitydatabase.org/tld-89/latest.zip,active,35.854069,36.087242,-79.11193,-78.996651
tld-98,GoDurham,,North Carolina,Durham,https://godurham.rideralerts.com/InfoPoint/GTFS-Zip.ashx,https://files.mobilitydatabase.org/tld-98/latest.zip,active,35.880556,36.101322,-78.996621,-78.7794991
tld-170,Cascades East Transit,,Oregon,Bend,https://passio3.com/cet/passioTransit/gtfs/google_transit.zip,https://files.mobilitydatabase.org/tld-170/latest.zip,active,43.670347946,44.777930924,-121.678694393,-120.842453
tld-202,Research Triangle Regional Public Transportation Authority,,North Carolina,Apex,http://gotriangle.org/gtfs,https://files.mobilitydatabase.org/tld-202/latest.zip,active,35.632754,36.095602,-79.270028,-78.296822
tld-217,VIA Metropolitan Transit,,Texas,Bexar County,http://www.viainfo.net/BusService/google_transit.zip,https://files.mobilitydatabase.org/tld-217/latest.zip,active,29.27663,29.650497,-98.734752,-98.306831
tld-223,rabbittransit,,Maryland,Baltimore County,https://realtime.rabbittransit.org/InfoPoint/GTFS-Zip.ashx,https://files.mobilitydatabase.org/tld-223/latest.zip,active,39.39941459,40.29388372,-77.276039679,-76.4998531173
tld-235,Metropolitan Tulsa Transit Authority,,Oklahoma,Osage County,https://tulsa.rideralerts.com/InfoPoint/GTFS-Zip.ashx,https://files.mobilitydatabase.org/tld-235/latest.zip,active,36.02251,36.245017,-96.12021,-95.790735962
tld-279,Lehigh and Northampton Transportation Authority,,Pennsylvania,Allentown,https://realtimelanta.availtec.com/InfoPoint/GTFS-Zip.ashx,https://files.mobilitydatabase.org/tld-279/latest.zip,active,40.527096,40.884444,-75.894966,-75.204932
tld-288_1,Charm City Circulator,,Maryland,Baltimore,https://transportation.baltimorecity.gov/files/cccgtfs824zip,https://files.mobilitydatabase.org/tld-288_1/latest.zip,deprecated,39.237181426,39.32815111,-76.635043466,-76.584193691
tld-294,Yakima Transit,,Washington,Yakima County,https://yakimatransit.org/media/gtfs.zip,https://files.mobilitydatabase.org/tld-294/latest.zip,deprecated,46.56293,47.002989,-120.635949,-120.47735
tld-319,Autoridad de Transporte Integrado,,Puerto Rico,,https://drive.google.com/uc?export=download&id=1bq0fZDWmKaaqgToplhy76LCabRocy_oF,https://files.mobilitydatabase.org/tld-319/latest.zip,inactive,18.131919,18.46523,-66.247123,-65.302521
tld-351,Sarasota County Area Transit,,Florida,,https://breezerider.tripsparkhost.com/GTFS/2024WinterR01-Route77-R06/google_transit.zip,https://files.mobilitydatabase.org/tld-351/latest.zip,deprecated,27.0388126367811,27.493355,-82.5876874115126,-82.205356
tld-351_1,Breeze Transit,,Florida,Sarasota,https://breezerider.tripsparkhost.com/GTFS/Route%2077%20-%20R08/google_transit.zip,https://files.mobilitydatabase.org/tld-351_1/latest.zip,inactive,27.219151,27.3364710522129,-82.5643619829714,-82.51511
tld-366,Centre County Transit Authority,,Pennsylvania,Centre County,http://catabus.com/wp-content/uploads/google_transit.zip,https://files.mobilitydatabase.org/tld-366/latest.zip,active,40.761013,40.8381401156,-77.925545,-77.7963361222
tld-395,Wichita Transit,,Kansas,Sedgwick County,https://bus.wichitatransit.org/InfoPoint/gtfs-zip.ashx,https://files.mobilitydatabase.org/tld-395/latest.zip,active,37.605752,37.757113,-97.46258,-97.189437
tld-401,Niagara Frontier Transportation Authority,,New York,Buffalo,https://metro.nfta.com/__googletransit/google_transit.zip,https://files.mobilitydatabase.org/tld-401/latest.zip,active,42.57008,43.170068,-79.117123,-78.607823
tld-438,Torrance Transit,,California,Long Beach,https://transit.torranceca.gov/home/showpublisheddocument/16673/638564236831470000,,deprecated,,,,
tld-461,SunLine Transit Agency,,California,Riverside County,http://infopoint.sunline.org/InfoPoint/gtfs-zip.ashx,https://files.mobilitydatabase.org/tld-461/latest.zip,active,33.522632,34.179853,-117.326156,-115.921462
tld-471,Glendale Beeline,,California,,https://www.glendaleca.gov/home/showdocument?id=29549,,active,,,,
tld-478,Georgia Tech Stinger Bus,,Georgia,Atlanta,https://passio3.com/gatech/passioTransit/gtfs/google_transit.zip,https://files.mobilitydatabase.org/tld-478/latest.zip,deprecated,,,,
tld-478_1,Georgia Tech Stinger Bus,,Georgia,Atlanta,https://bus.gatech.edu/Secure/Admin/Reports/GTFSDownload.aspx,https://files.mobilitydatabase.org/tld-478_1/latest.zip,active,33.769451046,33.803577,-84.40761,-84.3172316994
tld-490,Greenlink,,South Carolina,Berea,https://gtfs.greenlink.cadavl.com/GTA/GTFS/GTFS_GTA.zip,https://files.mobilitydatabase.org/tld-490/latest.zip,active,34.7048432,34.9251541,-82.4642448,-82.2328106
tld-492,South Florida Regional Transportation Authority,,Florida,Fort Lauderdale,https://gtfs.tri-rail.com/gtfs.zip,https://files.mobilitydatabase.org/tld-492/latest.zip,active,25.78096962,26.75874329,-80.25962067,-80.06253815
tld-674,Kalamazoo Metro Transit,,Michigan,Kalamazoo County,https://trackmybus.kmetro.org/InfoPoint/GTFS-Zip.ashx,https://files.mobilitydatabase.org/tld-674/latest.zip,active,42.1647109985,42.3328857422,-85.691495,-85.510246
tld-679,City of Sierra Vista,,Arizona,Sierra Vista,https://rapid.nationalrtap.org/GTFSFileManagement/UserUploadFiles/12009/VistaTransit_AZ_GTFS.zip,https://files.mobilitydatabase.org/tld-679/latest.zip,active,31.528526,31.565626,-110.306096,-110.228942
tld-688,Jump Around Carson,,Nevada,Carson City,https://www.carson.org/home/showpublisheddocument/88322/638424553550370000,https://files.mobilitydatabase.org/tld-688/latest.zip,active,39.11556,39.20368,-119.79043,-119.72803
tld-757,Fayetteville Area System of Transit,,North Carolina,,https://www.fayettevillenc.gov/home/showpublisheddocument/16121/637649183752270000,,deprecated,,,,
tld-757_1,Fayetteville Area System of Transit,,North Carolina,,https://www.fayettevillenc.gov/home/showpublisheddocument/16121/638612293378070000,,deprecated,,,,
tld-764,Jacksonville Transportation Authority,,Florida,Duval County,https://ride.jtafla.com/gtfs-archive/gtfs.zip,https://files.mobilitydatabase.org/tld-764/latest.zip,active,29.6461,30.624992,-82.3226,-81.337585
tld-820,Valley Transit,,Washington,College Place,https://itransitnw.com/rtt/public/resource/gtfs.zip,https://files.mobilitydatabase.org/tld-820/latest.zip,active,46.031692,46.087096,-118.399049,-118.276473
tld-881,Norwalk Transit System,,California,Artesia,https://nts.rideralerts.com/InfoPoint/gtfs-zip.ashx,https://files.mobilitydatabase.org/tld-881/latest.zip,active,33.865494,34.072397,-118.133963,-117.959303
tld-942,LakeXpress,,Florida,Gainesville,https://ftis.org/PostFileDownload.aspx?id=667A0,https://files.mobilitydatabase.org/tld-942/latest.zip,inactive,29.6001677847958,29.7150360778361,-82.49384917,-82.2639662041154
tld-962,Greenway Public Transportation,,North Carolina,Hickory,https://rapid.nationalrtap.org/GTFSFileManagement/UserUploadFiles/7944/UpdateGTFS_Feed_Greenway.zip,https://files.mobilitydatabase.org/tld-962/latest.zip,active,35.655966,35.923383,-81.716902,-81.168293
tld-984,Baltimore Water Taxi,,Maryland,Baltimore,https://github.com/transitland/gtfs-archives-not-hosted-elsewhere/blob/master/baltimore-water-taxi.zip?raw=true,https://files.mobilitydatabase.org/tld-984/latest.zip,inactive,39.2658898669217,39.2858899794317,-76.6114237904549,-76.5740847587585
tld-1039,KU on Wheels & Lawrence Transit System,,Kansas,Lawrence,https://assets.lawrenceks.org/transit/KU-LTS_GTFS.zip,https://files.mobilitydatabase.org/tld-1039/latest.zip,active,38.9242454709954,39.0033548094046,-95.3326184,-95.18150225
tld-1200,Rochester-Genesee Regional Transportation Authority,,New York,Seneca County,https://scheduledata.rgrta.com/Regionals/Seneca.zip,https://files.mobilitydatabase.org/tld-1200/latest.zip,active,42.869011,42.917935,-76.988837,-76.782322
tld-1201,Rochester-Genesee Regional Transportation Authority,Wayne ,New York,Newark,https://scheduledata.rgrta.com/Regionals/Wayne.zip,https://files.mobilitydatabase.org/tld-1201/latest.zip,active,42.86921,43.256003,-77.442849,-76.72567
tld-1213,Sandusky Transit System,,Ohio,,http://mjcaction.com/MJC_GTFS_Public/sandusky_google_transit.zip,https://files.mobilitydatabase.org/tld-1213/latest.zip,deprecated,41.384902,41.460442,-82.751271,-82.593939
tld-1213_1,Sandusky Transit System,,Ohio,Sandusky,https://mjcaction.com/MJC_GTFS_Public/sandusky_google_transit.zip,https://files.mobilitydatabase.org/tld-1213_1/latest.zip,active,41.384902,41.460442,-82.751271,-82.596655
tld-1238,Tulare InterModal Express ,,California,Tulare,https://tularetransit.com/gtfs,,active,,,,
tld-1253,Los Angeles County Shuttles,,California,Los Angeles,https://gitlab.com/LACMTA/gtfs_lax/-/archive/master/gtfs_lax-master.zip?path=la_county,https://files.mobilitydatabase.org/tld-1253/latest.zip,active,,,,
tld-1256,City of Santa Clarita Transit,,California,Los Angeles County,http://apps.santaclaritatransit.com/rtt/public/utility/gtfs.aspx,https://files.mobilitydatabase.org/tld-1256/latest.zip,active,34.043363,34.503568,-118.663724,-118.233323
tld-1301,Santa Ynez Valley Transit,,California,Santa Barbara County,https://app.mecatran.com/urb/ws/feed/c2l0ZT1zeXZ0O2NsaWVudD1zZWxmO2V4cGlyZT07dHlwZT1ndGZzO2tleT00MjcwNzQ0ZTY4NTAzOTMyMDIxMDdjNzI0MDRkMzYyNTM4MzI0YzI0,https://files.mobilitydatabase.org/tld-1301/latest.zip,active,34.59586896,34.665449,-120.20517659,-120.077077
tld-1319,North Central Regional Transit District,,New Mexico,Dulce,https://bluebustracker.availtec.com/InfoPoint/GTFS-Zip.ashx,https://files.mobilitydatabase.org/tld-1319/latest.zip,active,35.000311,36.978963,-108.18002,-105.209957
tld-1325,Park City Transit,,Utah,Park City,https://go.parkcity.org/InfoPoint/gtfs-zip.ashx,https://files.mobilitydatabase.org/tld-1325/latest.zip,inactive,40.6059397035,40.6827100973,-111.5362961698,-111.447389
tld-1342,Rosemead Explorer,,California,Los Angeles County,https://passio3.com/rosemead/passioTransit/gtfs/google_transit.zip,https://files.mobilitydatabase.org/tld-1342/latest.zip,active,34.03651,34.08384,-118.10379,-118.0585
tld-1654,City of Lompoc Transit (COLT),,California,Santa Maria,https://www.cityoflompoc.com/home/showpublisheddocument/29896/638460016396870000,,deprecated,,,,
tld-1655,"Memphis Area Transit Authority, Trolly",,Tennessee,Memphis,http://mata.cadavl.com:5053/MATA/GTFS/GTFS_MATA.zip,https://files.mobilitydatabase.org/tld-1655/latest.zip,inactive,35.001607,35.245019,-90.125309,-89.754447
tld-1660,Topeka Metro,,Kansas,Topeka,https://drive.google.com/uc?export=download&id=1rzr_NmB1Ltulchli9131KmP-VqZj8lHd,https://files.mobilitydatabase.org/tld-1660/latest.zip,deprecated,38.993226,39.099858,-95.779170576,-95.613597489
tld-1660_1,Topeka Metro,,Kansas,Shawnee County,https://gtfs.remix.com/topeka_metro_ks_us.zip,https://files.mobilitydatabase.org/tld-1660_1/latest.zip,active,38.9931826,39.099858,-95.7793321,-95.6135826
tld-1716,Toledo Area Regional Transit Authority,,Ohio,,http://tarta.com/wp-content/uploads/gtfs/GTFS.zip,https://files.mobilitydatabase.org/tld-1716/latest.zip,deprecated,41.546573638916016,41.72891998291016,-83.71688842773438,-83.4601058959961
tld-1716_1,Toledo Area Regional Transit Authority,,Ohio,Lucas County,https://s3.amazonaws.com/etatransit.gtfs/tarta.etaspot.net/gtfs.zip,https://files.mobilitydatabase.org/tld-1716_1/latest.zip,active,41.546653747558594,41.72891998291016,-83.71688842773438,-83.4601058959961
tld-1717,Western Reserve Transit Authority,,Ohio,Mahoning County,https://myvalleystops.wrtaonline.com/InfoPoint/gtfs-zip.ashx,https://files.mobilitydatabase.org/tld-1717/latest.zip,future,40.9769194304,41.2377080541,-80.8929349492,-80.5760656356
tld-2276,University of Georgia,,Georgia,Athens-Clarke County,https://passio3.com/uga/passioTransit/gtfs/google_transit.zip,https://files.mobilitydatabase.org/tld-2276/latest.zip,active,33.894542,33.9645,-83.4043,-83.345267893
tld-2289,Pierce County Ferries,,Washington,Pierce County,https://data.trilliumtransit.com/gtfs/piercecountyferries-wa-us/piercecountyferries-wa-us.zip,https://files.mobilitydatabase.org/tld-2289/latest.zip,active,47.162253940795,47.1785442916426,-122.677278676003,-122.60334022800993
tld-2290,Seattle Center Monorail,,Washington,King County,https://github.com/Seattle-Monorail-Services/gtfs/raw/refs/heads/main/96_gtfs.zip,https://files.mobilitydatabase.org/tld-2290/latest.zip,active,47.6120461,47.621263,-122.3499548,-122.3369601
tld-3364,Roosevelt Island Operating Corporation Tramway,,New York,New York County,https://data.trilliumtransit.com/gtfs/rooseveltisland-ny-us/rooseveltisland-ny-us.zip,https://files.mobilitydatabase.org/tld-3364/latest.zip,active,40.75289992278727,40.768973369116,-73.964212,-73.94310789946
tld-3368,Transport of Rockland,,New York,Monsey,https://s3.amazonaws.com/datatools-511ny/public/TOR_Transport_of_Rockland.zip,https://files.mobilitydatabase.org/tld-3368/latest.zip,active,41.0192,41.2506,-74.1847,-73.9205
tld-3390,Jefferson Parish Transit,,Louisiana,Avondale,https://drive.google.com/uc?export=download&id=16rusodQXxEwQjhBp4r3UuX98K9le5R9u,https://files.mobilitydatabase.org/tld-3390/latest.zip,inactive,29.840603,30.043595,-90.273809,-90.016142
tld-4129,Gary Public Transportation Corporation,,Indiana,Gary,https://gptc-gtfs.s3.us-east-2.amazonaws.com/gptc_gtfs.zip,https://files.mobilitydatabase.org/tld-4129/latest.zip,active,41.437552,41.693551,-87.523248,-87.222509
tld-4130,Mountain Mobility,,North Carolina,Black Mountain,https://gtfs.transitportal.org/CurrentGTFS/Buncombe%20County_21/Buncombe%20County%20-%20Mountain%20Mobility.zip,https://files.mobilitydatabase.org/tld-4130/latest.zip,inactive,35.542471,35.71659645,-82.753312,-82.29842138
tld-4131,Clarksville Transit,,Kentucky,Christian County,https://www.cityofclarksville.com/1126/CTS-Zip,https://files.mobilitydatabase.org/tld-4131/latest.zip,deprecated,36.50247573852539,36.64474487304688,-87.45128631591797,-87.23968505859375
tld-4134,Freedom Transit,,Pennsylvania,Bethel Park,https://freedom.rideralerts.com/InfoPoint/gtfs-zip.ashx,https://files.mobilitydatabase.org/tld-4134/latest.zip,active,40.155923,40.444846,-80.282812,-79.92598
tld-4135,High Point Transit,,North Carolina,High Point,https://www.highpointnc.gov/DocumentCenter/View/7138/Transit-Feed,https://files.mobilitydatabase.org/tld-4135/latest.zip,active,35.916884,36.000753,-80.0435629,-79.918401
tld-4136,Madison County Transit,,Illinois,Granite City,https://www.mct.org/mctinfo/gtfs.zip,https://files.mobilitydatabase.org/tld-4136/latest.zip,inactive,38.624521,38.9670405922,-90.280942,-89.697
tld-4144,Jaunt,,Virginia,Albemarle County,https://ridejaunt.org/gtfs/,https://files.mobilitydatabase.org/tld-4144/latest.zip,inactive,37.544322,38.130205,-78.879282,-78.436039
tld-4145,Danville Transit,,Virginia,Danville,https://data.trilliumtransit.com/gtfs/danville-va-us/danville-va-us.zip,https://files.mobilitydatabase.org/tld-4145/latest.zip,active,36.54474376535521,36.6379640767576,-79.46209253087035,-79.3075059
tld-4210,Columbia County Rider,,Oregon,Scappoose,https://oregon-gtfs.trilliumtransit.com/gtfs_data/columbiacounty-or-us/columbiacounty-or-us.zip,https://files.mobilitydatabase.org/tld-4210/latest.zip,active,45.516844455494,46.0896034068933,-122.937366424041,-122.67917901277
tld-4211,Sunset Empire Transportation District,,Oregon,Astoria,https://oregon-gtfs.trilliumtransit.com/gtfs_data/clatsopcounty-or-us/clatsopcounty-or-us.zip,https://files.mobilitydatabase.org/tld-4211/latest.zip,active,45.5288833908609,46.19935,-123.962041,-122.677082455061
tld-4260,Tulare County Regional Transit Agency,,California,,https://tularecog.org/tcag/data-gis-modeling/gtfs-data/tulare-county-regional-transit-agency-tcrta-gtfs/,https://files.mobilitydatabase.org/tld-4260/latest.zip,deprecated,35.761867,36.607999,-119.486362,-118.776688
tld-4273,Flint Hills Area Transportation Agency,,Kansas,Riley County,http://rapid.nationalrtap.org/GTFSFileManagement/UserUploadFiles/5197/FH_ATA_GTFS.zip,https://files.mobilitydatabase.org/tld-4273/latest.zip,active,38.991093,39.219556,-96.887182,-96.550221
tld-4298,Capital Area Transit,,Pennsylvania,Cumberland County,https://cat.rideralerts.com/InfoPoint/gtfs-zip.ashx,https://files.mobilitydatabase.org/tld-4298/latest.zip,active,40.047897,40.5570538653,-77.5445092006,-76.645721
tld-4327,LAX Flyaway,,California,Los Angeles,https://www.flylax.com/-/media/flylax/flyaway/gtfs/google_transit.ashx,https://files.mobilitydatabase.org/tld-4327/latest.zip,inactive,33.942466511,34.2092690273,-118.4831237343,-118.2333521059
tld-4379,Fullington Trailways,,New Jersey,Newark,https://s3.amazonaws.com/datatools-511ny/public/Fullington_Trailways.zip,https://files.mobilitydatabase.org/tld-4379/latest.zip,active,39.952915,42.883265,-79.992859,-73.9905
tld-4380,Monsey Trails,,New York,Monsey,https://s3.amazonaws.com/datatools-511ny/public/Monsey_Trails.zip,https://files.mobilitydatabase.org/tld-4380/latest.zip,active,40.627528,41.346636,-74.170443,-73.957057
tld-4385,Housatonic Area Regional Transit,,Connecticut,Fairfield County,https://passio3.com/hart/passioTransit/gtfs/google_transit.zip,https://files.mobilitydatabase.org/tld-4385/latest.zip,active,41.118856643,41.606836204,-73.68374,-73.379386521
tld-4386,City of West Hollywood,,California,Los Angeles,https://www.weho.org/home/showdocument?id=53383&t=637901042129473913,,active,,,,
tld-4436,Connecticut Department of Transportation (ConnDOT),,Connecticut,Berlin,https://ctrides.com/hlgtfs.zip,https://files.mobilitydatabase.org/tld-4436/latest.zip,active,41.297172,42.106137,-72.925945,-72.593041
tld-4454,Chapman University,,California,Orange County,https://passio3.com/chapman/passioTransit/gtfs/google_transit.zip,https://files.mobilitydatabase.org/tld-4454/latest.zip,active,33.649645758,33.804433,-117.895966,-117.717134189
tld-4456,Columbia University,,New York,New York County,https://passio3.com/columbia/passioTransit/gtfs/google_transit.zip,https://files.mobilitydatabase.org/tld-4456/latest.zip,active,40.810138,41.004277528,-73.974057,-73.909616545
tld-4458,Emory Hospital Midtown,,Georgia,Atlanta,https://passio3.com/emory/passioTransit/gtfs/google_transit.zip,https://files.mobilitydatabase.org/tld-4458/latest.zip,active,,,,
tld-4459,Eastern Panhandle Transit Authority,,West Virginia,Martinsburg,https://rapid.nationalrtap.org/GTFSFileManagement/UserUploadFiles/11735/EPTA_WV_GTFS.zip,https://files.mobilitydatabase.org/tld-4459/latest.zip,active,39.2840089999999,39.514124,-78.0524609999999,-77.7304189999999
tld-4461,Fresno State University,,California,Fresno,https://passio3.com/fresno/passioTransit/gtfs/google_transit.zip,https://files.mobilitydatabase.org/tld-4461/latest.zip,active,,,,
tld-4462,Harvard University,,Massachusetts,Middlesex County,https://passio3.com/harvard/passioTransit/gtfs/google_transit.zip,https://files.mobilitydatabase.org/tld-4462/latest.zip,active,42.363328644,42.381867,-71.127861727,-71.114392997
tld-4465,Mercy College,,New York,Westchester County,https://passio3.com/mercy/passioTransit/gtfs/google_transit.zip,https://files.mobilitydatabase.org/tld-4465/latest.zip,active,40.840753,41.059922204,-73.876379,-73.832538816
tld-4466,Miller Transportation,,Ohio,Athens County,https://passio3.com/miller/passioTransit/gtfs/google_transit.zip,https://files.mobilitydatabase.org/tld-4466/latest.zip,active,39.220384918,41.50344,-83.0082,-81.37115765
tld-4469,North Fork Area Transit,,Nebraska,Madison County,https://passio3.com/northfork/passioTransit/gtfs/google_transit.zip,https://files.mobilitydatabase.org/tld-4469/latest.zip,active,42.021061,42.04831905,-97.4654202,-97.38742815
tld-4470,Ozark Regional Transit,,Arkansas,Washington County,https://passio3.com/ozark/passioTransit/gtfs/google_transit.zip,https://files.mobilitydatabase.org/tld-4470/latest.zip,active,36.0331807,36.384585349,-94.2246779,-94.09401
tld-4472,University of Chicago,,Illinois,Cook County,https://passio3.com/chicago/passioTransit/gtfs/google_transit.zip,https://files.mobilitydatabase.org/tld-4472/latest.zip,active,41.779614,41.891918354,-87.639331,-87.58080984
tld-4473,University of Connecticut (UCONN / WRTD),,Connecticut,Tolland County,https://passio3.com/uconn/passioTransit/gtfs/google_transit.zip,https://files.mobilitydatabase.org/tld-4473/latest.zip,active,41.47226,41.830479934,-72.296058,-71.884417823
tld-4506,Martin County Public Transit,,Florida,Martin County,https://myride.martin.fl.us/GTFS/google_transit.zip,https://files.mobilitydatabase.org/tld-4506/latest.zip,active,26.7850531211527,27.266416,-80.489601,-80.058597
tld-4548,River Valley Transit,,Pennsylvania,Clinton County,https://my.ridervt.com/InfoPoint/gtfs-zip.ashx,https://files.mobilitydatabase.org/tld-4548/latest.zip,active,41.168601,41.276514,-77.296549,-76.717155
tld-4551,Area Transit Authority,,Pennsylvania,Cameron County,https://rideata.rideralerts.com/InfoPoint/gtfs-zip.ashx,https://files.mobilitydatabase.org/tld-4551/latest.zip,active,40.927714,41.97956,-79.395396,-78.224162
tld-4553,County of Lackawanna Transit System,,Pennsylvania,Dickson City,https://coltsivl.availtec.com/InfoPoint/gtfs-zip.ashx,https://files.mobilitydatabase.org/tld-4553/latest.zip,active,41.24822788,41.58162,-75.8369549031,-75.498993
tld-4555,Luzerne County Transportation Authority,,Pennsylvania,Ashley,https://realtimelctabus.availtec.com/InfoPoint/gtfs-zip.ashx,https://files.mobilitydatabase.org/tld-4555/latest.zip,active,41.1922,41.41021,-76.0038099037,-75.666397
tld-4659,Butler Transit Authority,,Pennsylvania,Allegheny County,https://butlerivl.availtec.com/InfoPoint/gtfs-zip.ashx,https://files.mobilitydatabase.org/tld-4659/latest.zip,active,40.441422,40.900833,-80.115454,-79.875569
tld-4661,Indiana County Transit Authority,,Pennsylvania,Indiana County,https://indigobus.availtec.com/InfoPoint/gtfs-zip.ashx,https://files.mobilitydatabase.org/tld-4661/latest.zip,active,40.430889,40.944352,-79.265235,-78.971254
tld-4663,Shenango Valley Shuttle Service,,Pennsylvania,Farrell,https://svss.availtec.com/InfoPoint/gtfs-zip.ashx,https://files.mobilitydatabase.org/tld-4663/latest.zip,active,41.20141,41.265614,-80.519056,-80.216545
tld-4665,Hazleton Public Transit,,Pennsylvania,Carbon County,https://realtimehpts.availtec.com/InfoPoint/gtfs-zip.ashx,https://files.mobilitydatabase.org/tld-4665/latest.zip,active,40.900944,41.268238,-76.104251,-75.812443
tld-4667,Cerritos On Wheels,,California,Los Angeles County,https://passio3.com/cerritos/passioTransit/gtfs/google_transit.zip,https://files.mobilitydatabase.org/tld-4667/latest.zip,active,33.848354136,33.882685548,-118.099763368,-118.045046641
tld-4668,Cooperative Alliance For Seacoast Transportation,,New Hampshire,Strafford County,https://passio3.com/COAST/passioTransit/gtfs/google_transit.zip,https://files.mobilitydatabase.org/tld-4668/latest.zip,active,43.02275239,43.394169,-71.084959,-70.742260618
tld-4669,Altoona Metro Transit,,Pennsylvania,Altoona,https://amtran.rideralerts.com/InfoPoint/gtfs-zip.ashx,https://files.mobilitydatabase.org/tld-4669/latest.zip,active,40.428089,40.680805,-78.445224,-78.236795
tld-4671,Cambria County Transit Authority,,Pennsylvania,Blair County,https://live.camtranbus.com/InfoPoint/gtfs-zip.ashx,https://files.mobilitydatabase.org/tld-4671/latest.zip,active,40.217551,40.669539,-78.9791572394,-78.4096409006
tld-4674,Crawford Area Transportation Authority,,Pennsylvania,Cochranton,https://catabus.rideralerts.com/InfoPoint/gtfs-zip.ashx,https://files.mobilitydatabase.org/tld-4674/latest.zip,active,41.3489621944,41.728774,-80.307269,-79.6670561693
tld-4688,Schuylkill Transportation System,,Pennsylvania,New Castle Township,https://sts.rideralerts.com/InfoPoint/gtfs-zip.ashx,https://files.mobilitydatabase.org/tld-4688/latest.zip,active,40.623833,40.90214,-76.354973,-75.91437
tld-4694,Goose Creek Transit,,Wyoming,Sheridan,https://data.trilliumtransit.com/gtfs/sheridan-wy-us/sheridan-wy-us.zip,https://files.mobilitydatabase.org/tld-4694/latest.zip,inactive,44.74227600703893,44.8359236093641,-106.99701201794817,-106.934223618982
tld-4728,Lexpress,,Massachusetts,Lexington,http://rtaalerts.com/gtfs/lexpress/google_transit.zip,https://files.mobilitydatabase.org/tld-4728/latest.zip,active,42.407445,42.486963,-71.248398,-71.181888
tld-4756,Biddeford Saco Old Orchard Beach Transit,,Maine,York County,https://gtfs.remix.com/bsoob_transit_biddeford_me_us.zip,https://files.mobilitydatabase.org/tld-4756/latest.zip,active,43.453067,43.6634751,-70.514467,-70.2572298
tld-4757,Central Transportation,,Wisconsin,Portage County,https://passio3.com/centraltrans/passioTransit/gtfs/google_transit.zip,https://files.mobilitydatabase.org/tld-4757/latest.zip,active,44.491514993,44.542822474,-89.594245293,-89.503945332
tld-4763,Artesia Transit,,California,Artesia,https://github.com/LACMTA/los-angeles-regional-gtfs/raw/main/artesia-ca-us/artesia-ca-us.zip,https://files.mobilitydatabase.org/tld-4763/latest.zip,inactive,33.858550954295,33.8802916131386,-118.090863758233,-118.072711078776
tld-4769,Brightline,,Florida,Miami,https://data.trilliumtransit.com/gtfs/brightline-fl-us/brightline-fl-us.zip,https://files.mobilitydatabase.org/tld-4769/latest.zip,inactive,25.7718799,26.123462,-80.2785785,-80.115413
tld-4771,Centre County Transit Authority,,Pennsylvania,Patton Township,https://data.trilliumtransit.com/gtfs/cata-pa-us/cata-pa-us.zip,https://files.mobilitydatabase.org/tld-4771/latest.zip,active,40.761013,40.917591,-77.94165,-77.7690793151
tld-4777,Athens Clarke County Transit,,Georgia,Athens-Clarke County,https://bustracker.accgov.com/InfoPoint/GTFS-Zip.ashx,https://files.mobilitydatabase.org/tld-4777/latest.zip,active,33.911022,34.029076,-83.473231,-83.302761
tld-4781,I-Line Shuttle,,California,Los Angeles,https://www.cityofinglewood.org/gtfs,,active,,,,
tld-4782,Maywood Express Shuttle,,California,Maywood,https://gtfs.calitp.org/production/MaywoodGTFS.zip,https://files.mobilitydatabase.org/tld-4782/latest.zip,inactive,33.983579,33.99523,-118.203509,-118.172456
tld-4791,Citylink North (Kootenai County),,Idaho,Kootenai County,https://passio3.com/kootenai/passioTransit/gtfs/google_transit.zip,https://files.mobilitydatabase.org/tld-4791/latest.zip,active,47.67338943,47.75183868,-116.947998,-116.7540512
tld-4792,Citylink South (Kootenai County),,Idaho,Benewah County,https://passio3.com/citylinkrural/passioTransit/gtfs/google_transit.zip,https://files.mobilitydatabase.org/tld-4792/latest.zip,active,47.145966421,47.699485,-116.975986709,-116.8157833
tld-4798,"Eureka Transit Service, Blue Lake Rancheria Transit System, Samoa Transit System, Redwood Transit System, Arcata & Mad River Transit System",,California,Eureka,https://gtfs.calitp.org/production/HumboldtTransitAuthorityDialARideFlex.zip,https://files.mobilitydatabase.org/tld-4798/latest.zip,active,,,,
tld-4831,Muskegon Area Transit System,,Michigan,Muskegon,https://muskegon.connexionz.net/rtt/public/utility/gtfs.aspx,https://files.mobilitydatabase.org/tld-4831/latest.zip,active,43.132299,43.24829,-86.278232,-86.171828
tld-4834,Bobcat Transit,,Texas,San Marcos,https://gato-docs.its.txstate.edu/jcr:7afa7719-3973-4804-a666-61036a025185/TXST-20230117-v1_5-Static-Final.zip,https://files.mobilitydatabase.org/tld-4834/latest.zip,deprecated,29.826283,30.026783,-97.983772,-97.869971
tld-4834_1,Bobcat Transit,,Texas,San Marcos,https://docs.gato.txst.edu/357013/gtfs.zip,https://files.mobilitydatabase.org/tld-4834_1/latest.zip,active,29.826799,29.904409,-97.984196,-97.900093
tld-5503,Mid Mon Valley Transit Authority,,Pennsylvania,Allegheny County,https://mmvta.rideralerts.com/InfoPoint/gtfs-zip.ashx,https://files.mobilitydatabase.org/tld-5503/latest.zip,active,40.026674,40.454161,-80.033009,-79.840492
tld-5531,Lebanon Transit,,Pennsylvania,Annville,https://realtime.lebanontransit.org/InfoPoint/gtfs-zip.ashx,https://files.mobilitydatabase.org/tld-5531/latest.zip,active,40.06818,40.4355,-76.890838,-76.340166
tld-5537,NMDOT Park and Ride,,New Mexico,Santa Fe,https://api.realfile.rtsclients.com/PublicFiles/f260a66b364d453e91ff9b3fedd494dc/0058c359-58f0-438f-9e65-c47fc855d4cf/NMDOT%20Park%20and%20Ride%20GTFS%20Data%20updated%20April%201%202024.zip,https://files.mobilitydatabase.org/tld-5537/latest.zip,active,31.75329,35.99084,-106.781305,-105.22326
tld-5547,Imperial Valley Transit,,California,El Centro,http://schedule.ivtransit.com/public/gtfs/data.zip,https://files.mobilitydatabase.org/tld-5547/latest.zip,inactive,32.667601,33.424354,-115.9945178,-115.372443
tld-5551,Connect Douglas,,Georgia,Douglas County,https://passio3.com/douglas/passioTransit/gtfs/google_transit.zip,https://files.mobilitydatabase.org/tld-5551/latest.zip,active,33.70724314,33.797055102,-84.773587687,-84.552579972
tld-5579,Twin Transit,,Washington,Chehalis,https://data.trilliumtransit.com/gtfs/twintransit-wa-us/twintransit-wa-us.zip,https://files.mobilitydatabase.org/tld-5579/latest.zip,active,46.14113772260623,47.047456,-123.0135382,-121.66926828002777
tld-5727,The LINK,,Oregon,,https://oregon-gtfs.trilliumtransit.com/gtfs_data/mcedd-or-us/mcedd-or-us.zip,https://files.mobilitydatabase.org/tld-5727/latest.zip,deprecated,45.5876735701475,45.7124322710298,-121.53910896453418,-120.96411126453982
tld-5732,Governor's Island Ferry,,New York,New York County,https://data.trilliumtransit.com/gtfs/governorsislandferry-ny-us/governorsislandferry-ny-us.zip,https://files.mobilitydatabase.org/tld-5732/latest.zip,inactive,40.6866021618431,40.700903,-74.016500468736,-74.0020242809459
tld-5739,Liberty Landing Ferry,,New Jersey,Jersey City,https://data.trilliumtransit.com/gtfs/libertylandingferry-ny-us/libertylandingferry-ny-us.zip,https://files.mobilitydatabase.org/tld-5739/latest.zip,inactive,40.7096234807607,40.7149327808189,-74.0402257743207,-74.0173839686534
tld-5741,"Coach USA Erie, Orange Westchester Link, ShortLine Hudson, Suburban Transit, Community Coach, Rockland Coaches, Newark Airport Express, Wisconsin Coach Lines, Van Galder (Coach USA), Coach Suburban Transit Corporation, Coach Community Coach, Coach Hudson Transit Lines, Coach Newark Express, Waukesha County Transit",,Wisconsin,Milwaukee,https://api.prod.coachusa.com/gtfs,https://files.mobilitydatabase.org/tld-5741/latest.zip,active,25.796253,45.497753,-121.50401,-73.56585
tld-5746,Parachute Area Transit System,,Colorado,Rifle,https://data.trilliumtransit.com/gtfs/pats-co-us/pats-co-us.zip,https://files.mobilitydatabase.org/tld-5746/latest.zip,active,39.4243637100981,39.5457179920542,-108.054120475792,-107.767518112489
tld-5748,Port Arthur Transit,,Texas,Port Arthur,https://data.trilliumtransit.com/gtfs/portarthur-tx-us/portarthur-tx-us.zip,https://files.mobilitydatabase.org/tld-5748/latest.zip,inactive,29.859347692305803,29.96399259226004,-94.00143773228724,-93.89373786907352
tld-5749,Rainbow Rider,,Minnesota,Alexandria,https://data.trilliumtransit.com/gtfs/rainbowrider-mn-us/rainbowrider-mn-us.zip,https://files.mobilitydatabase.org/tld-5749/latest.zip,inactive,45.4976055959656,46.0859397315498,-96.831890236649,-94.7495352515317
tld-5750,River Valley Transit,,Connecticut,Middletown,https://data.trilliumtransit.com/gtfs/rivervalley-ct-us/rivervalley-ct-us.zip,https://files.mobilitydatabase.org/tld-5750/latest.zip,active,41.26143113595336,41.60872926547566,-72.809799,-72.0934518
tld-5751,Rural Resources Community Action,,Washington,Colville,https://data.trilliumtransit.com/gtfs/ruralresources-wa-us/ruralresources-wa-us.zip,https://files.mobilitydatabase.org/tld-5751/latest.zip,active,48.237788418,48.613958966,-118.0962216,-117.710822529
tld-5753,SMART,,Minnesota,Mower County,https://data.trilliumtransit.com/gtfs/smart-mn-us/smart-mn-us.zip,https://files.mobilitydatabase.org/tld-5753/latest.zip,active,43.63116589996369,44.111485068899,-93.53013998560584,-92.9588213194905
tld-5754,Snow Goose Transit,,Washington,Stanwood,https://data.trilliumtransit.com/gtfs/snowgoosetransit-wa-us/snowgoosetransit-wa-us.zip,https://files.mobilitydatabase.org/tld-5754/latest.zip,active,48.147561,48.246194601992606,-122.474049,-122.127843814846
tld-5755,Solid Ground,,Washington,Seattle,https://data.trilliumtransit.com/gtfs/solidground-wa-us/solidground-wa-us.zip,https://files.mobilitydatabase.org/tld-5755/latest.zip,active,47.6016076806847,47.61652855655973,-122.34691118524331,-122.323091911199
tld-5756,Special Mobility Services,,Washington,Davenport,https://data.trilliumtransit.com/gtfs/specialmobilityservices-wa-us/specialmobilityservices-wa-us.zip,https://files.mobilitydatabase.org/tld-5756/latest.zip,active,47.11940672990372,48.18393927924939,-118.38220127086996,-117.04049349867655
tld-5757,"Steamboat Springs Transit, Yellow Zone",,Colorado,Craig,https://data.trilliumtransit.com/gtfs/steamboatsprings-co-us/steamboatsprings-co-us.zip,https://files.mobilitydatabase.org/tld-5757/latest.zip,active,40.4424808097658,40.5338701245765,-107.595681481064,-106.799471676349
tld-5759,Tri-City Roadrunner,,Nebraska,Gering,https://data.trilliumtransit.com/gtfs/tricityroadrunner-ne-us/tricityroadrunner-ne-us.zip,https://files.mobilitydatabase.org/tld-5759/latest.zip,active,41.81196457549413,41.8884765509093,-103.707973,-103.636259284834
tld-5760,Tulalip Transit,,Washington,Tulalip Bay,https://data.trilliumtransit.com/gtfs/tulaliptransit-wa-us/tulaliptransit-wa-us.zip,https://files.mobilitydatabase.org/tld-5760/latest.zip,inactive,48.051336935467305,48.07157857066066,-122.29203570748496,-122.25387279139102
tld-5761,Community Transit,,Minnesota,Lyon County,https://data.trilliumtransit.com/gtfs/unitedcap-mn-us/unitedcap-mn-us.zip,https://files.mobilitydatabase.org/tld-5761/latest.zip,active,44.23384475578206,44.54518022906717,-95.87173911693635,-95.088396473509
tld-5762,Valley Express,,California,Santa Paula,https://data.trilliumtransit.com/gtfs/valleyexpress-ca-us/valleyexpress-ca-us.zip,https://files.mobilitydatabase.org/tld-5762/latest.zip,inactive,34.277904,34.415366,-119.105413,-118.785292
tld-5769,Kanawha Valley Regional Transportation Authority,,West Virginia,,https://github.com/transitland/gtfs-archives-not-hosted-elsewhere/raw/master/kanawha-valley-regional-transportation-authority.zip,https://files.mobilitydatabase.org/tld-5769/latest.zip,active,,,,
tld-5780,Augusta Transit,,Georgia,Augusta,https://github.com/transitland/gtfs-archives-not-hosted-elsewhere/raw/master/augusta-ga-us.zip,https://files.mobilitydatabase.org/tld-5780/latest.zip,inactive,33.38484601,33.51603599,-82.10159736,-81.931605
tld-5781,Adirondack Trailways,,New York,Ulster County,https://maps.tds.ai/storage/gtfs-feeds/ADT/fb551f94ffd56bb15e28e862f/gtfs.zip,https://files.mobilitydatabase.org/tld-5781/latest.zip,active,40.72981,45.5247,-79.712092,-73.421876
tld-5783,Fullington Trailways,FAB,New York,Salamanca,https://s3.amazonaws.com/datatools-511ny/public/Adirondack_Trailways-FAB.zip,https://files.mobilitydatabase.org/tld-5783/latest.zip,active,39.9507,42.883058,-79.9959,-73.990313
tld-5787,City Of Glen Cove,,New York,Glen Cove,https://s3.amazonaws.com/datatools-511ny/public/City_Of_Glen_Cove.zip,https://files.mobilitydatabase.org/tld-5787/latest.zip,active,40.850481,40.875742,-73.651533,-73.605534
tld-5788,MTA Metro-North Railroad,,New York,Bronx County,https://s3.amazonaws.com/datatools-511ny/public/Hudson_Rail_Link.zip,https://files.mobilitydatabase.org/tld-5788/latest.zip,active,40.878409,40.912483,-73.921466,-73.896435
tld-5790,Monroe Bus Lines,,New York,Kiryas Joel,https://s3.amazonaws.com/datatools-511ny/public/Monroe_Bus_Lines_-_Kiryas_Yoel.zip,https://files.mobilitydatabase.org/tld-5790/latest.zip,active,40.627944,41.347792,-74.175599,-73.95074
tld-5791,Connect Niagara,,New York,Niagara County,https://s3.amazonaws.com/datatools-511ny/public/Niagara_County.zip,https://files.mobilitydatabase.org/tld-5791/latest.zip,active,43.02402,43.33823,-79.060959,-78.476378
tld-5863,Rochester Institute of Technology,,Georgia,Fulton County,https://passio3.com/ritech/passioTransit/gtfs/google_transit.zip,https://files.mobilitydatabase.org/tld-5863/latest.zip,active,33.916562026,43.159018,-84.388012,-77.593878954
tld-5864,Concho Valley Transit District,,Georgia,Fulton County,https://passio3.com/conchovt/passioTransit/gtfs/google_transit.zip,https://files.mobilitydatabase.org/tld-5864/latest.zip,active,31.403552945,33.920309,-100.512349606,-84.383005
tld-5873,Macatawa Area Express,,Michigan,Holland,https://catchamax.org/wp-content/maxgtfs/MAXGTFS.zip,https://files.mobilitydatabase.org/tld-5873/latest.zip,active,42.74679,42.841117,-86.156827,-85.999658
tld-5877,Schoharie County Transit,,New York,Cobleskill,https://s3.amazonaws.com/datatools-511ny/public/Schoharie_County_Public_Transit.zip,https://files.mobilitydatabase.org/tld-5877/latest.zip,active,42.446256,42.789112,-74.569438,-73.748563
tld-5878,"Jefferson Lines - Minneapolis, MN",,Minnesota,Duluth,https://hub-mndot-prod.camsys-apps.com/static/v1/gtfs/jefferson-mn-us/jefferson.zip,https://files.mobilitydatabase.org/tld-5878/latest.zip,inactive,33.394712,47.923444,-117.41529,-87.9169
tld-5893,Billings Metropolitan Transit,,Montana,Billings,https://passio3.com/billings/passioTransit/gtfs/google_transit.zip,https://files.mobilitydatabase.org/tld-5893/latest.zip,active,45.732479375,45.841041281,-108.62780801,-108.44514544
tld-5895,Skagit Transit,,Washington,Burlington,https://strweb.skagittransit.org/GTFS/google_transit.zip,https://files.mobilitydatabase.org/tld-5895/latest.zip,active,47.974461,48.750672,-122.688354,-121.738907
tld-5899,Lakeland Area Mass Transit District,,Florida,Auburndale,https://passio3.com/citrusconn/passioTransit/gtfs/google_transit.zip,https://files.mobilitydatabase.org/tld-5899/latest.zip,active,27.93756,28.347197,-81.81774,-81.44906
tld-5902,"TransitOrange Middletown, TransitOrange Newburgh",,New York,Newburgh,https://oc-otp-gtfs.s3.amazonaws.com/GTFSPublic.zip,https://files.mobilitydatabase.org/tld-5902/latest.zip,inactive,41.422013,41.528003,-74.444488,-74.00593
tld-6095,Bis-Man Transit,,North Dakota,Burleigh County,https://passio3.com/bisman/passioTransit/gtfs/google_transit.zip,https://files.mobilitydatabase.org/tld-6095/latest.zip,active,46.725424032,46.85619202,-100.904369915,-100.72917111
tld-6670,Reno County Area Transit,,Kansas,Hutchinson,https://rapid.nationalrtap.org/GTFSFileManagement/UserUploadFiles/7706/rcatgtfsfeed.zip,https://files.mobilitydatabase.org/tld-6670/latest.zip,active,38.014651,38.088624,-97.942345,-97.878332
tld-6674,National Park Service,Boston Light Tour,Massachusetts,Boston,https://www.nps.gov/external-resources/gtfs/boha/boston-light-tour.zip,https://files.mobilitydatabase.org/tld-6674/latest.zip,inactive,42.32166,42.36045,-71.0505213,-70.987951
tld-6675,Bryce Canyon National Park Shuttle,,Utah,Bryce Canyon City,https://www.nps.gov/external-resources/gtfs/brca/bryce-canyon-shuttle.zip,https://files.mobilitydatabase.org/tld-6675/latest.zip,inactive,37.604153,37.674476,-112.172311,-112.153943
tld-6676,National Park Service,Guis Ferry Service,Florida,Escambia County,https://www.nps.gov/external-resources/gtfs/guis/guis-ferry-service-fl.zip,https://files.mobilitydatabase.org/tld-6676/latest.zip,inactive,30.330299,30.404776423603,-87.288916,-87.1430157393427
tld-6677,National Park Service,Guis Ferry Service MS ,Mississippi,Harrison County,https://www.nps.gov/external-resources/gtfs/guis/guis-ferry-service-ms.zip,https://files.mobilitydatabase.org/tld-6677/latest.zip,inactive,30.214562,30.364085,-89.089603,-88.971473
tld-6678,National Park Service,Hafe Shuttle Transport,West Virginia,Jefferson County,https://www.nps.gov/external-resources/gtfs/hafe/hafe-shuttle-transport.zip,https://files.mobilitydatabase.org/tld-6678/latest.zip,active,39.316415,39.3220649,-77.757155,-77.7322754
tld-6679,National Park Service,Mariposa Grove Shuttle Service,California,Mariposa County,https://www.nps.gov/external-resources/gtfs/yose/mariposa-grove-shuttle-service.zip,https://files.mobilitydatabase.org/tld-6679/latest.zip,inactive,37.5015429,37.506819,-119.630325,-119.6111701
tld-6681,National Park Service,Yosemite Valley Shuttle,California,Mariposa County,https://www.nps.gov/external-resources/gtfs/yose/yosemite-valley-shuttle.zip,https://files.mobilitydatabase.org/tld-6681/latest.zip,active,37.7218342005449,37.74782,-119.631,-119.55979
tld-6682,National Park Service,Zion Canyon Suttle,Utah,Springdale,https://www.nps.gov/external-resources/gtfs/zion/zion-canyon-shuttle.zip,https://files.mobilitydatabase.org/tld-6682/latest.zip,inactive,37.16652,37.285214,-113.0134979,-112.939444
tld-6708,Open Plains Transit,,Nebraska,Scotts Bluff County,https://irp.cdn-website.com/442ea718/files/uploaded/opt_gtfs.zip,https://files.mobilitydatabase.org/tld-6708/latest.zip,active,41.09165,44.082467,-103.6782039,-101.711528
tld-6713,New River Transit Authority,,West Virginia,Fayette County,https://passio3.com/beckley/passioTransit/gtfs/google_transit.zip,https://files.mobilitydatabase.org/tld-6713/latest.zip,active,37.569655352,38.056659698,-81.5402554,-81.103942871
tld-6719,Havasu Landing Resort & Casino Ferry,,Arizona,Mohave County,https://gtfs.calitp.org/production/HavasuLandingFerryGTFS.zip,https://files.mobilitydatabase.org/tld-6719/latest.zip,inactive,34.472482,34.49101,-114.404418,-114.348389
tld-6724,City of Irvine,,California,Irvine,https://passio3.com/irvine/passioTransit/gtfs/google_transit.zip,https://files.mobilitydatabase.org/tld-6724/latest.zip,active,33.651539,33.731875,-117.809192,-117.732860708
tld-6735,City of Jacksonville,,North Carolina,Jacksonville,https://passio3.com/jacksonville/passioTransit/gtfs/google_transit.zip,https://files.mobilitydatabase.org/tld-6735/latest.zip,active,34.582764167,34.802328,-77.47343967,-77.320563775
tld-6740,Mississippi Coast Transportation Authority,,Mississippi,Gulfport,https://coasttransit.com/wp-content/uploads/2024/02/cta_gtfs-2024-1.zip,https://files.mobilitydatabase.org/tld-6740/latest.zip,inactive,30.362766,30.458762,-89.139095,-88.760131
tld-6741,My Ride Rock Hill,,South Carolina,York County,https://rapid.nationalrtap.org/GTFSFileManagement/UserUploadFiles/11718/myriderockhill-sc-us.zip,https://files.mobilitydatabase.org/tld-6741/latest.zip,active,34.9036054255727,34.977027,-81.06566369,-80.957919
tld-6743,Maricopa Express Transit,,Arizona,Maricopa,https://rapid.nationalrtap.org/GTFSFileManagement/UserUploadFiles/11713/met_gtfs.zip,https://files.mobilitydatabase.org/tld-6743/latest.zip,active,33.037975,33.074093,-112.046706,-111.994399
tld-6745,"Propark Mobility, Columbia County Public Transportation",,New York,Hudson,https://s3.amazonaws.com/datatools-511ny/public/Columbia_County_Public_Transit.zip,https://files.mobilitydatabase.org/tld-6745/latest.zip,active,42.017956,42.679403,-73.895387,-73.539133
tld-6747,Oswego County Public Transit,,New York,Oswego County,https://s3.amazonaws.com/datatools-511ny/public/Oswego_County_Public_Transit.zip,https://files.mobilitydatabase.org/tld-6747/latest.zip,inactive,43.247477,43.646961,-76.505573,-75.885084
tld-6748,Niagara Frontier Transportation Authority,,New York,Buffalo,https://metro.nfta.com/__googletransit/rail/google_transit.zip,https://files.mobilitydatabase.org/tld-6748/latest.zip,active,42.874009,42.954409,-78.877111,-78.820153
tld-6772,City of Loveland Transit (COLT),,Colorado,Fort Collins,https://www.lovgov.org/home/showpublisheddocument/60816/638518185148200000,,active,,,,
tld-6773,City of Mobile,,Alabama,Mobile,https://realtimemobile.availtec.com/infopoint/gtfs-zip.ashx,https://files.mobilitydatabase.org/tld-6773/latest.zip,active,30.589393,30.738666,-88.243535,-88.037954
tld-6775,City of Gatlinburg Trolley,,Tennessee,Gatlinburg,http://gatlinburg.connexionz.net/rtt/public/utility/gtfs.aspx,https://files.mobilitydatabase.org/tld-6775/latest.zip,active,35.703226,35.757411,-83.52856,-83.41504
tld-6777,Oneonta Public Transit,,New York,City of Oneonta,https://s3.amazonaws.com/datatools-511ny/public/Oneonta_Public_Transportation.zip,https://files.mobilitydatabase.org/tld-6777/latest.zip,active,42.438526,42.700342,-75.111862,-74.923601
tld-6785,Westmoreland County Transit Authority,,Pennsylvania,Adamsburg,https://wcta.rideralerts.com/InfoPoint/gtfs-zip.ashx,https://files.mobilitydatabase.org/tld-6785/latest.zip,active,40.093403,40.61699,-80.004792,-78.916532
tld-6883,Lake Erie Transit,,Michigan,Monroe,https://www.lakeerietransit.com/gtfs/lake-erie-transit-gtfs.zip,https://files.mobilitydatabase.org/tld-6883/latest.zip,active,41.879539489746094,41.97954559326172,-83.46924591064453,-83.36763000488281
tld-6900,Acadia National Park,,Maine,Bar Harbor,https://www.nps.gov/external-resources/gtfs/acad/island-explorer.zip,https://files.mobilitydatabase.org/tld-6900/latest.zip,inactive,44.230378,44.50078,-68.371437,-68.027183
tld-6902,National Park Service,Bandalier National Monument,New Mexico,Los Alamos County,https://www.nps.gov/external-resources/gtfs/band/bandalier-national-monument.zip,https://files.mobilitydatabase.org/tld-6902/latest.zip,inactive,35.778407,35.795039,-106.280447,-106.270518
tld-6904,National Park Service,DENA Shuttle,Alaska,Denali,https://www.nps.gov/external-resources/gtfs/dena/dena-shuttle.zip,https://files.mobilitydatabase.org/tld-6904/latest.zip,inactive,63.715784,63.739794,-149.291575,-148.893876
tld-6905,National Park Service,FOMA Ferry Service,Florida,St. Johns County,https://www.nps.gov/external-resources/gtfs/foma/foma-ferry-service.zip,https://files.mobilitydatabase.org/tld-6905/latest.zip,active,29.71457,29.71566,-81.2392,-81.23513
tld-6906,National Park Service,FOSU Ferry Service,South Carolina,Charleston County,https://www.nps.gov/external-resources/gtfs/fosu/fosu-ferry-service.zip,https://files.mobilitydatabase.org/tld-6906/latest.zip,active,32.75348,32.79078,-79.92477,-79.87539
tld-6907,National Park Service,Giant Forest Shuttle,California,Tulare County,https://www.nps.gov/external-resources/gtfs/seki/giant-forest-shuttle.zip,https://files.mobilitydatabase.org/tld-6907/latest.zip,inactive,36.3253302046766,36.6099349253795,-119.391215761121,-118.72426725657
tld-6908,National Park Service,Going to the Sun Road Shuttle,Montana,Flathead County,https://www.nps.gov/external-resources/gtfs/glac/going-to-the-sun-road-shuttle.zip,https://files.mobilitydatabase.org/tld-6908/latest.zip,inactive,48.522939,48.754148,-113.98883,-113.43854
tld-6909,National Park Service,Statue of Liberty Ferries,New Jersey,Hudson County,https://www.nps.gov/external-resources/gtfs/stli/statue-of-liberty-ferries.zip,https://files.mobilitydatabase.org/tld-6909/latest.zip,active,40.689834,40.701617,-74.047706,-74.016198
tld-7019,South Bend Public Transportation Corporation,,Indiana,Saint Joseph County,https://passio3.com/transpo/passioTransit/gtfs/google_transit.zip,https://files.mobilitydatabase.org/tld-7019/latest.zip,active,41.622294,41.75171031,-86.347465,-85.9720312
tld-7021,Endless Mountains Transportation Authority,,New York,Waverly,https://best.rideralerts.com/InfoPoint/gtfs-zip.ashx,https://files.mobilitydatabase.org/tld-7021/latest.zip,active,41.424022,42.001998,-77.545923,-76.250322
tld-7023,Lower Anthracite Transit System,,Pennsylvania,Ashland,https://lats.rideralerts.com/InfoPoint/gtfs-zip.ashx,https://files.mobilitydatabase.org/tld-7023/latest.zip,active,40.771556,40.872867,-76.848287,-76.354736
tld-7025,Pottstown Area Rapid Transit,,Pennsylvania,Douglass Township,https://part.rideralerts.com/InfoPoint/gtfs-zip.ashx,https://files.mobilitydatabase.org/tld-7025/latest.zip,active,40.228407,40.333906,-75.687774,-75.570766
tld-7027,Fayette Area Coordinated Transportation,,Pennsylvania,Brownsville,https://fact.rideralerts.com/InfoPoint/gtfs-zip.ashx,https://files.mobilitydatabase.org/tld-7027/latest.zip,active,39.795652,40.444855,-80.021348,-79.539104
tld-7030,New Castle Area Transit Authority,,Pennsylvania,Cherry Township,https://ncata.rideralerts.com/InfoPoint/gtfs-zip.ashx,https://files.mobilitydatabase.org/tld-7030/latest.zip,active,40.444846,41.24087,-80.518159,-79.914307
tld-7034,Seldovia Bay Ferry,,Alaska,Kenai Peninsula,https://seldoviabayferry.com/sbf_gtfs.zip,https://files.mobilitydatabase.org/tld-7034/latest.zip,inactive,59.43704,59.606719,-151.71198,-151.424406
tld-7035,Blue Water Area Transit,,Michigan,Port Huron,https://gtfs.remix.com/bwat_porthuron_mi_us.zip,https://files.mobilitydatabase.org/tld-7035/latest.zip,active,42.616561,43.0487621,-82.8352019,-82.420197
tld-7036,Decatur Public Transit System,,Illinois,Decatur,https://gtfs.remix.com/dpts_decatur_il_us.zip,https://files.mobilitydatabase.org/tld-7036/latest.zip,inactive,39.808033795,39.921724129,-89.028715406,-88.87690565
tld-7037,High Valley Transit,,Utah,Summit County,https://gtfs.remix.com/highvalleytransit_parkcity_ut_us.zip,https://files.mobilitydatabase.org/tld-7037/latest.zip,active,40.48674,40.770173,-111.909334,-111.279805
tld-7038,El Metro Transit,,Texas,Webb County,https://gtfs.remix.com/el_metro_laredo_transit_us.zip,https://files.mobilitydatabase.org/tld-7038/latest.zip,active,27.428917,27.645202,-99.545554,-99.425202
tld-7039,Lorain County Transit,,Ohio,Lorain,https://gtfs.remix.com/Lorain_County_Transit_US.zip,https://files.mobilitydatabase.org/tld-7039/latest.zip,inactive,41.3450196,41.465964,-82.1851692,-82.066934
tld-7040,Rochester-Genesee Regional Transportation Authority,Genesee,New York,Genesee County,https://scheduledata.rgrta.com/Regionals/Genesee.zip,https://files.mobilitydatabase.org/tld-7040/latest.zip,active,42.977424,43.015756,-78.234449,-77.982298
tld-7041,Rochester-Genesee Regional Transportation Authority,Ontario,New York,Ontario County,https://scheduledata.rgrta.com/Regionals/Ontario.zip,https://files.mobilitydatabase.org/tld-7041/latest.zip,active,42.854333,43.0304,-77.442769,-76.964464
tld-7042,Rochester-Genesee Regional Transportation Authority,Orleans,New York,Orleans County,https://scheduledata.rgrta.com/Regionals/Orleans.zip,https://files.mobilitydatabase.org/tld-7042/latest.zip,active,43.004773,43.25801,-78.400695,-77.946438
tld-7043,Rochester-Genesee Regional Transportation Authority,Wyoming,New York,Warsaw,https://scheduledata.rgrta.com/Regionals/Wyoming.zip,https://files.mobilitydatabase.org/tld-7043/latest.zip,active,42.525665,42.872115,-78.480329,-77.991807
tld-7045,Marquette County Transit Authority,,Michigan,Marquette,https://rapid.nationalrtap.org/GTFSFileManagement/UserUploadFiles/0/MQT_GTFS.zip,https://files.mobilitydatabase.org/tld-7045/latest.zip,inactive,46.276343,46.569659,-87.980575,-87.226392
tld-7046,Tuscaloosa Transit Authority,,Alabama,Tuscaloosa County,https://passio3.com/tuscaloosatransit/passioTransit/gtfs/google_transit.zip,https://files.mobilitydatabase.org/tld-7046/latest.zip,active,33.12133,33.23751,-87.59448,-87.46933
tld-7056,AppalCART,,North Carolina,Watauga County,https://gtfs.transitportal.org/CurrentGTFS/AppalCART_189/AppalCART_20220324.zip,https://files.mobilitydatabase.org/tld-7056/latest.zip,inactive,36.118568,36.230113,-81.720326,-81.636653
tld-7066,Eastern Band of Cherokee Indians Public Transit,,North Carolina,Swain County,https://rapid.nationalrtap.org/GTFSFileManagement/UserUploadFiles/11723/ecbi_gtfs.zip,https://files.mobilitydatabase.org/tld-7066/latest.zip,active,35.4531916,35.567974,-83.3930874,-83.167122
tld-7067,Orange County Public Transportation,,North Carolina,Hillsborough,https://rapid.nationalrtap.org/GTFSFileManagement/UserUploadFiles/11645/GTFS-TRIPS_93684d71_2024-02-19-18-41-06.zip,https://files.mobilitydatabase.org/tld-7067/latest.zip,inactive,35.901904513,36.095597,-79.269913,-79.050315
tld-7068,West Virginia University Morgantown Personal Rapid Transit,,West Virginia,Morgantown,https://prt.wvu.edu/files/d/d42da147-665c-4dcf-93c8-f7ffd95312a0/gtfs.zip,https://files.mobilitydatabase.org/tld-7068/latest.zip,deprecated,39.629957,39.654828,-79.973092,-79.956167
tld-7068_1,West Virginia University Morgantown Personal Rapid Transit,,West Virginia,Monongalia County,https://prt.wvu.edu/files/d/fcc4abeb-9e23-477b-b648-30623cb8ad80/gtfs-3.zip,https://files.mobilitydatabase.org/tld-7068_1/latest.zip,active,39.629957,39.654828,-79.973092,-79.956167
tld-7824,Bangor Community Connector,,Maine,Penobscot County,https://passio3.com/bangor/passioTransit/gtfs/google_transit.zip,https://files.mobilitydatabase.org/tld-7824/latest.zip,active,44.72503918,44.93911814,-68.8627181,-68.6391279
tld-7827,Cleveland Urban Area Transit System,,Tennessee,Bradley County,https://passio3.com/cuats/passioTransit/gtfs/google_transit.zip,https://files.mobilitydatabase.org/tld-7827/latest.zip,active,35.126194,35.216313,-84.896529,0.0
tld-7829,Lawrence County Transit,,Ohio,Lawrence County,http://www.ilcao.org/wp-content/uploads/2024/06/LCTFeed.zip,https://files.mobilitydatabase.org/tld-7829/latest.zip,inactive,38.4115,38.53387,-82.69251,-82.3204
tld-7841,Citylink Edmond,,Oklahoma,Oklahoma County,https://passio3.com/edmond/passioTransit/gtfs/google_transit.zip,https://files.mobilitydatabase.org/tld-7841/latest.zip,active,35.468670382,35.66765506,-97.519456437,-97.418719704
tld-7846,Macon-Bibb County Transit Authority,,Georgia,Macon,https://myride.mbcta.net/gtfs/Static/google_transit.zip,https://files.mobilitydatabase.org/tld-7846/latest.zip,inactive,32.7778618729502,32.9247597652039,-83.7783554801779,-83.5499414087791
tld-7848,Indian River County,,Florida,Indian River County,https://golineirt.com/GTFS.zip,https://files.mobilitydatabase.org/tld-7848/latest.zip,deprecated,27.415515,27.844513,-80.6073036697,-80.355516
tld-7850,Potomac Valley Transit Authority,,West Virginia,Moorefield,https://rapid.nationalrtap.org/GTFSFileManagement/UserUploadFiles/12017/PVTA_WV_GTFS.zip,https://files.mobilitydatabase.org/tld-7850/latest.zip,inactive,38.985399,39.653325,-79.148362,-78.146657
tld-7866,Town of Cranberry Isles Commuter Ferry,,Maine,Cranberry Isles,https://rapid.nationalrtap.org/GTFSFileManagement/UserUploadFiles/13051/CranberryIslesGTFS.zip,https://files.mobilitydatabase.org/tld-7866/latest.zip,active,44.258795,44.295116,-68.284223,-68.23942
tld-7870,West's Bus Service,,Maine,Ellsworth,http://westbusservice.com/west_gtfs.zip,https://files.mobilitydatabase.org/tld-7870/latest.zip,active,44.394562,45.188547,-68.817861,-66.983364
tld-7871,Western Maine Transportation Services,,Maine,Franklin County,https://wmtsbus.org/wp-content/uploads/2025/01/WMTS_GTFS_9.16.24.zip,https://files.mobilitydatabase.org/tld-7871/latest.zip,inactive,43.88566655,45.08881948,-70.85643158,-69.81416552
tld-7885,Orange County Public Transportation,,North Carolina,Hillsborough,https://data.trilliumtransit.com/gtfs/ocpt-nc-us/ocpt-nc-us.zip,https://files.mobilitydatabase.org/tld-7885/latest.zip,active,35.90212,36.095597,-79.2699127,-79.0518041215413
tld-7914,Hendry County Transit System,,Florida,Hendry County,https://passio3.com/hendrycounty/passioTransit/gtfs/google_transit.zip,https://files.mobilitydatabase.org/tld-7914/latest.zip,active,26.641789854,26.840371667,-81.467175814,-80.664265005
tld-7915,Capital Area Rural Transportation,,Texas,Travis County,https://www.ridecarts.com/wp-content/uploads/2025/01/google_transit.zip,https://files.mobilitydatabase.org/tld-7915/latest.zip,deprecated,29.680902,30.567528,-97.9828352023861,-97.329834
tld-7925,Chatham Area Transit,Ferry,Georgia,Savannah,https://catchacat.org/wp-content/uploads/GTFSferry.zip,https://files.mobilitydatabase.org/tld-7925/latest.zip,active,32.0794,32.08311,-81.09076,-81.08186
tld-7927,Brownsville Metro,,Texas,Cameron County,https://brownsvillemetro.ridesystems.net/Secure/Admin/Reports/GTFSDownload.aspx,https://files.mobilitydatabase.org/tld-7927/latest.zip,active,0.0,26.0039644159,-97.542944,0.0
tld-7929,Fond du Lac Area Transit,,Wisconsin,Fond du Lac,http://www.fonddulac.ridesystems.net/Secure/Admin/Reports/GTFSDownload.aspx,https://files.mobilitydatabase.org/tld-7929/latest.zip,active,43.7438400616,43.7965347673,-88.4850476001,-88.3851512522
tld-7930,Mission Viejo,,California,Mission Viejo,https://mvshuttle.ridesystems.net/Secure/Admin/Reports/GTFSDownload.aspx,https://files.mobilitydatabase.org/tld-7930/latest.zip,active,33.54074,33.639777,-117.674892,-117.6346556625
tld-7941,OSU-Stillwater Community Transit,,Oklahoma,Stillwater,https://okstate.ridesystems.net/Secure/Admin/Reports/GTFSDownload.aspx,https://files.mobilitydatabase.org/tld-7941/latest.zip,active,36.101317,36.173931,-97.119851,-97.016113
