{"type": "FeatureCollection", "features": [{"type": "Feature", "geometry": {"type": "Point", "coordinates": [-77.23645509442149, 37.482763284885785]}, "properties": {"facility_id": "im3_14997588_campus", "facility_name": "Meta Henrico Data Center", "year": 2026, "type": "campus", "county_id": 51087, "operator": "Meta", "source_id": 14997588, "sqft": 4671056.0, "state_abb": "VA"}}, {"type": "Feature", "geometry": {"type": "Point", "coordinates": [-77.58237918867958, 38.8024111256264]}, "properties": {"facility_id": "im3_19787207_building", "facility_name": "Microsoft Data Center 1", "year": 2026, "type": "building", "county_id": 51153, "operator": "Microsoft", "source_id": 19787207, "sqft": 248706.0, "state_abb": "VA"}}, {"type": "Feature", "geometry": {"type": "Point", "coordinates": [-77.51057747962513, 38.80341459582856]}, "properties": {"facility_id": "im3_45583050_building", "facility_name": "Data Center (unnamed)", "year": 2026, "type": "building", "county_id": 51153, "source_id": 45583050, "sqft": 52906.0, "state_abb": "VA"}}, {"type": "Feature", "geometry": {"type": "Point", "coordinates": [-77.54111111954948, 38.790500006452135]}, "properties": {"facility_id": "im3_45776978_building", "facility_name": "Amazon IAD11", "year": 2026, "type": "building", "county_id": 51153, "operator": "Amazon Web Services", "source_id": 45776978, "sqft": 122474.0, "state_abb": "VA"}}, {"type": "Feature", "geometry": {"type": "Point", "coordinates": [-77.54000633908686, 38.79035015175034]}, "properties": {"facility_id": "im3_45776979_building", "facility_name": "Amazon IAD24", "year": 2026, "type": "building", "county_id": 51153, "operator": "Amazon Web Services", "source_id": 45776979, "sqft": 31388.0, "state_abb": "VA"}}, {"type": "Feature", "geometry": {"type": "Point", "coordinates": [-77.53827709301147, 38.79120375196744]}, "properties": {"facility_id": "im3_45776988_building", "facility_name": "Amazon IAD7", "year": 2026, "type": "building", "county_id": 51153, "operator": "Amazon Web Services", "source_id": 45776988, "sqft": 109423.0, "state_abb": "VA"}}, {"type": "Feature", "geometry": {"type": "Point", "coordinates": [-77.594876153305, 38.77811126874211]}, "properties": {"facility_id": "im3_46831933_building", "facility_name": "VA 4", "year": 2026, "type": "building", "county_id": 51153, "operator": "Digital Realty", "source_id": 46831933, "sqft": 263538.0, "state_abb": "VA"}}, {"type": "Feature", "geometry": {"type": "Point", "coordinates": [-77.43287558139869, 39.0216455535984]}, "properties": {"facility_id": "im3_48242814_building", "facility_name": "Amazon IAD10", "year": 2026, "type": "building", "county_id": 51107, "operator": "Amazon Web Services", "source_id": 48242814, "sqft": 112726.0, "state_abb": "VA"}}, {"type": "Feature", "geometry": {"type": "Point", "coordinates": [-77.43479445422666, 39.02156932429181]}, "properties": {"facility_id": "im3_48242816_building", "facility_name": "Amazon IAD32", "year": 2026, "type": "building", "county_id": 51107, "operator": "Amazon Web Services", "source_id": 48242816, "sqft": 35700.0, "state_abb": "VA"}}, {"type": "Feature", "geometry": {"type": "Point", "coordinates": [-77.41518975933123, 39.02390730425034]}, "properties": {"facility_id": "im3_52094269_building", "facility_name": "Centersquare IAD1-B", "year": 2026, "type": "building", "county_id": 51107, "operator": "Centersquare", "source_id": 52094269, "sqft": 79070.0, "state_abb": "VA"}}, {"type": "Feature", "geometry": {"type": "Point", "coordinates": [-77.4132010228583, 39.023321212075864]}, "properties": {"facility_id": "im3_52094270_building", "facility_name": "Centersquare IAD1-A", "year": 2026, "type": "building", "county_id": 51107, "operator": "Centersquare", "source_id": 52094270, "sqft": 89830.0, "state_abb": "VA"}}, {"type": "Feature", "geometry": {"type": "Point", "coordinates": [-77.41220365945969, 39.02475554990798]}, "properties": {"facility_id": "im3_52094294_building", "facility_name": "Centersquare IAD1-C", "year": 2026, "type": "building", "county_id": 51107, "operator": "Centersquare", "source_id": 52094294, "sqft": 135383.0, "state_abb": "VA"}}, {"type": "Feature", "geometry": {"type": "Point", "coordinates": [-77.44176406797281, 39.00469915120877]}, "properties": {"facility_id": "im3_59294476_building", "facility_name": "STACK NVA01A - Northern Virginia", "year": 2026, "type": "building", "county_id": 51107, "operator": "Stack Infrastructure", "source_id": 59294476, "sqft": 179330.0, "state_abb": "VA"}}, {"type": "Feature", "geometry": {"type": "Point", "coordinates": [-77.32729535242555, 38.94846385493133]}, "properties": {"facility_id": "im3_79158387_building", "facility_name": "VA3", "year": 2026, "type": "building", "county_id": 51059, "operator": "Digital Realty", "source_id": 79158387, "sqft": 96241.0, "state_abb": "VA"}}, {"type": "Feature", "geometry": {"type": "Point", "coordinates": [-77.32940997255484, 38.94881628378597]}, "properties": {"facility_id": "im3_79159494_building", "facility_name": "IAD1", "year": 2026, "type": "building", "county_id": 51059, "operator": "Evocative", "source_id": 79159494, "sqft": 19325.0, "state_abb": "VA"}}, {"type": "Feature", "geometry": {"type": "Point", "coordinates": [-77.36454759512179, 38.95058588448764]}, "properties": {"facility_id": "im3_79298926_building", "facility_name": "CoreSite Reston Campus VA1", "year": 2026, "type": "building", "county_id": 51059, "operator": "CoreSite", "source_id": 79298926, "sqft": 138035.0, "state_abb": "VA"}}, {"type": "Feature", "geometry": {"type": "Point", "coordinates": [-77.37236980053557, 38.94846756695561]}, "properties": {"facility_id": "im3_79818498_building", "facility_name": "CoreSite Reston VA3", "year": 2026, "type": "building", "county_id": 51059, "operator": "CoreSite", "source_id": 79818498, "sqft": 249707.0, "state_abb": "VA"}}, {"type": "Feature", "geometry": {"type": "Point", "coordinates": [-77.2258381321817, 38.91370196268696]}, "properties": {"facility_id": "im3_156468497_building", "facility_name": "Data Center (unnamed)", "year": 2026, "type": "building", "county_id": 51059, "source_id": 156468497, "sqft": 19578.0, "state_abb": "VA"}}, {"type": "Feature", "geometry": {"type": "Point", "coordinates": [-77.37742307519908, 38.96157142283795]}, "properties": {"facility_id": "im3_221897579_building", "facility_name": "Equinix DC97", "year": 2026, "type": "building", "county_id": 51059, "source_id": 221897579, "sqft": 43991.0, "state_abb": "VA"}}, {"type": "Feature", "geometry": {"type": "Point", "coordinates": [-77.64876376105127, 38.81506150876172]}, "properties": {"facility_id": "im3_222672860_building", "facility_name": "Amazon IAD-55", "year": 2026, "type": "building", "county_id": 51153, "operator": "Amazon Web Services", "source_id": 222672860, "sqft": 228140.0, "state_abb": "VA"}}, {"type": "Feature", "geometry": {"type": "Point", "coordinates": [-77.5318452938603, 38.74728120625688]}, "properties": {"facility_id": "im3_224100721_building", "facility_name": "COPT Data Center", "year": 2026, "type": "building", "county_id": 51153, "source_id": 224100721, "sqft": 127955.0, "state_abb": "VA"}}, {"type": "Feature", "geometry": {"type": "Point", "coordinates": [-77.67445377449387, 38.747444697578814]}, "properties": {"facility_id": "im3_225745958_building", "facility_name": "OVH US East Vint Hill", "year": 2026, "type": "building", "county_id": 51061, "source_id": 225745958, "sqft": 85783.0, "state_abb": "VA"}}, {"type": "Feature", "geometry": {"type": "Point", "coordinates": [-77.45900624552966, 39.016470708222904]}, "properties": {"facility_id": "im3_234722029_building", "facility_name": "Equinix Ashburn DC2", "year": 2026, "type": "building", "county_id": 51107, "operator": "Equinix", "source_id": 234722029, "sqft": 175215.0, "state_abb": "VA"}}, {"type": "Feature", "geometry": {"type": "Point", "coordinates": [-77.45171989501627, 39.01367498906444]}, "properties": {"facility_id": "im3_234722720_building", "facility_name": "H5 Data Centers Ashburn", "year": 2026, "type": "building", "county_id": 51107, "operator": "H5", "source_id": 234722720, "sqft": 83656.0, "state_abb": "VA"}}, {"type": "Feature", "geometry": {"type": "Point", "coordinates": [-77.21161871839628, 38.920020715978985]}, "properties": {"facility_id": "im3_239147373_building", "facility_name": "Lumen McLean", "year": 2026, "type": "building", "county_id": 51059, "operator": "Lumen Technologies", "source_id": 239147373, "sqft": 42056.0, "state_abb": "VA"}}, {"type": "Feature", "geometry": {"type": "Point", "coordinates": [-77.21358499990595, 38.919905150298106]}, "properties": {"facility_id": "im3_239147724_building", "facility_name": "DataBank McLean IAD2", "year": 2026, "type": "building", "county_id": 51059, "operator": "DataBank", "source_id": 239147724, "sqft": 22957.0, "state_abb": "VA"}}, {"type": "Feature", "geometry": {"type": "Point", "coordinates": [-77.47258021616551, 38.910132702732945]}, "properties": {"facility_id": "im3_251716328_building", "facility_name": "Digital Realty", "year": 2026, "type": "building", "county_id": 51059, "operator": "Digital Realty", "source_id": 251716328, "sqft": 72337.0, "state_abb": "VA"}}, {"type": "Feature", "geometry": {"type": "Point", "coordinates": [-77.4386951674598, 37.64689021155886]}, "properties": {"facility_id": "im3_257581364_building", "facility_name": "Flexential - Richmond", "year": 2026, "type": "building", "county_id": 51087, "operator": "Flexential", "source_id": 257581364, "sqft": 39778.0, "state_abb": "VA"}}, {"type": "Feature", "geometry": {"type": "Point", "coordinates": [-77.453440411722, 38.89965169321406]}, "properties": {"facility_id": "im3_258343744_building", "facility_name": "Amazon IAD-9", "year": 2026, "type": "building", "county_id": 51059, "operator": "Amazon Web Services", "source_id": 258343744, "sqft": 85855.0, "state_abb": "VA"}}, {"type": "Feature", "geometry": {"type": "Point", "coordinates": [-77.45510184070243, 38.89790175442311]}, "properties": {"facility_id": "im3_258343748_building", "facility_name": "Amazon IAD22", "year": 2026, "type": "building", "county_id": 51059, "source_id": 258343748, "sqft": 30140.0, "state_abb": "VA"}}, {"type": "Feature", "geometry": {"type": "Point", "coordinates": [-77.45407518694847, 38.897859142125064]}, "properties": {"facility_id": "im3_258343749_building", "facility_name": "Amazon IAD-1", "year": 2026, "type": "building", "county_id": 51059, "operator": "Amazon Web Services", "source_id": 258343749, "sqft": 93882.0, "state_abb": "VA"}}, {"type": "Feature", "geometry": {"type": "Point", "coordinates": [-77.47224542805822, 38.90924510953836]}, "properties": {"facility_id": "im3_258519934_building", "facility_name": "Data Center (unnamed)", "year": 2026, "type": "building", "county_id": 51059, "source_id": 258519934, "sqft": 43330.0, "state_abb": "VA"}}, {"type": "Feature", "geometry": {"type": "Point", "coordinates": [-77.47346579109487, 38.90979813235743]}, "properties": {"facility_id": "im3_258519959_building", "facility_name": "Data Center (unnamed)", "year": 2026, "type": "building", "county_id": 51059, "source_id": 258519959, "sqft": 32222.0, "state_abb": "VA"}}, {"type": "Feature", "geometry": {"type": "Point", "coordinates": [-77.19627275728058, 38.750816595369955]}, "properties": {"facility_id": "im3_260996040_building", "facility_name": "Data Center (unnamed)", "year": 2026, "type": "building", "county_id": 51059, "source_id": 260996040, "sqft": 56049.0, "state_abb": "VA"}}, {"type": "Feature", "geometry": {"type": "Point", "coordinates": [-77.44424695215189, 38.98092474637894]}, "properties": {"facility_id": "im3_273895868_building", "facility_name": "Centersquare IAD3", "year": 2026, "type": "building", "county_id": 51107, "operator": "Centersquare", "source_id": 273895868, "sqft": 130748.0, "state_abb": "VA"}}, {"type": "Feature", "geometry": {"type": "Point", "coordinates": [-77.42381651986251, 38.98441813209926]}, "properties": {"facility_id": "im3_273896089_building", "facility_name": "Centersquare IAD2-A", "year": 2026, "type": "building", "county_id": 51107, "operator": "Centersquare", "source_id": 273896089, "sqft": 48153.0, "state_abb": "VA"}}, {"type": "Feature", "geometry": {"type": "Point", "coordinates": [-77.42564884364357, 38.984886746753254]}, "properties": {"facility_id": "im3_273896096_building", "facility_name": "Data Center (operator: CyrusOne)", "year": 2026, "type": "building", "county_id": 51107, "operator": "CyrusOne", "source_id": 273896096, "sqft": 127744.0, "state_abb": "VA"}}, {"type": "Feature", "geometry": {"type": "Point", "coordinates": [-77.42410521314366, 38.98360375263323]}, "properties": {"facility_id": "im3_273896102_building", "facility_name": "Centersquare IAD2-B", "year": 2026, "type": "building", "county_id": 51107, "operator": "Centersquare", "source_id": 273896102, "sqft": 71819.0, "state_abb": "VA"}}, {"type": "Feature", "geometry": {"type": "Point", "coordinates": [-77.46254912313509, 39.017901791124075]}, "properties": {"facility_id": "im3_298126010_building", "facility_name": "Digital Realty ACC4", "year": 2026, "type": "building", "county_id": 51107, "operator": "Digital Realty", "source_id": 298126010, "sqft": 294156.0, "state_abb": "VA"}}, {"type": "Feature", "geometry": {"type": "Point", "coordinates": [-77.46032653997727, 39.01556033255059]}, "properties": {"facility_id": "im3_298127059_building", "facility_name": "Equinix Ashburn DC1", "year": 2026, "type": "building", "county_id": 51107, "operator": "Equinix", "source_id": 298127059, "sqft": 59757.0, "state_abb": "VA"}}, {"type": "Feature", "geometry": {"type": "Point", "coordinates": [-77.46124797924023, 39.015987297259315]}, "properties": {"facility_id": "im3_298127361_building", "facility_name": "Equinix Ashburn DC5", "year": 2026, "type": "building", "county_id": 51107, "operator": "Equinix", "source_id": 298127361, "sqft": 94665.0, "state_abb": "VA"}}, {"type": "Feature", "geometry": {"type": "Point", "coordinates": [-77.45880365175545, 39.014930750375306]}, "properties": {"facility_id": "im3_298127420_building", "facility_name": "Equinix Ashburn DC11", "year": 2026, "type": "building", "county_id": 51107, "operator": "Equinix", "source_id": 298127420, "sqft": 132897.0, "state_abb": "VA"}}, {"type": "Feature", "geometry": {"type": "Point", "coordinates": [-77.46028710356292, 39.021947987272775]}, "properties": {"facility_id": "im3_298242260_building", "facility_name": "Equinix Ashburn DC3", "year": 2026, "type": "building", "county_id": 51107, "operator": "Equinix", "source_id": 298242260, "sqft": 186227.0, "state_abb": "VA"}}, {"type": "Feature", "geometry": {"type": "Point", "coordinates": [-77.45984179886374, 39.01993590507545]}, "properties": {"facility_id": "im3_298242335_building", "facility_name": "Digital Realty ACC3", "year": 2026, "type": "building", "county_id": 51107, "operator": "Digital Realty", "source_id": 298242335, "sqft": 151562.0, "state_abb": "VA"}}, {"type": "Feature", "geometry": {"type": "Point", "coordinates": [-77.45050945562221, 38.993785281689334]}, "properties": {"facility_id": "im3_299927846_building", "facility_name": "Amazon IAD76", "year": 2026, "type": "building", "county_id": 51107, "operator": "Amazon Web Services", "source_id": 299927846, "sqft": 138071.0, "state_abb": "VA"}}, {"type": "Feature", "geometry": {"type": "Point", "coordinates": [-77.44767141862896, 38.98872330810434]}, "properties": {"facility_id": "im3_299929061_building", "facility_name": "Amazon IAD12", "year": 2026, "type": "building", "county_id": 51107, "operator": "Amazon Web Services", "source_id": 299929061, "sqft": 149598.0, "state_abb": "VA"}}, {"type": "Feature", "geometry": {"type": "Point", "coordinates": [-77.44790209132543, 38.99463732348249]}, "properties": {"facility_id": "im3_299946152_building", "facility_name": "Data Center (operator: QTS Data Centers)", "year": 2026, "type": "building", "county_id": 51107, "operator": "QTS Data Centers", "source_id": 299946152, "sqft": 10175.0, "state_abb": "VA"}}, {"type": "Feature", "geometry": {"type": "Point", "coordinates": [-77.46307101056209, 39.02011263672101]}, "properties": {"facility_id": "im3_300162674_building", "facility_name": "Digital Realty ACC5", "year": 2026, "type": "building", "county_id": 51107, "operator": "Digital Realty", "source_id": 300162674, "sqft": 298859.0, "state_abb": "VA"}}, {"type": "Feature", "geometry": {"type": "Point", "coordinates": [-77.46358953091513, 39.02106804323565]}, "properties": {"facility_id": "im3_300162675_building", "facility_name": "Digital Realty ACC6", "year": 2026, "type": "building", "county_id": 51107, "operator": "Digital Realty", "source_id": 300162675, "sqft": 226152.0, "state_abb": "VA"}}, {"type": "Feature", "geometry": {"type": "Point", "coordinates": [-77.45759526371418, 39.0221725562622]}, "properties": {"facility_id": "im3_300162689_building", "facility_name": "Level 3 Ashburn", "year": 2026, "type": "building", "county_id": 51107, "operator": "Lumen Technologies", "source_id": 300162689, "sqft": 49022.0, "state_abb": "VA"}}, {"type": "Feature", "geometry": {"type": "Point", "coordinates": [-77.45360972261447, 39.022140336655866]}, "properties": {"facility_id": "im3_300163074_building", "facility_name": "Centersquare IAD4-B", "year": 2026, "type": "building", "county_id": 51107, "operator": "Centersquare", "source_id": 300163074, "sqft": 90029.0, "state_abb": "VA"}}, {"type": "Feature", "geometry": {"type": "Point", "coordinates": [-77.45486923381064, 39.02276445956019]}, "properties": {"facility_id": "im3_300163083_building", "facility_name": "NTT Ashburn VA1 Data Center", "year": 2026, "type": "building", "county_id": 51107, "operator": "NTT", "source_id": 300163083, "sqft": 138507.0, "state_abb": "VA"}}, {"type": "Feature", "geometry": {"type": "Point", "coordinates": [-77.47539286797381, 39.01253746084648]}, "properties": {"facility_id": "im3_300969250_building", "facility_name": "Equinix DC13", "year": 2026, "type": "building", "county_id": 51107, "operator": "Equinix", "source_id": 300969250, "sqft": 125613.0, "state_abb": "VA"}}, {"type": "Feature", "geometry": {"type": "Point", "coordinates": [-77.48709346092416, 39.00333638342545]}, "properties": {"facility_id": "im3_300969614_building", "facility_name": "Digital Realty Northern Virginia IAD14", "year": 2026, "type": "building", "county_id": 51107, "operator": "Digital Realty", "source_id": 300969614, "sqft": 134503.0, "state_abb": "VA"}}, {"type": "Feature", "geometry": {"type": "Point", "coordinates": [-77.48544866796638, 39.00275165389682]}, "properties": {"facility_id": "im3_300969615_building", "facility_name": "Amazon Web Services Building C", "year": 2026, "type": "building", "county_id": 51107, "operator": "Amazon Web Services", "source_id": 300969615, "sqft": 116698.0, "state_abb": "VA"}}, {"type": "Feature", "geometry": {"type": "Point", "coordinates": [-77.48334543979661, 39.002021512406806]}, "properties": {"facility_id": "im3_300969616_building", "facility_name": "Digital Realty Northern Virginia IAD12", "year": 2026, "type": "building", "county_id": 51107, "operator": "Digital Realty", "source_id": 300969616, "sqft": 180269.0, "state_abb": "VA"}}, {"type": "Feature", "geometry": {"type": "Point", "coordinates": [-77.48195442999278, 39.00275464974417]}, "properties": {"facility_id": "im3_300969617_building", "facility_name": "Digital Realty Building A", "year": 2026, "type": "building", "county_id": 51107, "operator": "Digital Realty", "source_id": 300969617, "sqft": 133113.0, "state_abb": "VA"}}, {"type": "Feature", "geometry": {"type": "Point", "coordinates": [-77.48435473615672, 39.00429228111817]}, "properties": {"facility_id": "im3_300969619_building", "facility_name": "Digital Realty Northern Virginia IAD24", "year": 2026, "type": "building", "county_id": 51107, "operator": "Digital Realty", "source_id": 300969619, "sqft": 114428.0, "state_abb": "VA"}}, {"type": "Feature", "geometry": {"type": "Point", "coordinates": [-77.48213787541994, 39.01554879745239]}, "properties": {"facility_id": "im3_300970759_building", "facility_name": "Databank Ashburn IAD1", "year": 2026, "type": "building", "county_id": 51107, "operator": "Databank", "source_id": 300970759, "sqft": 144740.0, "state_abb": "VA"}}, {"type": "Feature", "geometry": {"type": "Point", "coordinates": [-77.48327064329858, 39.01560147883306]}, "properties": {"facility_id": "im3_300970761_building", "facility_name": "Golds Gym Ashburn", "year": 2026, "type": "building", "county_id": 51107, "source_id": 300970761, "sqft": 54700.0, "state_abb": "VA"}}, {"type": "Feature", "geometry": {"type": "Point", "coordinates": [-77.22055679495352, 38.90913922220713]}, "properties": {"facility_id": "im3_368724474_building", "facility_name": "Equinix DC7", "year": 2026, "type": "building", "county_id": 51059, "operator": "Equinix", "source_id": 368724474, "sqft": 79709.0, "state_abb": "VA"}}, {"type": "Feature", "geometry": {"type": "Point", "coordinates": [-77.21974420009786, 38.9083675000258]}, "properties": {"facility_id": "im3_368724479_building", "facility_name": "Element Critical VA1", "year": 2026, "type": "building", "county_id": 51059, "source_id": 368724479, "sqft": 20483.0, "state_abb": "VA"}}, {"type": "Feature", "geometry": {"type": "Point", "coordinates": [-77.4454155025337, 39.04872822028961]}, "properties": {"facility_id": "im3_380282154_building", "facility_name": "VISA Data Center", "year": 2026, "type": "building", "county_id": 51107, "source_id": 380282154, "sqft": 349987.0, "state_abb": "VA"}}, {"type": "Feature", "geometry": {"type": "Point", "coordinates": [-77.41452291234779, 39.02594651093395]}, "properties": {"facility_id": "im3_435324552_building", "facility_name": "CyrusOne NVA1, NVA2 & NVA3", "year": 2026, "type": "building", "county_id": 51107, "operator": "CyrusOne", "source_id": 435324552, "sqft": 265601.0, "state_abb": "VA"}}, {"type": "Feature", "geometry": {"type": "Point", "coordinates": [-77.43403366059391, 39.024327100481464]}, "properties": {"facility_id": "im3_435817145_building", "facility_name": "CyrusOne NVA5", "year": 2026, "type": "building", "county_id": 51107, "operator": "CyrusOne", "source_id": 435817145, "sqft": 506948.0, "state_abb": "VA"}}, {"type": "Feature", "geometry": {"type": "Point", "coordinates": [-77.97818714607277, 38.454936889103365]}, "properties": {"facility_id": "im3_450078003_campus", "facility_name": "Equinix CU2", "year": 2026, "type": "campus", "county_id": 51047, "operator": "Equinix", "source_id": 450078003, "sqft": 1299936.0, "state_abb": "VA"}}, {"type": "Feature", "geometry": {"type": "Point", "coordinates": [-77.45151283533546, 39.02101419483995]}, "properties": {"facility_id": "im3_460050155_building", "facility_name": "Equinix Ashburn DC10", "year": 2026, "type": "building", "county_id": 51107, "operator": "Equinix", "source_id": 460050155, "sqft": 152397.0, "state_abb": "VA"}}, {"type": "Feature", "geometry": {"type": "Point", "coordinates": [-77.45106545332197, 39.0265748165722]}, "properties": {"facility_id": "im3_460053028_campus", "facility_name": "Amazon Web Services Datacenter Complex", "year": 2026, "type": "campus", "county_id": 51107, "operator": "Amazon Web Services", "source_id": 460053028, "sqft": 1088049.0, "state_abb": "VA"}}, {"type": "Feature", "geometry": {"type": "Point", "coordinates": [-77.4586618970949, 39.02886985735719]}, "properties": {"facility_id": "im3_460053030_campus", "facility_name": "Amazon Web Services", "year": 2026, "type": "campus", "county_id": 51107, "operator": "Amazon Web Services", "source_id": 460053030, "sqft": 1022344.0, "state_abb": "VA"}}, {"type": "Feature", "geometry": {"type": "Point", "coordinates": [-77.49198694607598, 38.915805125747426]}, "properties": {"facility_id": "im3_460056017_building", "facility_name": "Amazon IAD-61", "year": 2026, "type": "building", "county_id": 51107, "operator": "Amazon Web Services", "source_id": 460056017, "sqft": 152289.0, "state_abb": "VA"}}, {"type": "Feature", "geometry": {"type": "Point", "coordinates": [-77.44219586774605, 38.9865020849492]}, "properties": {"facility_id": "im3_460056018_campus", "facility_name": "Data Center (unnamed)", "year": 2026, "type": "campus", "county_id": 51107, "source_id": 460056018, "sqft": 709715.0, "state_abb": "VA"}}, {"type": "Feature", "geometry": {"type": "Point", "coordinates": [-77.43650684069107, 38.991413813734994]}, "properties": {"facility_id": "im3_460056019_building", "facility_name": "Amazon IAD51", "year": 2026, "type": "building", "county_id": 51107, "operator": "Amazon Web Services", "source_id": 460056019, "sqft": 64127.0, "state_abb": "VA"}}, {"type": "Feature", "geometry": {"type": "Point", "coordinates": [-77.43706177436276, 38.990567610094665]}, "properties": {"facility_id": "im3_460056020_building", "facility_name": "Amazon IAD56", "year": 2026, "type": "building", "county_id": 51107, "operator": "Amazon Web Services", "source_id": 460056020, "sqft": 78441.0, "state_abb": "VA"}}, {"type": "Feature", "geometry": {"type": "Point", "coordinates": [-77.44882479290187, 38.99069899784283]}, "properties": {"facility_id": "im3_460056023_building", "facility_name": "Amazon IAD16", "year": 2026, "type": "building", "county_id": 51107, "operator": "Amazon Web Services", "source_id": 460056023, "sqft": 75817.0, "state_abb": "VA"}}, {"type": "Feature", "geometry": {"type": "Point", "coordinates": [-77.44857953268574, 38.99169289545035]}, "properties": {"facility_id": "im3_460056024_building", "facility_name": "Amazon IAD15", "year": 2026, "type": "building", "county_id": 51107, "operator": "Amazon Web Services", "source_id": 460056024, "sqft": 103452.0, "state_abb": "VA"}}, {"type": "Feature", "geometry": {"type": "Point", "coordinates": [-77.54821678521624, 38.78993178096453]}, "properties": {"facility_id": "im3_460059465_building", "facility_name": "Amazon IAD14", "year": 2026, "type": "building", "county_id": 51153, "operator": "Amazon Web Services", "source_id": 460059465, "sqft": 118192.0, "state_abb": "VA"}}, {"type": "Feature", "geometry": {"type": "Point", "coordinates": [-77.54844963730864, 38.79222600770484]}, "properties": {"facility_id": "im3_460060340_building", "facility_name": "Amazon IAD59", "year": 2026, "type": "building", "county_id": 51153, "operator": "Amazon Web Services", "source_id": 460060340, "sqft": 127281.0, "state_abb": "VA"}}, {"type": "Feature", "geometry": {"type": "Point", "coordinates": [-77.54837196346583, 38.79106882111887]}, "properties": {"facility_id": "im3_460060341_building", "facility_name": "Amazon IAD52", "year": 2026, "type": "building", "county_id": 51153, "operator": "Amazon Web Services", "source_id": 460060341, "sqft": 126699.0, "state_abb": "VA"}}, {"type": "Feature", "geometry": {"type": "Point", "coordinates": [-77.44818874268246, 38.99422739840353]}, "properties": {"facility_id": "im3_460175664_building", "facility_name": "Data Center (unnamed)", "year": 2026, "type": "building", "county_id": 51107, "source_id": 460175664, "sqft": 35740.0, "state_abb": "VA"}}, {"type": "Feature", "geometry": {"type": "Point", "coordinates": [-77.45274689712927, 39.02173368633118]}, "properties": {"facility_id": "im3_460175666_building", "facility_name": "Centersquare IAD4-A", "year": 2026, "type": "building", "county_id": 51107, "operator": "Centersquare", "source_id": 460175666, "sqft": 77749.0, "state_abb": "VA"}}, {"type": "Feature", "geometry": {"type": "Point", "coordinates": [-77.48561242978808, 39.005051586407944]}, "properties": {"facility_id": "im3_460175672_building", "facility_name": "AWS Building E", "year": 2026, "type": "building", "county_id": 51107, "operator": "Amazon Web Services", "source_id": 460175672, "sqft": 153355.0, "state_abb": "VA"}}, {"type": "Feature", "geometry": {"type": "Point", "coordinates": [-77.44952022668694, 39.026368042625414]}, "properties": {"facility_id": "im3_463571875_building", "facility_name": "Amazon IAD78", "year": 2026, "type": "building", "county_id": 51107, "operator": "Amazon Web Services", "source_id": 463571875, "sqft": 147979.0, "state_abb": "VA"}}, {"type": "Feature", "geometry": {"type": "Point", "coordinates": [-77.45087034712718, 39.026357370464034]}, "properties": {"facility_id": "im3_463571876_building", "facility_name": "Amazon IAD79", "year": 2026, "type": "building", "county_id": 51107, "operator": "Amazon Web Services", "source_id": 463571876, "sqft": 148678.0, "state_abb": "VA"}}, {"type": "Feature", "geometry": {"type": "Point", "coordinates": [-77.44116774003697, 38.99181366629844]}, "properties": {"facility_id": "im3_465062052_building", "facility_name": "Amazon IAD87", "year": 2026, "type": "building", "county_id": 51107, "operator": "Amazon Web Services", "source_id": 465062052, "sqft": 147390.0, "state_abb": "VA"}}, {"type": "Feature", "geometry": {"type": "Point", "coordinates": [-77.44187048800238, 38.99096434751658]}, "properties": {"facility_id": "im3_465062053_building", "facility_name": "Amazon IAD88", "year": 2026, "type": "building", "county_id": 51107, "operator": "Amazon Web Services", "source_id": 465062053, "sqft": 147468.0, "state_abb": "VA"}}, {"type": "Feature", "geometry": {"type": "Point", "coordinates": [-77.55909921912577, 38.77797945837826]}, "properties": {"facility_id": "im3_490997243_building", "facility_name": "Amazon IAD73", "year": 2026, "type": "building", "county_id": 51153, "operator": "Amazon Web Services", "source_id": 490997243, "sqft": 146162.0, "state_abb": "VA"}}, {"type": "Feature", "geometry": {"type": "Point", "coordinates": [-77.55789122919084, 38.77743693462091]}, "properties": {"facility_id": "im3_490997244_building", "facility_name": "Amazon IAD74", "year": 2026, "type": "building", "county_id": 51153, "operator": "Amazon Web Services", "source_id": 490997244, "sqft": 147480.0, "state_abb": "VA"}}, {"type": "Feature", "geometry": {"type": "Point", "coordinates": [-77.49325147292357, 38.9168847531172]}, "properties": {"facility_id": "im3_544596573_building", "facility_name": "Amazon IAD63", "year": 2026, "type": "building", "county_id": 51107, "operator": "Amazon Web Services", "source_id": 544596573, "sqft": 143980.0, "state_abb": "VA"}}, {"type": "Feature", "geometry": {"type": "Point", "coordinates": [-77.51987469094145, 38.94932164782646]}, "properties": {"facility_id": "im3_545396372_building", "facility_name": "Amazon IAD62", "year": 2026, "type": "building", "county_id": 51107, "operator": "Amazon Web Services", "source_id": 545396372, "sqft": 149941.0, "state_abb": "VA"}}, {"type": "Feature", "geometry": {"type": "Point", "coordinates": [-77.4575028799799, 39.02790807231044]}, "properties": {"facility_id": "im3_556599693_building", "facility_name": "Amazon IAD71", "year": 2026, "type": "building", "county_id": 51107, "operator": "Amazon Web Services", "source_id": 556599693, "sqft": 121176.0, "state_abb": "VA"}}, {"type": "Feature", "geometry": {"type": "Point", "coordinates": [-77.45968288935686, 39.02956976120693]}, "properties": {"facility_id": "im3_556599694_building", "facility_name": "Amazon IAD50", "year": 2026, "type": "building", "county_id": 51107, "operator": "Amazon Web Services", "source_id": 556599694, "sqft": 202194.0, "state_abb": "VA"}}, {"type": "Feature", "geometry": {"type": "Point", "coordinates": [-77.4582461041282, 39.02877370248201]}, "properties": {"facility_id": "im3_556599695_building", "facility_name": "Amazon IAD60", "year": 2026, "type": "building", "county_id": 51107, "operator": "Amazon Web Services", "source_id": 556599695, "sqft": 110965.0, "state_abb": "VA"}}, {"type": "Feature", "geometry": {"type": "Point", "coordinates": [-77.4528288502262, 39.027108657277445]}, "properties": {"facility_id": "im3_596690174_building", "facility_name": "Amazon IAD80", "year": 2026, "type": "building", "county_id": 51107, "operator": "Amazon Web Services", "source_id": 596690174, "sqft": 150443.0, "state_abb": "VA"}}, {"type": "Feature", "geometry": {"type": "Point", "coordinates": [-77.44975813852024, 39.0230066415448]}, "properties": {"facility_id": "im3_596690175_building", "facility_name": "Equinix Ashburn DC12", "year": 2026, "type": "building", "county_id": 51107, "operator": "Equinix", "source_id": 596690175, "sqft": 96380.0, "state_abb": "VA"}}, {"type": "Feature", "geometry": {"type": "Point", "coordinates": [-77.47934369722755, 39.00155183162294]}, "properties": {"facility_id": "im3_597970806_building", "facility_name": "Digital Realty Northern Virginia IAD36", "year": 2026, "type": "building", "county_id": 51107, "operator": "Digital Realty", "source_id": 597970806, "sqft": 112516.0, "state_abb": "VA"}}, {"type": "Feature", "geometry": {"type": "Point", "coordinates": [-77.48059544638194, 39.00051142251577]}, "properties": {"facility_id": "im3_597970809_building", "facility_name": "Digital Realty Northern Virginia IAD35", "year": 2026, "type": "building", "county_id": 51107, "operator": "Digital Realty", "source_id": 597970809, "sqft": 206225.0, "state_abb": "VA"}}, {"type": "Feature", "geometry": {"type": "Point", "coordinates": [-77.47806996501424, 39.00000986435985]}, "properties": {"facility_id": "im3_597970811_building", "facility_name": "Digital Realty Northern Virginia IAD37", "year": 2026, "type": "building", "county_id": 51107, "operator": "Digital Realty", "source_id": 597970811, "sqft": 144298.0, "state_abb": "VA"}}, {"type": "Feature", "geometry": {"type": "Point", "coordinates": [-77.47718416154996, 39.00110985023303]}, "properties": {"facility_id": "im3_597970813_building", "facility_name": "Digital Realty Northern Virginia IAD38", "year": 2026, "type": "building", "county_id": 51107, "operator": "Digital Realty", "source_id": 597970813, "sqft": 114543.0, "state_abb": "VA"}}, {"type": "Feature", "geometry": {"type": "Point", "coordinates": [-77.45763923535499, 39.02501032438008]}, "properties": {"facility_id": "im3_610977485_building", "facility_name": "NTT Ashburn VA2 Data Center", "year": 2026, "type": "building", "county_id": 51107, "operator": "NTT", "source_id": 610977485, "sqft": 74197.0, "state_abb": "VA"}}, {"type": "Feature", "geometry": {"type": "Point", "coordinates": [-77.46564263578887, 39.01753209282454]}, "properties": {"facility_id": "im3_649319778_building", "facility_name": "Digital Realty ACC7", "year": 2026, "type": "building", "county_id": 51107, "operator": "Digital Realty", "source_id": 649319778, "sqft": 409481.0, "state_abb": "VA"}}, {"type": "Feature", "geometry": {"type": "Point", "coordinates": [-77.47198105085518, 39.01773031842296]}, "properties": {"facility_id": "im3_649365745_campus", "facility_name": "NTT Ashburn Campus", "year": 2026, "type": "campus", "county_id": 51107, "source_id": 649365745, "sqft": 2116133.0, "state_abb": "VA"}}, {"type": "Feature", "geometry": {"type": "Point", "coordinates": [-77.47037644027546, 39.017182329202555]}, "properties": {"facility_id": "im3_649365751_building", "facility_name": "NTT Ashburn VA3 Data Center", "year": 2026, "type": "building", "county_id": 51107, "operator": "NTT", "source_id": 649365751, "sqft": 231924.0, "state_abb": "VA"}}, {"type": "Feature", "geometry": {"type": "Point", "coordinates": [-77.46731852528755, 39.015466253556106]}, "properties": {"facility_id": "im3_649365764_building", "facility_name": "Digital Realty ACC9", "year": 2026, "type": "building", "county_id": 51107, "operator": "Digital Realty", "source_id": 649365764, "sqft": 329257.0, "state_abb": "VA"}}, {"type": "Feature", "geometry": {"type": "Point", "coordinates": [-77.54172453948773, 38.779381509444576]}, "properties": {"facility_id": "im3_667573133_building", "facility_name": "Amazon Web Services", "year": 2026, "type": "building", "county_id": 51153, "operator": "Amazon IAD85", "source_id": 667573133, "sqft": 149064.0, "state_abb": "VA"}}, {"type": "Feature", "geometry": {"type": "Point", "coordinates": [-78.37655327186563, 36.685373308018725]}, "properties": {"facility_id": "im3_675108684_campus", "facility_name": "Microsoft Boydton Data Center", "year": 2026, "type": "campus", "county_id": 51117, "operator": "Microsoft", "source_id": 675108684, "sqft": 11273954.0, "state_abb": "VA"}}, {"type": "Feature", "geometry": {"type": "Point", "coordinates": [-77.23828608770066, 37.49580861055279]}, "properties": {"facility_id": "im3_688722307_campus", "facility_name": "Bank of America Data Center", "year": 2026, "type": "campus", "county_id": 51087, "source_id": 688722307, "sqft": 2209960.0, "state_abb": "VA"}}, {"type": "Feature", "geometry": {"type": "Point", "coordinates": [-77.52095152964785, 38.94868695570169]}, "properties": {"facility_id": "im3_693381106_building", "facility_name": "Amazon IAD68", "year": 2026, "type": "building", "county_id": 51107, "operator": "Amazon Web Services", "source_id": 693381106, "sqft": 181794.0, "state_abb": "VA"}}, {"type": "Feature", "geometry": {"type": "Point", "coordinates": [-77.52183101959601, 38.94838582329714]}, "properties": {"facility_id": "im3_693381107_building", "facility_name": "Amazon IAD81", "year": 2026, "type": "building", "county_id": 51107, "operator": "Amazon Web Services", "source_id": 693381107, "sqft": 184907.0, "state_abb": "VA"}}, {"type": "Feature", "geometry": {"type": "Point", "coordinates": [-77.5243689977558, 38.943153938233976]}, "properties": {"facility_id": "im3_693385812_building", "facility_name": "Google", "year": 2026, "type": "building", "county_id": 51107, "operator": "Google", "source_id": 693385812, "sqft": 215928.0, "state_abb": "VA"}}, {"type": "Feature", "geometry": {"type": "Point", "coordinates": [-77.49806149327199, 38.95792208165856]}, "properties": {"facility_id": "im3_693390022_building", "facility_name": "Amazon IAD120", "year": 2026, "type": "building", "county_id": 51107, "operator": "Amazon Web Services", "source_id": 693390022, "sqft": 188334.0, "state_abb": "VA"}}, {"type": "Feature", "geometry": {"type": "Point", "coordinates": [-77.49778688217901, 38.95678305314267]}, "properties": {"facility_id": "im3_693390023_building", "facility_name": "Amazon IAD121", "year": 2026, "type": "building", "county_id": 51107, "operator": "Amazon Web Services", "source_id": 693390023, "sqft": 154814.0, "state_abb": "VA"}}, {"type": "Feature", "geometry": {"type": "Point", "coordinates": [-77.47156052841791, 39.01202683336312]}, "properties": {"facility_id": "im3_696978351_building", "facility_name": "Data Center (unnamed)", "year": 2026, "type": "building", "county_id": 51107, "source_id": 696978351, "sqft": 48591.0, "state_abb": "VA"}}, {"type": "Feature", "geometry": {"type": "Point", "coordinates": [-77.4498761385079, 38.99945874398648]}, "properties": {"facility_id": "im3_696985482_campus", "facility_name": "Data Center (unnamed)", "year": 2026, "type": "campus", "county_id": 51107, "source_id": 696985482, "sqft": 402308.0, "state_abb": "VA"}}, {"type": "Feature", "geometry": {"type": "Point", "coordinates": [-77.54831684502851, 38.79098152194525]}, "properties": {"facility_id": "im3_696992451_campus", "facility_name": "Data Center (unnamed)", "year": 2026, "type": "campus", "county_id": 51153, "source_id": 696992451, "sqft": 989045.0, "state_abb": "VA"}}, {"type": "Feature", "geometry": {"type": "Point", "coordinates": [-77.44184182852638, 38.986278739590496]}, "properties": {"facility_id": "im3_697020849_building", "facility_name": "Amazon IAD58", "year": 2026, "type": "building", "county_id": 51107, "operator": "Amazon Web Services", "source_id": 697020849, "sqft": 136770.0, "state_abb": "VA"}}, {"type": "Feature", "geometry": {"type": "Point", "coordinates": [-77.44263838662451, 38.98699723329166]}, "properties": {"facility_id": "im3_697020850_building", "facility_name": "Amazon IAD57", "year": 2026, "type": "building", "county_id": 51107, "operator": "Amazon Web Services", "source_id": 697020850, "sqft": 116533.0, "state_abb": "VA"}}, {"type": "Feature", "geometry": {"type": "Point", "coordinates": [-77.65291934437082, 38.815132406574214]}, "properties": {"facility_id": "im3_697021948_building", "facility_name": "Amazon IAD64", "year": 2026, "type": "building", "county_id": 51153, "operator": "Amazon Web Services", "source_id": 697021948, "sqft": 147547.0, "state_abb": "VA"}}, {"type": "Feature", "geometry": {"type": "Point", "coordinates": [-77.65269565653946, 38.81581597741176]}, "properties": {"facility_id": "im3_697021949_campus", "facility_name": "Data Center (operator: Amazon)", "year": 2026, "type": "campus", "county_id": 51153, "operator": "Amazon", "source_id": 697021949, "sqft": 1278242.0, "state_abb": "VA"}}, {"type": "Feature", "geometry": {"type": "Point", "coordinates": [-77.45017109526839, 38.99951534656983]}, "properties": {"facility_id": "im3_701923200_building", "facility_name": "QTS Ashburn 1", "year": 2026, "type": "building", "county_id": 51107, "operator": "Quality Technology Services", "source_id": 701923200, "sqft": 164144.0, "state_abb": "VA"}}, {"type": "Feature", "geometry": {"type": "Point", "coordinates": [-77.46725431679586, 39.00645434248415]}, "properties": {"facility_id": "im3_701923202_building", "facility_name": "Digital Realty Northern Virginia IAD40", "year": 2026, "type": "building", "county_id": 51107, "operator": "Digital Realty", "source_id": 701923202, "sqft": 244372.0, "state_abb": "VA"}}, {"type": "Feature", "geometry": {"type": "Point", "coordinates": [-77.46762344628391, 39.0077179647985]}, "properties": {"facility_id": "im3_701923203_building", "facility_name": "Digital Realty Northern Virginia IAD39", "year": 2026, "type": "building", "county_id": 51107, "operator": "Digital Realty", "source_id": 701923203, "sqft": 549223.0, "state_abb": "VA"}}, {"type": "Feature", "geometry": {"type": "Point", "coordinates": [-77.46553606881868, 39.01270664038011]}, "properties": {"facility_id": "im3_701923204_building", "facility_name": "Digital Realty ACC10", "year": 2026, "type": "building", "county_id": 51107, "operator": "Digital Realty", "source_id": 701923204, "sqft": 289043.0, "state_abb": "VA"}}, {"type": "Feature", "geometry": {"type": "Point", "coordinates": [-77.43982021083254, 39.00065496674865]}, "properties": {"facility_id": "im3_701924664_building", "facility_name": "Data Center (operator: GI Partners)", "year": 2026, "type": "building", "county_id": 51107, "operator": "GI Partners", "source_id": 701924664, "sqft": 224621.0, "state_abb": "VA"}}, {"type": "Feature", "geometry": {"type": "Point", "coordinates": [-77.43766056847713, 39.00239460734178]}, "properties": {"facility_id": "im3_701924665_building", "facility_name": "Vantage VA11", "year": 2026, "type": "building", "county_id": 51107, "operator": "Vantage Data Centers", "source_id": 701924665, "sqft": 127578.0, "state_abb": "VA"}}, {"type": "Feature", "geometry": {"type": "Point", "coordinates": [-77.41165153795028, 38.988603084770965]}, "properties": {"facility_id": "im3_701924667_building", "facility_name": "Amazon IAD90", "year": 2026, "type": "building", "county_id": 51107, "operator": "Amazon Web Services", "source_id": 701924667, "sqft": 147749.0, "state_abb": "VA"}}, {"type": "Feature", "geometry": {"type": "Point", "coordinates": [-77.4111191682655, 38.987847160473734]}, "properties": {"facility_id": "im3_701924668_building", "facility_name": "Amazon IAD91", "year": 2026, "type": "building", "county_id": 51107, "operator": "Amazon Web Services", "source_id": 701924668, "sqft": 149486.0, "state_abb": "VA"}}, {"type": "Feature", "geometry": {"type": "Point", "coordinates": [-77.41047540861862, 38.98694260549739]}, "properties": {"facility_id": "im3_701924669_building", "facility_name": "Amazon IAD92", "year": 2026, "type": "building", "county_id": 51107, "operator": "Amazon Web Services", "source_id": 701924669, "sqft": 149857.0, "state_abb": "VA"}}, {"type": "Feature", "geometry": {"type": "Point", "coordinates": [-77.42742182982602, 38.981642917536455]}, "properties": {"facility_id": "im3_701929066_building", "facility_name": "Amazon IAD144", "year": 2026, "type": "building", "county_id": 51107, "operator": "Amazon Web Services", "source_id": 701929066, "sqft": 150384.0, "state_abb": "VA"}}, {"type": "Feature", "geometry": {"type": "Point", "coordinates": [-77.41322000920242, 39.021167383773054]}, "properties": {"facility_id": "im3_701930919_building", "facility_name": "CyrusOne NVA8", "year": 2026, "type": "building", "county_id": 51107, "operator": "CyrusOne", "source_id": 701930919, "sqft": 154011.0, "state_abb": "VA"}}, {"type": "Feature", "geometry": {"type": "Point", "coordinates": [-77.43388565556346, 39.02022492908554]}, "properties": {"facility_id": "im3_701930920_building", "facility_name": "Amazon IAD98", "year": 2026, "type": "building", "county_id": 51107, "operator": "Amazon Web Services", "source_id": 701930920, "sqft": 150826.0, "state_abb": "VA"}}, {"type": "Feature", "geometry": {"type": "Point", "coordinates": [-77.43402989103284, 39.01916893584491]}, "properties": {"facility_id": "im3_701930921_building", "facility_name": "Amazon IAD99", "year": 2026, "type": "building", "county_id": 51107, "operator": "Amazon Web Services", "source_id": 701930921, "sqft": 150804.0, "state_abb": "VA"}}, {"type": "Feature", "geometry": {"type": "Point", "coordinates": [-77.45069857065232, 39.03549407754049]}, "properties": {"facility_id": "im3_701930929_building", "facility_name": "Amazon IAD114", "year": 2026, "type": "building", "county_id": 51107, "operator": "Amazon Web Services", "source_id": 701930929, "sqft": 148005.0, "state_abb": "VA"}}, {"type": "Feature", "geometry": {"type": "Point", "coordinates": [-77.44979480828684, 39.03629402145032]}, "properties": {"facility_id": "im3_701930930_building", "facility_name": "Amazon IAD115", "year": 2026, "type": "building", "county_id": 51107, "operator": "Amazon Web Services", "source_id": 701930930, "sqft": 146333.0, "state_abb": "VA"}}, {"type": "Feature", "geometry": {"type": "Point", "coordinates": [-77.49436645394151, 38.917010722177295]}, "properties": {"facility_id": "im3_701931819_building", "facility_name": "Amazon IAD65", "year": 2026, "type": "building", "county_id": 51107, "operator": "Amazon Web Services", "source_id": 701931819, "sqft": 151356.0, "state_abb": "VA"}}, {"type": "Feature", "geometry": {"type": "Point", "coordinates": [-77.47725088518797, 38.91607635389445]}, "properties": {"facility_id": "im3_701931820_building", "facility_name": "Amazon IAD150", "year": 2026, "type": "building", "county_id": 51107, "operator": "Amazon Web Services", "source_id": 701931820, "sqft": 213595.0, "state_abb": "VA"}}, {"type": "Feature", "geometry": {"type": "Point", "coordinates": [-77.53939966702264, 39.051431729239994]}, "properties": {"facility_id": "im3_706726088_campus", "facility_name": "Stonewall Creek Business Park", "year": 2026, "type": "campus", "county_id": 51107, "operator": "Google", "source_id": 706726088, "sqft": 1291753.0, "state_abb": "VA"}}, {"type": "Feature", "geometry": {"type": "Point", "coordinates": [-77.24588647315302, 37.48900065235947]}, "properties": {"facility_id": "im3_708155014_campus", "facility_name": "QTS Richmond Data Center", "year": 2026, "type": "campus", "county_id": 51087, "operator": "Quality Technology Services", "source_id": 708155014, "sqft": 3801096.0, "state_abb": "VA"}}, {"type": "Feature", "geometry": {"type": "Point", "coordinates": [-77.47827343879716, 39.01541716578102]}, "properties": {"facility_id": "im3_708916484_building", "facility_name": "Data Center (unnamed)", "year": 2026, "type": "building", "county_id": 51107, "source_id": 708916484, "sqft": 144382.0, "state_abb": "VA"}}, {"type": "Feature", "geometry": {"type": "Point", "coordinates": [-77.53957659001316, 39.052640581183034]}, "properties": {"facility_id": "im3_710070925_building", "facility_name": "Google Data Center", "year": 2026, "type": "building", "county_id": 51107, "operator": "Google", "source_id": 710070925, "sqft": 140634.0, "state_abb": "VA"}}, {"type": "Feature", "geometry": {"type": "Point", "coordinates": [-77.52625036711285, 38.942771434884214]}, "properties": {"facility_id": "im3_714622339_campus", "facility_name": "Google Data Center", "year": 2026, "type": "campus", "county_id": 51107, "operator": "Google", "source_id": 714622339, "sqft": 2143143.0, "state_abb": "VA"}}, {"type": "Feature", "geometry": {"type": "Point", "coordinates": [-77.5215991553083, 38.94833223285257]}, "properties": {"facility_id": "im3_714622340_campus", "facility_name": "Amazon Fadeley III", "year": 2026, "type": "campus", "county_id": 51107, "source_id": 714622340, "sqft": 1654964.0, "state_abb": "VA"}}, {"type": "Feature", "geometry": {"type": "Point", "coordinates": [-77.4246254873571, 38.98255213281915]}, "properties": {"facility_id": "im3_744491691_building", "facility_name": "Amazon IAD145", "year": 2026, "type": "building", "county_id": 51107, "operator": "Amazon Web Services", "source_id": 744491691, "sqft": 103663.0, "state_abb": "VA"}}, {"type": "Feature", "geometry": {"type": "Point", "coordinates": [-77.41909467085335, 39.02369830815542]}, "properties": {"facility_id": "im3_744496741_building", "facility_name": "Amazon Web Services IAD117", "year": 2026, "type": "building", "county_id": 51107, "operator": "Amazon Web Services", "source_id": 744496741, "sqft": 102452.0, "state_abb": "VA"}}, {"type": "Feature", "geometry": {"type": "Point", "coordinates": [-77.42043928426207, 39.02434599828099]}, "properties": {"facility_id": "im3_744496750_building", "facility_name": "Amazon Web Services IAD116", "year": 2026, "type": "building", "county_id": 51107, "operator": "Amazon Web Services", "source_id": 744496750, "sqft": 102629.0, "state_abb": "VA"}}, {"type": "Feature", "geometry": {"type": "Point", "coordinates": [-77.23731114669016, 37.483928208517945]}, "properties": {"facility_id": "im3_762116506_building", "facility_name": "Meta Henrico Data Center", "year": 2026, "type": "building", "county_id": 51087, "operator": "Meta", "source_id": 762116506, "sqft": 588189.0, "state_abb": "VA"}}, {"type": "Feature", "geometry": {"type": "Point", "coordinates": [-77.45822142581041, 39.00867671486767]}, "properties": {"facility_id": "im3_793087858_building", "facility_name": "Digital Realty IAD41 (Building P)", "year": 2026, "type": "building", "county_id": 51107, "operator": "Digital Realty", "source_id": 793087858, "sqft": 396985.0, "state_abb": "VA"}}, {"type": "Feature", "geometry": {"type": "Point", "coordinates": [-77.43883923491136, 39.018507335901674]}, "properties": {"facility_id": "im3_793087859_building", "facility_name": "Amazon IAD118", "year": 2026, "type": "building", "county_id": 51107, "operator": "Amazon Web Services", "source_id": 793087859, "sqft": 105629.0, "state_abb": "VA"}}, {"type": "Feature", "geometry": {"type": "Point", "coordinates": [-77.47057790756796, 39.01362014126083]}, "properties": {"facility_id": "im3_793622740_building", "facility_name": "Aligned Ashburn", "year": 2026, "type": "building", "county_id": 51107, "operator": "Aligned", "source_id": 793622740, "sqft": 140140.0, "state_abb": "VA"}}, {"type": "Feature", "geometry": {"type": "Point", "coordinates": [-77.45025584399268, 39.02250015234666]}, "properties": {"facility_id": "im3_793888408_building", "facility_name": "Equinix Ashburn DC15", "year": 2026, "type": "building", "county_id": 51107, "operator": "Equinix", "source_id": 793888408, "sqft": 76665.0, "state_abb": "VA"}}, {"type": "Feature", "geometry": {"type": "Point", "coordinates": [-77.4799880049684, 39.01449812159213]}, "properties": {"facility_id": "im3_793888427_building", "facility_name": "Sabey Intergate.Ashburn (Building A)", "year": 2026, "type": "building", "county_id": 51107, "operator": "Sabey Data Centers", "source_id": 793888427, "sqft": 131966.0, "state_abb": "VA"}}, {"type": "Feature", "geometry": {"type": "Point", "coordinates": [-77.47261400700225, 39.01829557276318]}, "properties": {"facility_id": "im3_793888429_building", "facility_name": "NTT Ashburn VA5 Data Center", "year": 2026, "type": "building", "county_id": 51107, "operator": "NTT", "source_id": 793888429, "sqft": 124046.0, "state_abb": "VA"}}, {"type": "Feature", "geometry": {"type": "Point", "coordinates": [-77.4725949606788, 39.01986885247179]}, "properties": {"facility_id": "im3_793888430_building", "facility_name": "NTT Ashburn VA4 Data Center", "year": 2026, "type": "building", "county_id": 51107, "operator": "NTT", "source_id": 793888430, "sqft": 160282.0, "state_abb": "VA"}}, {"type": "Feature", "geometry": {"type": "Point", "coordinates": [-77.46278492885698, 39.01015664517334]}, "properties": {"facility_id": "im3_794147654_building", "facility_name": "CloudHQ LC1", "year": 2026, "type": "building", "county_id": 51107, "operator": "CloudHQ", "source_id": 794147654, "sqft": 499194.0, "state_abb": "VA"}}, {"type": "Feature", "geometry": {"type": "Point", "coordinates": [-77.46245654474913, 39.01176419603625]}, "properties": {"facility_id": "im3_794147655_building", "facility_name": "CloudHQ LC2", "year": 2026, "type": "building", "county_id": 51107, "operator": "CloudHQ", "source_id": 794147655, "sqft": 252770.0, "state_abb": "VA"}}, {"type": "Feature", "geometry": {"type": "Point", "coordinates": [-77.43559835674785, 38.9967245725433]}, "properties": {"facility_id": "im3_794147657_building", "facility_name": "Amazon IAD146", "year": 2026, "type": "building", "county_id": 51107, "operator": "Amazon Web Services", "source_id": 794147657, "sqft": 103076.0, "state_abb": "VA"}}, {"type": "Feature", "geometry": {"type": "Point", "coordinates": [-77.45455808439559, 39.01182265065321]}, "properties": {"facility_id": "im3_796933516_building", "facility_name": "Equinix Ashburn DC21", "year": 2026, "type": "building", "county_id": 51107, "operator": "Equinix", "source_id": 796933516, "sqft": 78961.0, "state_abb": "VA"}}, {"type": "Feature", "geometry": {"type": "Point", "coordinates": [-77.4175500441367, 38.98145515417609]}, "properties": {"facility_id": "im3_817338831_building", "facility_name": "Amazon IAD140", "year": 2026, "type": "building", "county_id": 51107, "operator": "Amazon Web Services", "source_id": 817338831, "sqft": 215095.0, "state_abb": "VA"}}, {"type": "Feature", "geometry": {"type": "Point", "coordinates": [-77.4167856863848, 38.98238771254631]}, "properties": {"facility_id": "im3_817338832_building", "facility_name": "Amazon IAD141", "year": 2026, "type": "building", "county_id": 51107, "operator": "Amazon Web Services", "source_id": 817338832, "sqft": 216850.0, "state_abb": "VA"}}, {"type": "Feature", "geometry": {"type": "Point", "coordinates": [-77.65249934084503, 38.8161031223026]}, "properties": {"facility_id": "im3_828135845_building", "facility_name": "Amazon IAD84", "year": 2026, "type": "building", "county_id": 51153, "operator": "Amazon Web Services", "source_id": 828135845, "sqft": 152692.0, "state_abb": "VA"}}, {"type": "Feature", "geometry": {"type": "Point", "coordinates": [-78.29095951194115, 39.017644447296405]}, "properties": {"facility_id": "im3_840582927_campus", "facility_name": "Middletown Data Center", "year": 2026, "type": "campus", "county_id": 51069, "source_id": 840582927, "sqft": 273198.0, "state_abb": "VA"}}, {"type": "Feature", "geometry": {"type": "Point", "coordinates": [-77.5400258996867, 39.05060777386236]}, "properties": {"facility_id": "im3_844374689_building", "facility_name": "Data Center (unnamed)", "year": 2026, "type": "building", "county_id": 51107, "source_id": 844374689, "sqft": 140157.0, "state_abb": "VA"}}, {"type": "Feature", "geometry": {"type": "Point", "coordinates": [-77.43938662806684, 39.01693014125531]}, "properties": {"facility_id": "im3_852039781_building", "facility_name": "Amazon IAD119", "year": 2026, "type": "building", "county_id": 51107, "operator": "Amazon Web Services", "source_id": 852039781, "sqft": 127104.0, "state_abb": "VA"}}, {"type": "Feature", "geometry": {"type": "Point", "coordinates": [-78.8567969651793, 38.46254477041857]}, "properties": {"facility_id": "im3_876120402_campus", "facility_name": "DBT Data - Harrisonburg Center", "year": 2026, "type": "campus", "county_id": 51660, "source_id": 876120402, "sqft": 505755.0, "state_abb": "VA"}}, {"type": "Feature", "geometry": {"type": "Point", "coordinates": [-77.49989682110625, 38.717028377885455]}, "properties": {"facility_id": "im3_882977350_building", "facility_name": "CloudHQ MCC1", "year": 2026, "type": "building", "county_id": 51153, "operator": "CloudHQ", "source_id": 882977350, "sqft": 399915.0, "state_abb": "VA"}}, {"type": "Feature", "geometry": {"type": "Point", "coordinates": [-77.43838436569268, 39.01608221259819]}, "properties": {"facility_id": "im3_886028872_building", "facility_name": "Amazon IAD128", "year": 2026, "type": "building", "county_id": 51107, "operator": "Amazon Web Services", "source_id": 886028872, "sqft": 105735.0, "state_abb": "VA"}}, {"type": "Feature", "geometry": {"type": "Point", "coordinates": [-77.56412899431636, 39.07478688334023]}, "properties": {"facility_id": "im3_886330269_building", "facility_name": "Microsoft", "year": 2026, "type": "building", "county_id": 51107, "operator": "Microsoft", "source_id": 886330269, "sqft": 155317.0, "state_abb": "VA"}}, {"type": "Feature", "geometry": {"type": "Point", "coordinates": [-77.55535615935244, 38.94928209940735]}, "properties": {"facility_id": "im3_897226573_campus", "facility_name": "Arcola Tech Park", "year": 2026, "type": "campus", "county_id": 51107, "source_id": 897226573, "sqft": 1735467.0, "state_abb": "VA"}}, {"type": "Feature", "geometry": {"type": "Point", "coordinates": [-77.56054492011098, 38.948089538166386]}, "properties": {"facility_id": "im3_897226574_building", "facility_name": "Amazon IAD125", "year": 2026, "type": "building", "county_id": 51107, "operator": "Amazon Web Services", "source_id": 897226574, "sqft": 104431.0, "state_abb": "VA"}}, {"type": "Feature", "geometry": {"type": "Point", "coordinates": [-77.56045170040849, 38.94989544830295]}, "properties": {"facility_id": "im3_897226575_building", "facility_name": "Amazon IAD124", "year": 2026, "type": "building", "county_id": 51107, "operator": "Amazon Web Services", "source_id": 897226575, "sqft": 104434.0, "state_abb": "VA"}}, {"type": "Feature", "geometry": {"type": "Point", "coordinates": [-77.5396744253525, 39.04409911181553]}, "properties": {"facility_id": "im3_909455922_building", "facility_name": "42310 THUNDERBALL DR", "year": 2026, "type": "building", "county_id": 51107, "operator": "True North Data Solutions", "source_id": 909455922, "sqft": 78907.0, "state_abb": "VA"}}, {"type": "Feature", "geometry": {"type": "Point", "coordinates": [-77.42970207458241, 39.03230534445815]}, "properties": {"facility_id": "im3_930849744_building", "facility_name": "Amazon IAD163", "year": 2026, "type": "building", "county_id": 51107, "operator": "Amazon Web Services", "source_id": 930849744, "sqft": 131936.0, "state_abb": "VA"}}, {"type": "Feature", "geometry": {"type": "Point", "coordinates": [-77.42547991599417, 38.979867991405555]}, "properties": {"facility_id": "im3_954433119_building", "facility_name": "Amazon IAD175", "year": 2026, "type": "building", "county_id": 51107, "operator": "Amazon Web Services", "source_id": 954433119, "sqft": 86503.0, "state_abb": "VA"}}, {"type": "Feature", "geometry": {"type": "Point", "coordinates": [-77.43535922197498, 38.99501200382876]}, "properties": {"facility_id": "im3_958662382_building", "facility_name": "Amazon IAD147", "year": 2026, "type": "building", "county_id": 51107, "operator": "Amazon Web Services", "source_id": 958662382, "sqft": 102767.0, "state_abb": "VA"}}, {"type": "Feature", "geometry": {"type": "Point", "coordinates": [-77.43402771215538, 39.02630118372146]}, "properties": {"facility_id": "im3_983627455_building", "facility_name": "CyrusOne NVA7", "year": 2026, "type": "building", "county_id": 51107, "operator": "CyrusOne", "source_id": 983627455, "sqft": 60930.0, "state_abb": "VA"}}, {"type": "Feature", "geometry": {"type": "Point", "coordinates": [-77.42747327984164, 39.02891562520285]}, "properties": {"facility_id": "im3_984953813_building", "facility_name": "Amazon IAD174", "year": 2026, "type": "building", "county_id": 51107, "operator": "Amazon Web Services", "source_id": 984953813, "sqft": 132388.0, "state_abb": "VA"}}, {"type": "Feature", "geometry": {"type": "Point", "coordinates": [-77.42894228408753, 39.03047299575455]}, "properties": {"facility_id": "im3_984953814_building", "facility_name": "Amazon IAD164", "year": 2026, "type": "building", "county_id": 51107, "operator": "Amazon Web Services", "source_id": 984953814, "sqft": 132374.0, "state_abb": "VA"}}, {"type": "Feature", "geometry": {"type": "Point", "coordinates": [-77.43807112136984, 39.00177881929864]}, "properties": {"facility_id": "im3_985207884_building", "facility_name": "Vantage VA12", "year": 2026, "type": "building", "county_id": 51107, "operator": "Vantage Data Centers", "source_id": 985207884, "sqft": 115613.0, "state_abb": "VA"}}, {"type": "Feature", "geometry": {"type": "Point", "coordinates": [-77.56303534723706, 39.07550786595816]}, "properties": {"facility_id": "im3_986829280_building", "facility_name": "Microsoft", "year": 2026, "type": "building", "county_id": 51107, "operator": "Microsoft", "source_id": 986829280, "sqft": 97581.0, "state_abb": "VA"}}, {"type": "Feature", "geometry": {"type": "Point", "coordinates": [-77.47974227140159, 38.91657561831895]}, "properties": {"facility_id": "im3_989735623_building", "facility_name": "Amazon IAD152", "year": 2026, "type": "building", "county_id": 51107, "operator": "Amazon Web Services", "source_id": 989735623, "sqft": 156644.0, "state_abb": "VA"}}, {"type": "Feature", "geometry": {"type": "Point", "coordinates": [-77.47870521719227, 38.916150911627575]}, "properties": {"facility_id": "im3_989735624_building", "facility_name": "Amazon IAD151", "year": 2026, "type": "building", "county_id": 51107, "operator": "Amazon Web Services", "source_id": 989735624, "sqft": 155542.0, "state_abb": "VA"}}, {"type": "Feature", "geometry": {"type": "Point", "coordinates": [-77.52310750749479, 38.947946059437584]}, "properties": {"facility_id": "im3_990537813_building", "facility_name": "Amazon IAD83", "year": 2026, "type": "building", "county_id": 51107, "operator": "Amazon Web Services", "source_id": 990537813, "sqft": 156166.0, "state_abb": "VA"}}, {"type": "Feature", "geometry": {"type": "Point", "coordinates": [-77.52218796260958, 38.946539218555614]}, "properties": {"facility_id": "im3_990537821_building", "facility_name": "Amazon Web Services", "year": 2026, "type": "building", "county_id": 51107, "operator": "Amazon Web Services", "source_id": 990537821, "sqft": 16739.0, "state_abb": "VA"}}, {"type": "Feature", "geometry": {"type": "Point", "coordinates": [-77.49717993007393, 38.955863227653474]}, "properties": {"facility_id": "im3_990537857_building", "facility_name": "Amazon IAD122", "year": 2026, "type": "building", "county_id": 51107, "operator": "Amazon Web Services", "source_id": 990537857, "sqft": 153273.0, "state_abb": "VA"}}, {"type": "Feature", "geometry": {"type": "Point", "coordinates": [-77.50575020782452, 38.95830777005175]}, "properties": {"facility_id": "im3_990537858_building", "facility_name": "CyrusOne Sterling IX", "year": 2026, "type": "building", "county_id": 51107, "operator": "CyrusOne", "source_id": 990537858, "sqft": 266078.0, "state_abb": "VA"}}, {"type": "Feature", "geometry": {"type": "Point", "coordinates": [-77.54596524435513, 38.77724872325061]}, "properties": {"facility_id": "im3_996723585_building", "facility_name": "Iron Mountain VA-2", "year": 2026, "type": "building", "county_id": 51153, "source_id": 996723585, "sqft": 158664.0, "state_abb": "VA"}}, {"type": "Feature", "geometry": {"type": "Point", "coordinates": [-77.547073196661, 38.77791724644345]}, "properties": {"facility_id": "im3_996723586_building", "facility_name": "Iron Mountain VA-1", "year": 2026, "type": "building", "county_id": 51153, "source_id": 996723586, "sqft": 163790.0, "state_abb": "VA"}}, {"type": "Feature", "geometry": {"type": "Point", "coordinates": [-77.53988381836808, 38.78015146527289]}, "properties": {"facility_id": "im3_996723587_building", "facility_name": "Amazon Web Services", "year": 2026, "type": "building", "county_id": 51153, "operator": "Amazon IAD96", "source_id": 996723587, "sqft": 149064.0, "state_abb": "VA"}}, {"type": "Feature", "geometry": {"type": "Point", "coordinates": [-77.53942706487335, 38.77845091390774]}, "properties": {"facility_id": "im3_996723588_building", "facility_name": "Amazon Web Services", "year": 2026, "type": "building", "county_id": 51153, "operator": "Amazon IAD95", "source_id": 996723588, "sqft": 214748.0, "state_abb": "VA"}}, {"type": "Feature", "geometry": {"type": "Point", "coordinates": [-77.54289591312165, 38.779342501302715]}, "properties": {"facility_id": "im3_996723589_building", "facility_name": "Amazon Web Services", "year": 2026, "type": "building", "county_id": 51153, "operator": "Amazon IAD75", "source_id": 996723589, "sqft": 214662.0, "state_abb": "VA"}}, {"type": "Feature", "geometry": {"type": "Point", "coordinates": [-77.50490133103251, 38.73597010187111]}, "properties": {"facility_id": "im3_996899486_building", "facility_name": "Amazon IAD102", "year": 2026, "type": "building", "county_id": 51153, "operator": "Amazon Web Services", "source_id": 996899486, "sqft": 214338.0, "state_abb": "VA"}}, {"type": "Feature", "geometry": {"type": "Point", "coordinates": [-77.50569511718139, 38.735440154226055]}, "properties": {"facility_id": "im3_996899487_building", "facility_name": "Amazon IAD101", "year": 2026, "type": "building", "county_id": 51153, "operator": "Amazon Web Services", "source_id": 996899487, "sqft": 214330.0, "state_abb": "VA"}}, {"type": "Feature", "geometry": {"type": "Point", "coordinates": [-77.506642396707, 38.73459785381264]}, "properties": {"facility_id": "im3_996899488_building", "facility_name": "Amazon IAD100", "year": 2026, "type": "building", "county_id": 51153, "operator": "Amazon Web Services", "source_id": 996899488, "sqft": 214611.0, "state_abb": "VA"}}, {"type": "Feature", "geometry": {"type": "Point", "coordinates": [-77.49900908655816, 38.723181946660446]}, "properties": {"facility_id": "im3_996899489_building", "facility_name": "CloudHQ MCC2", "year": 2026, "type": "building", "county_id": 51153, "operator": "CloudHQ", "source_id": 996899489, "sqft": 351091.0, "state_abb": "VA"}}, {"type": "Feature", "geometry": {"type": "Point", "coordinates": [-77.53338365008187, 38.74305258344758]}, "properties": {"facility_id": "im3_1000784035_building", "facility_name": "Amazon Web Services", "year": 2026, "type": "building", "county_id": 51153, "operator": "Amazon Web Services", "source_id": 1000784035, "sqft": 112502.0, "state_abb": "VA"}}, {"type": "Feature", "geometry": {"type": "Point", "coordinates": [-77.47557114316258, 38.99807915433332]}, "properties": {"facility_id": "im3_1003348567_building", "facility_name": "QTS Ashburn-Shellhorn DC1", "year": 2026, "type": "building", "county_id": 51107, "operator": "Quality Technology Services", "source_id": 1003348567, "sqft": 156810.0, "state_abb": "VA"}}, {"type": "Feature", "geometry": {"type": "Point", "coordinates": [-77.55711533400657, 38.77885736291117]}, "properties": {"facility_id": "im3_1015995259_building", "facility_name": "Amazon IAD601", "year": 2026, "type": "building", "county_id": 51153, "operator": "Amazon Web Services", "source_id": 1015995259, "sqft": 14469.0, "state_abb": "VA"}}, {"type": "Feature", "geometry": {"type": "Point", "coordinates": [-77.4712911922763, 38.9958476154284]}, "properties": {"facility_id": "im3_1020877488_building", "facility_name": "Amazon Web Services", "year": 2026, "type": "building", "county_id": 51107, "operator": "Amazon Web Services", "source_id": 1020877488, "sqft": 131476.0, "state_abb": "VA"}}, {"type": "Feature", "geometry": {"type": "Point", "coordinates": [-77.47326247561796, 38.99660796472238]}, "properties": {"facility_id": "im3_1020877489_building", "facility_name": "Amazon Web Services", "year": 2026, "type": "building", "county_id": 51107, "operator": "Amazon Web Services", "source_id": 1020877489, "sqft": 131482.0, "state_abb": "VA"}}, {"type": "Feature", "geometry": {"type": "Point", "coordinates": [-77.48497952310191, 39.0046791526227]}, "properties": {"facility_id": "im3_1020953454_campus", "facility_name": "Digital Loudoun Plaza", "year": 2026, "type": "campus", "county_id": 51107, "source_id": 1020953454, "sqft": 686547.0, "state_abb": "VA"}}, {"type": "Feature", "geometry": {"type": "Point", "coordinates": [-77.48159549467017, 39.00169800147741]}, "properties": {"facility_id": "im3_1020953461_campus", "facility_name": "Digital Loudoun Plaza", "year": 2026, "type": "campus", "county_id": 51107, "source_id": 1020953461, "sqft": 2859895.0, "state_abb": "VA"}}, {"type": "Feature", "geometry": {"type": "Point", "coordinates": [-77.41779460624687, 38.98103411725457]}, "properties": {"facility_id": "im3_1022744244_campus", "facility_name": "AWS", "year": 2026, "type": "campus", "county_id": 51107, "source_id": 1022744244, "sqft": 1789925.0, "state_abb": "VA"}}, {"type": "Feature", "geometry": {"type": "Point", "coordinates": [-77.41110852642319, 38.98782988809138]}, "properties": {"facility_id": "im3_1022744248_campus", "facility_name": "AWS", "year": 2026, "type": "campus", "county_id": 51107, "source_id": 1022744248, "sqft": 1069380.0, "state_abb": "VA"}}, {"type": "Feature", "geometry": {"type": "Point", "coordinates": [-77.42605829279701, 38.981619328745744]}, "properties": {"facility_id": "im3_1022757169_campus", "facility_name": "AWS", "year": 2026, "type": "campus", "county_id": 51107, "source_id": 1022757169, "sqft": 1128056.0, "state_abb": "VA"}}, {"type": "Feature", "geometry": {"type": "Point", "coordinates": [-77.4257836910691, 38.98473223230382]}, "properties": {"facility_id": "im3_1022757170_campus", "facility_name": "Data Center (unnamed)", "year": 2026, "type": "campus", "county_id": 51107, "source_id": 1022757170, "sqft": 384105.0, "state_abb": "VA"}}, {"type": "Feature", "geometry": {"type": "Point", "coordinates": [-77.44944907275473, 39.00571934215422]}, "properties": {"facility_id": "im3_1025002889_building", "facility_name": "Digital Realty IAD42", "year": 2026, "type": "building", "county_id": 51107, "operator": "Digital Realty", "source_id": 1025002889, "sqft": 218174.0, "state_abb": "VA"}}, {"type": "Feature", "geometry": {"type": "Point", "coordinates": [-77.23380499305182, 37.481963263600264]}, "properties": {"facility_id": "im3_1030970564_building", "facility_name": "Meta Henrico Data Center", "year": 2026, "type": "building", "county_id": 51087, "operator": "Meta", "source_id": 1030970564, "sqft": 327920.0, "state_abb": "VA"}}, {"type": "Feature", "geometry": {"type": "Point", "coordinates": [-77.43777001853674, 39.015262930158144]}, "properties": {"facility_id": "im3_1037871048_building", "facility_name": "Amazon IAD601", "year": 2026, "type": "building", "county_id": 51107, "operator": "Amazon Web Services", "source_id": 1037871048, "sqft": 14384.0, "state_abb": "VA"}}, {"type": "Feature", "geometry": {"type": "Point", "coordinates": [-77.53332238839505, 38.74428601144499]}, "properties": {"facility_id": "im3_1059030596_building", "facility_name": "Amazon Web Services", "year": 2026, "type": "building", "county_id": 51153, "operator": "Amazon Web Services", "source_id": 1059030596, "sqft": 111697.0, "state_abb": "VA"}}, {"type": "Feature", "geometry": {"type": "Point", "coordinates": [-77.53750921534285, 38.745958588783616]}, "properties": {"facility_id": "im3_1059036248_building", "facility_name": "Data Center (unnamed)", "year": 2026, "type": "building", "county_id": 51153, "source_id": 1059036248, "sqft": 257960.0, "state_abb": "VA"}}, {"type": "Feature", "geometry": {"type": "Point", "coordinates": [-77.53062487747106, 38.74388634728904]}, "properties": {"facility_id": "im3_1059037050_building", "facility_name": "COPT Innovation Park Data Center", "year": 2026, "type": "building", "county_id": 51153, "operator": "Amazon Web Services", "source_id": 1059037050, "sqft": 149206.0, "state_abb": "VA"}}, {"type": "Feature", "geometry": {"type": "Point", "coordinates": [-77.5291961000727, 38.74405494832178]}, "properties": {"facility_id": "im3_1059037051_building", "facility_name": "COPT Data Center Bldg 2", "year": 2026, "type": "building", "county_id": 51153, "operator": "Amazon Web Services", "source_id": 1059037051, "sqft": 104114.0, "state_abb": "VA"}}, {"type": "Feature", "geometry": {"type": "Point", "coordinates": [-77.45200064122655, 39.01674414789713]}, "properties": {"facility_id": "im3_1088203906_building", "facility_name": "Amazon Web Services", "year": 2026, "type": "building", "county_id": 51107, "operator": "Amazon Web Services", "source_id": 1088203906, "sqft": 96372.0, "state_abb": "VA"}}, {"type": "Feature", "geometry": {"type": "Point", "coordinates": [-77.45314511765301, 39.01588594875254]}, "properties": {"facility_id": "im3_1088203907_building", "facility_name": "Amazon Web Services", "year": 2026, "type": "building", "county_id": 51107, "operator": "Amazon Web Services", "source_id": 1088203907, "sqft": 96367.0, "state_abb": "VA"}}, {"type": "Feature", "geometry": {"type": "Point", "coordinates": [-77.47518883996233, 39.01041104054181]}, "properties": {"facility_id": "im3_1088241977_building", "facility_name": "Aligned IAD02", "year": 2026, "type": "building", "county_id": 51107, "operator": "Aligned", "source_id": 1088241977, "sqft": 208188.0, "state_abb": "VA"}}, {"type": "Feature", "geometry": {"type": "Point", "coordinates": [-77.51744670998576, 38.75469273948548]}, "properties": {"facility_id": "im3_1090837713_building", "facility_name": "QTS Manassas DC5", "year": 2026, "type": "building", "county_id": 51153, "operator": "Quality Technology Services", "source_id": 1090837713, "sqft": 153531.0, "state_abb": "VA"}}, {"type": "Feature", "geometry": {"type": "Point", "coordinates": [-77.41749033094966, 38.97955740282415]}, "properties": {"facility_id": "im3_1106454555_building", "facility_name": "Amazon Web Services", "year": 2026, "type": "building", "county_id": 51107, "operator": "Amazon Web Services", "source_id": 1106454555, "sqft": 132491.0, "state_abb": "VA"}}, {"type": "Feature", "geometry": {"type": "Point", "coordinates": [-77.45232686183614, 39.02425729354276]}, "properties": {"facility_id": "im3_1123249721_building", "facility_name": "Equinix Ashburn DC16", "year": 2026, "type": "building", "county_id": 51107, "operator": "Equinix", "source_id": 1123249721, "sqft": 87843.0, "state_abb": "VA"}}, {"type": "Feature", "geometry": {"type": "Point", "coordinates": [-77.5559109545917, 38.94825818613084]}, "properties": {"facility_id": "im3_1124864831_building", "facility_name": "Microsoft IAD11", "year": 2026, "type": "building", "county_id": 51107, "operator": "Microsoft", "source_id": 1124864831, "sqft": 242344.0, "state_abb": "VA"}}, {"type": "Feature", "geometry": {"type": "Point", "coordinates": [-77.56077132424072, 39.06964742434577]}, "properties": {"facility_id": "im3_1128589933_building", "facility_name": "Data Center (unnamed)", "year": 2026, "type": "building", "county_id": 51107, "source_id": 1128589933, "sqft": 242639.0, "state_abb": "VA"}}, {"type": "Feature", "geometry": {"type": "Point", "coordinates": [-77.55943345346945, 39.0696544548206]}, "properties": {"facility_id": "im3_1128589934_building", "facility_name": "Data Center (unnamed)", "year": 2026, "type": "building", "county_id": 51107, "source_id": 1128589934, "sqft": 247061.0, "state_abb": "VA"}}, {"type": "Feature", "geometry": {"type": "Point", "coordinates": [-77.22645499748526, 37.47784537590615]}, "properties": {"facility_id": "im3_1132541700_building", "facility_name": "Meta Henrico Data Center", "year": 2026, "type": "building", "county_id": 51087, "operator": "Meta", "source_id": 1132541700, "sqft": 604696.0, "state_abb": "VA"}}, {"type": "Feature", "geometry": {"type": "Point", "coordinates": [-77.3640040682946, 38.95145144209857]}, "properties": {"facility_id": "im3_1134104431_building", "facility_name": "CoreSite Reston Campus VA2", "year": 2026, "type": "building", "county_id": 51059, "operator": "CoreSite", "source_id": 1134104431, "sqft": 40517.0, "state_abb": "VA"}}, {"type": "Feature", "geometry": {"type": "Point", "coordinates": [-77.51947530248223, 38.747595868302135]}, "properties": {"facility_id": "im3_1134911640_building", "facility_name": "AWS IAD105", "year": 2026, "type": "building", "county_id": 51153, "operator": "Amazon Web Services", "source_id": 1134911640, "sqft": 214270.0, "state_abb": "VA"}}, {"type": "Feature", "geometry": {"type": "Point", "coordinates": [-77.52070480173404, 38.748373835423195]}, "properties": {"facility_id": "im3_1134911641_building", "facility_name": "AWS IAD104", "year": 2026, "type": "building", "county_id": 51153, "operator": "Amazon Web Services", "source_id": 1134911641, "sqft": 214258.0, "state_abb": "VA"}}, {"type": "Feature", "geometry": {"type": "Point", "coordinates": [-77.51311070311338, 38.75251711498091]}, "properties": {"facility_id": "im3_1134911642_building", "facility_name": "QTS Manassas DC1", "year": 2026, "type": "building", "county_id": 51153, "operator": "Quality Technology Services", "source_id": 1134911642, "sqft": 123471.0, "state_abb": "VA"}}, {"type": "Feature", "geometry": {"type": "Point", "coordinates": [-77.41990459458856, 38.97914745231349]}, "properties": {"facility_id": "im3_1161094246_building", "facility_name": "Amazon Web Services", "year": 2026, "type": "building", "county_id": 51107, "operator": "Amazon Web Services", "source_id": 1161094246, "sqft": 129566.0, "state_abb": "VA"}}, {"type": "Feature", "geometry": {"type": "Point", "coordinates": [-77.49759322033701, 38.95733457436757]}, "properties": {"facility_id": "im3_1161730862_campus", "facility_name": "Data Center (unnamed)", "year": 2026, "type": "campus", "county_id": 51107, "source_id": 1161730862, "sqft": 1524370.0, "state_abb": "VA"}}, {"type": "Feature", "geometry": {"type": "Point", "coordinates": [-77.52742942359154, 38.941821463981825]}, "properties": {"facility_id": "im3_1173770902_building", "facility_name": "Google: Arcola 2", "year": 2026, "type": "building", "county_id": 51107, "operator": "Google", "source_id": 1173770902, "sqft": 289889.0, "state_abb": "VA"}}, {"type": "Feature", "geometry": {"type": "Point", "coordinates": [-77.41935734925377, 38.981546018635534]}, "properties": {"facility_id": "im3_1177893426_building", "facility_name": "Amazon IAD603", "year": 2026, "type": "building", "county_id": 51107, "operator": "Amazon Web Services", "source_id": 1177893426, "sqft": 14733.0, "state_abb": "VA"}}, {"type": "Feature", "geometry": {"type": "Point", "coordinates": [-77.49567435184785, 38.91725619520494]}, "properties": {"facility_id": "im3_1181391920_building", "facility_name": "Amazon IAD86", "year": 2026, "type": "building", "county_id": 51107, "operator": "Amazon Web Services", "source_id": 1181391920, "sqft": 150112.0, "state_abb": "VA"}}, {"type": "Feature", "geometry": {"type": "Point", "coordinates": [-77.51930184592597, 38.76036060090534]}, "properties": {"facility_id": "im3_1181391921_building", "facility_name": "Amazon IAD130", "year": 2026, "type": "building", "county_id": 51153, "operator": "Amazon Web Services", "source_id": 1181391921, "sqft": 103128.0, "state_abb": "VA"}}, {"type": "Feature", "geometry": {"type": "Point", "coordinates": [-77.51822099585065, 38.76110475090396]}, "properties": {"facility_id": "im3_1181391922_building", "facility_name": "Amazon IAD131", "year": 2026, "type": "building", "county_id": 51153, "operator": "Amazon Web Services", "source_id": 1181391922, "sqft": 104697.0, "state_abb": "VA"}}, {"type": "Feature", "geometry": {"type": "Point", "coordinates": [-77.47426402852584, 38.99877154862717]}, "properties": {"facility_id": "im3_1188680247_building", "facility_name": "QTS Ashburn-Shellhorn DC2", "year": 2026, "type": "building", "county_id": 51107, "operator": "Quality Technology Services", "source_id": 1188680247, "sqft": 152471.0, "state_abb": "VA"}}, {"type": "Feature", "geometry": {"type": "Point", "coordinates": [-77.45518312796617, 38.995355290859365]}, "properties": {"facility_id": "im3_1188680253_building", "facility_name": "QTS Ashburn Lockridge", "year": 2026, "type": "building", "county_id": 51107, "operator": "Quality Technology Services", "source_id": 1188680253, "sqft": 153253.0, "state_abb": "VA"}}, {"type": "Feature", "geometry": {"type": "Point", "coordinates": [-77.45688789743473, 38.995198628642754]}, "properties": {"facility_id": "im3_1188680254_building", "facility_name": "QTS Ashburn Lockridge", "year": 2026, "type": "building", "county_id": 51107, "operator": "Quality Technology Services", "source_id": 1188680254, "sqft": 135570.0, "state_abb": "VA"}}, {"type": "Feature", "geometry": {"type": "Point", "coordinates": [-77.4348013050765, 38.989553544254186]}, "properties": {"facility_id": "im3_1188680255_building", "facility_name": "Amazon IAD192", "year": 2026, "type": "building", "county_id": 51107, "operator": "Amazon Web Services", "source_id": 1188680255, "sqft": 132942.0, "state_abb": "VA"}}, {"type": "Feature", "geometry": {"type": "Point", "coordinates": [-77.47326655981455, 39.01710249054327]}, "properties": {"facility_id": "im3_1188691867_building", "facility_name": "Data Center (unnamed)", "year": 2026, "type": "building", "county_id": 51107, "source_id": 1188691867, "sqft": 91264.0, "state_abb": "VA"}}, {"type": "Feature", "geometry": {"type": "Point", "coordinates": [-77.47553126117117, 39.02019007893849]}, "properties": {"facility_id": "im3_1188691868_building", "facility_name": "NTT Ashburn VA8 Data Centre", "year": 2026, "type": "building", "county_id": 51107, "operator": "NTT", "source_id": 1188691868, "sqft": 111241.0, "state_abb": "VA"}}, {"type": "Feature", "geometry": {"type": "Point", "coordinates": [-77.48182767102682, 39.017878446923135]}, "properties": {"facility_id": "im3_1188691869_building", "facility_name": "DataBank Ashburn IAD3", "year": 2026, "type": "building", "county_id": 51107, "operator": "Databank", "source_id": 1188691869, "sqft": 146234.0, "state_abb": "VA"}}, {"type": "Feature", "geometry": {"type": "Point", "coordinates": [-77.45046549748376, 39.01957792722464]}, "properties": {"facility_id": "im3_1188715508_building", "facility_name": "PowerHouse ABX-1", "year": 2026, "type": "building", "county_id": 51107, "operator": "PowerHouse", "source_id": 1188715508, "sqft": 131309.0, "state_abb": "VA"}}, {"type": "Feature", "geometry": {"type": "Point", "coordinates": [-77.45947386528228, 39.01794777387917]}, "properties": {"facility_id": "im3_1188715510_building", "facility_name": "Data Center (unnamed)", "year": 2026, "type": "building", "county_id": 51107, "source_id": 1188715510, "sqft": 158127.0, "state_abb": "VA"}}, {"type": "Feature", "geometry": {"type": "Point", "coordinates": [-77.51852812758843, 38.74697497598997]}, "properties": {"facility_id": "im3_1221862807_building", "facility_name": "AWS IAD106", "year": 2026, "type": "building", "county_id": 51153, "operator": "Amazon Web Services", "source_id": 1221862807, "sqft": 205206.0, "state_abb": "VA"}}, {"type": "Feature", "geometry": {"type": "Point", "coordinates": [-77.52358042964754, 38.94913486865636]}, "properties": {"facility_id": "im3_1222134968_building", "facility_name": "Amazon Web Services", "year": 2026, "type": "building", "county_id": 51107, "operator": "Amazon Web Services", "source_id": 1222134968, "sqft": 14235.0, "state_abb": "VA"}}, {"type": "Feature", "geometry": {"type": "Point", "coordinates": [-77.51061642582921, 38.803345027236205]}, "properties": {"facility_id": "im3_1227539675_campus", "facility_name": "Equinix DC14", "year": 2026, "type": "campus", "county_id": 51153, "operator": "Equinix", "source_id": 1227539675, "sqft": 222846.0, "state_abb": "VA"}}, {"type": "Feature", "geometry": {"type": "Point", "coordinates": [-77.50407510523524, 38.73698426710412]}, "properties": {"facility_id": "im3_1227612684_building", "facility_name": "Amazon IAD103", "year": 2026, "type": "building", "county_id": 51153, "operator": "Amazon Web Services", "source_id": 1227612684, "sqft": 141914.0, "state_abb": "VA"}}, {"type": "Feature", "geometry": {"type": "Point", "coordinates": [-77.49512778426042, 38.714970310843384]}, "properties": {"facility_id": "im3_1227614670_building", "facility_name": "CloudHQ MCC3", "year": 2026, "type": "building", "county_id": 51153, "operator": "CloudHQ", "source_id": 1227614670, "sqft": 122891.0, "state_abb": "VA"}}, {"type": "Feature", "geometry": {"type": "Point", "coordinates": [-77.43985079751437, 39.00310829243192]}, "properties": {"facility_id": "im3_1227777116_building", "facility_name": "Vantage VA13", "year": 2026, "type": "building", "county_id": 51107, "operator": "Vantage Data Centers", "source_id": 1227777116, "sqft": 261859.0, "state_abb": "VA"}}, {"type": "Feature", "geometry": {"type": "Point", "coordinates": [-77.45247339430483, 38.90434587232984]}, "properties": {"facility_id": "im3_1252196797_building", "facility_name": "Amazon Web Services", "year": 2026, "type": "building", "county_id": 51059, "operator": "Amazon Web Services", "source_id": 1252196797, "sqft": 120946.0, "state_abb": "VA"}}, {"type": "Feature", "geometry": {"type": "Point", "coordinates": [-77.45475996912757, 38.90483706376053]}, "properties": {"facility_id": "im3_1252196798_building", "facility_name": "Amazon Web Services", "year": 2026, "type": "building", "county_id": 51059, "operator": "Amazon Web Services", "source_id": 1252196798, "sqft": 118988.0, "state_abb": "VA"}}, {"type": "Feature", "geometry": {"type": "Point", "coordinates": [-77.49055174718535, 38.915904671232965]}, "properties": {"facility_id": "im3_1252196799_building", "facility_name": "Amazon Web Services", "year": 2026, "type": "building", "county_id": 51107, "operator": "Amazon Web Services", "source_id": 1252196799, "sqft": 87645.0, "state_abb": "VA"}}, {"type": "Feature", "geometry": {"type": "Point", "coordinates": [-77.49097634789652, 38.91498995679571]}, "properties": {"facility_id": "im3_1252196800_building", "facility_name": "Amazon Web Services", "year": 2026, "type": "building", "county_id": 51107, "operator": "Amazon Web Services", "source_id": 1252196800, "sqft": 13879.0, "state_abb": "VA"}}, {"type": "Feature", "geometry": {"type": "Point", "coordinates": [-77.58252358239119, 38.776122951150654]}, "properties": {"facility_id": "im3_1252196815_building", "facility_name": "Google", "year": 2026, "type": "building", "county_id": 51153, "operator": "Google", "source_id": 1252196815, "sqft": 289731.0, "state_abb": "VA"}}, {"type": "Feature", "geometry": {"type": "Point", "coordinates": [-77.51721534270156, 38.74614581949864]}, "properties": {"facility_id": "im3_1252196825_building", "facility_name": "Amazon Web Services", "year": 2026, "type": "building", "county_id": 51153, "operator": "Amazon Web Services", "source_id": 1252196825, "sqft": 212702.0, "state_abb": "VA"}}, {"type": "Feature", "geometry": {"type": "Point", "coordinates": [-77.48579976531855, 38.92131351222202]}, "properties": {"facility_id": "im3_1252196826_building", "facility_name": "Amazon Web Services", "year": 2026, "type": "building", "county_id": 51107, "operator": "Amazon Web Services", "source_id": 1252196826, "sqft": 133944.0, "state_abb": "VA"}}, {"type": "Feature", "geometry": {"type": "Point", "coordinates": [-77.47107161222901, 38.99509407061763]}, "properties": {"facility_id": "im3_1253282099_building", "facility_name": "Amazon Web Services", "year": 2026, "type": "building", "county_id": 51107, "operator": "Amazon Web Services", "source_id": 1253282099, "sqft": 14683.0, "state_abb": "VA"}}, {"type": "Feature", "geometry": {"type": "Point", "coordinates": [-77.50398435557676, 38.740435867935545]}, "properties": {"facility_id": "im3_1269259655_building", "facility_name": "Data Center (unnamed)", "year": 2026, "type": "building", "county_id": 51683, "source_id": 1269259655, "sqft": 95987.0, "state_abb": "VA"}}, {"type": "Feature", "geometry": {"type": "Point", "coordinates": [-77.435175737807, 38.986526005508]}, "properties": {"facility_id": "im3_1276518679_building", "facility_name": "Amazon IAD214", "year": 2026, "type": "building", "county_id": 51107, "operator": "Amazon Web Services", "source_id": 1276518679, "sqft": 113421.0, "state_abb": "VA"}}, {"type": "Feature", "geometry": {"type": "Point", "coordinates": [-77.4407518987356, 38.98862094741784]}, "properties": {"facility_id": "im3_1276518684_building", "facility_name": "Aligned IAD03", "year": 2026, "type": "building", "county_id": 51107, "operator": "Aligned", "source_id": 1276518684, "sqft": 79844.0, "state_abb": "VA"}}, {"type": "Feature", "geometry": {"type": "Point", "coordinates": [-77.43393215610038, 38.99226912328289]}, "properties": {"facility_id": "im3_1276518687_building", "facility_name": "Digital Realty IAD55", "year": 2026, "type": "building", "county_id": 51107, "operator": "Digital Realty", "source_id": 1276518687, "sqft": 85319.0, "state_abb": "VA"}}, {"type": "Feature", "geometry": {"type": "Point", "coordinates": [-77.5202261632775, 38.94736148494224]}, "properties": {"facility_id": "im3_1280340212_building", "facility_name": "Amazon Web Services", "year": 2026, "type": "building", "county_id": 51107, "operator": "Amazon Web Services", "source_id": 1280340212, "sqft": 13569.0, "state_abb": "VA"}}, {"type": "Feature", "geometry": {"type": "Point", "coordinates": [-77.41752673157097, 38.98357495375973]}, "properties": {"facility_id": "im3_1280340213_building", "facility_name": "Amazon Web Services", "year": 2026, "type": "building", "county_id": 51107, "operator": "Amazon Web Services", "source_id": 1280340213, "sqft": 14079.0, "state_abb": "VA"}}, {"type": "Feature", "geometry": {"type": "Point", "coordinates": [-77.6221271999352, 38.80289734729966]}, "properties": {"facility_id": "im3_1280340214_building", "facility_name": "Amazon Web Services", "year": 2026, "type": "building", "county_id": 51153, "operator": "Amazon Web Services", "source_id": 1280340214, "sqft": 129225.0, "state_abb": "VA"}}, {"type": "Feature", "geometry": {"type": "Point", "coordinates": [-77.53309395336687, 38.7451198113642]}, "properties": {"facility_id": "im3_1280340215_building", "facility_name": "Amazon Web Services", "year": 2026, "type": "building", "county_id": 51153, "operator": "Amazon Web Services", "source_id": 1280340215, "sqft": 14507.0, "state_abb": "VA"}}, {"type": "Feature", "geometry": {"type": "Point", "coordinates": [-77.65433143122239, 38.81459760122616]}, "properties": {"facility_id": "im3_1280340216_building", "facility_name": "Amazon Web Services", "year": 2026, "type": "building", "county_id": 51153, "operator": "Amazon Web Services", "source_id": 1280340216, "sqft": 14389.0, "state_abb": "VA"}}, {"type": "Feature", "geometry": {"type": "Point", "coordinates": [-77.65215913005484, 38.81696824406837]}, "properties": {"facility_id": "im3_1280340217_building", "facility_name": "Amazon Web Services", "year": 2026, "type": "building", "county_id": 51153, "operator": "Amazon Web Services", "source_id": 1280340217, "sqft": 149332.0, "state_abb": "VA"}}, {"type": "Feature", "geometry": {"type": "Point", "coordinates": [-77.54520013096746, 38.77550687563078]}, "properties": {"facility_id": "im3_1283698132_building", "facility_name": "Iron Mountain VA-3", "year": 2026, "type": "building", "county_id": 51153, "source_id": 1283698132, "sqft": 181174.0, "state_abb": "VA"}}, {"type": "Feature", "geometry": {"type": "Point", "coordinates": [-77.58562711780785, 38.7744165289811]}, "properties": {"facility_id": "im3_1287260553_building", "facility_name": "Google", "year": 2026, "type": "building", "county_id": 51153, "operator": "Google", "source_id": 1287260553, "sqft": 289621.0, "state_abb": "VA"}}, {"type": "Feature", "geometry": {"type": "Point", "coordinates": [-77.62121027768342, 38.80185736221658]}, "properties": {"facility_id": "im3_1287260554_building", "facility_name": "Amazon Web Services", "year": 2026, "type": "building", "county_id": 51153, "operator": "Amazon Web Services", "source_id": 1287260554, "sqft": 127010.0, "state_abb": "VA"}}, {"type": "Feature", "geometry": {"type": "Point", "coordinates": [-77.62048061962223, 38.80125678726276]}, "properties": {"facility_id": "im3_1287260555_building", "facility_name": "Amazon Web Services", "year": 2026, "type": "building", "county_id": 51153, "operator": "Amazon Web Services", "source_id": 1287260555, "sqft": 130170.0, "state_abb": "VA"}}, {"type": "Feature", "geometry": {"type": "Point", "coordinates": [-77.54222100424613, 38.77442331044019]}, "properties": {"facility_id": "im3_1287260556_building", "facility_name": "Iron Mountain VA-4", "year": 2026, "type": "building", "county_id": 51153, "source_id": 1287260556, "sqft": 89044.0, "state_abb": "VA"}}, {"type": "Feature", "geometry": {"type": "Point", "coordinates": [-77.54116863541392, 38.77304294726684]}, "properties": {"facility_id": "im3_1287260557_building", "facility_name": "Iron Mountain VA-5", "year": 2026, "type": "building", "county_id": 51153, "source_id": 1287260557, "sqft": 106629.0, "state_abb": "VA"}}, {"type": "Feature", "geometry": {"type": "Point", "coordinates": [-77.51079702257591, 38.75319464399268]}, "properties": {"facility_id": "im3_1287260558_building", "facility_name": "QTS Manassas DC2", "year": 2026, "type": "building", "county_id": 51153, "operator": "Quality Technology Services", "source_id": 1287260558, "sqft": 137971.0, "state_abb": "VA"}}, {"type": "Feature", "geometry": {"type": "Point", "coordinates": [-77.51665238523324, 38.758875222417394]}, "properties": {"facility_id": "im3_1287260559_building", "facility_name": "Data Center (unnamed)", "year": 2026, "type": "building", "county_id": 51153, "source_id": 1287260559, "sqft": 139592.0, "state_abb": "VA"}}, {"type": "Feature", "geometry": {"type": "Point", "coordinates": [-77.53829965963824, 39.042552536948456]}, "properties": {"facility_id": "im3_1292897241_building", "facility_name": "42311 THUNDERBALL DR", "year": 2026, "type": "building", "county_id": 51107, "operator": "True North Data Solutions", "source_id": 1292897241, "sqft": 40683.0, "state_abb": "VA"}}, {"type": "Feature", "geometry": {"type": "Point", "coordinates": [-77.53922373708994, 39.04162316420013]}, "properties": {"facility_id": "im3_1292897242_building", "facility_name": "42255 THUNDERBALL DR", "year": 2026, "type": "building", "county_id": 51107, "operator": "True North Data Solutions", "source_id": 1292897242, "sqft": 60458.0, "state_abb": "VA"}}, {"type": "Feature", "geometry": {"type": "Point", "coordinates": [-77.54087429950766, 39.04350173521111]}, "properties": {"facility_id": "im3_1292897243_building", "facility_name": "42254 THUNDERBALL DR", "year": 2026, "type": "building", "county_id": 51107, "operator": "True North Data Solutions", "source_id": 1292897243, "sqft": 77498.0, "state_abb": "VA"}}, {"type": "Feature", "geometry": {"type": "Point", "coordinates": [-77.55898682593282, 38.94801698707017]}, "properties": {"facility_id": "im3_1301654223_building", "facility_name": "Data Center (unnamed)", "year": 2026, "type": "building", "county_id": 51107, "source_id": 1301654223, "sqft": 130181.0, "state_abb": "VA"}}, {"type": "Feature", "geometry": {"type": "Point", "coordinates": [-77.55887032015698, 38.95006466711818]}, "properties": {"facility_id": "im3_1301654224_building", "facility_name": "Data Center (unnamed)", "year": 2026, "type": "building", "county_id": 51107, "source_id": 1301654224, "sqft": 130174.0, "state_abb": "VA"}}, {"type": "Feature", "geometry": {"type": "Point", "coordinates": [-77.53864812619635, 38.76814288611768]}, "properties": {"facility_id": "im3_1304357577_building", "facility_name": "Iron Mountain VA-6", "year": 2026, "type": "building", "county_id": 51153, "source_id": 1304357577, "sqft": 181918.0, "state_abb": "VA"}}, {"type": "Feature", "geometry": {"type": "Point", "coordinates": [-77.4595379709394, 39.01519834588525]}, "properties": {"facility_id": "im3_1309123033_building", "facility_name": "Equinix Ashburn DC6", "year": 2026, "type": "building", "county_id": 51107, "operator": "Equinix", "source_id": 1309123033, "sqft": 70526.0, "state_abb": "VA"}}, {"type": "Feature", "geometry": {"type": "Point", "coordinates": [-77.46188736227928, 39.016407623551665]}, "properties": {"facility_id": "im3_1309123034_building", "facility_name": "Equinix Ashburn DC4", "year": 2026, "type": "building", "county_id": 51107, "operator": "Equinix", "source_id": 1309123034, "sqft": 101052.0, "state_abb": "VA"}}, {"type": "Feature", "geometry": {"type": "Point", "coordinates": [-77.49143162866764, 38.96085555401278]}, "properties": {"facility_id": "im3_1317733642_building", "facility_name": "Digital Realty Northern Virginia IAD44", "year": 2026, "type": "building", "county_id": 51107, "operator": "Digital Realty", "source_id": 1317733642, "sqft": 399540.0, "state_abb": "VA"}}, {"type": "Feature", "geometry": {"type": "Point", "coordinates": [-77.5495090011084, 38.94986181026408]}, "properties": {"facility_id": "im3_1319637945_building", "facility_name": "Data Center (unnamed)", "year": 2026, "type": "building", "county_id": 51107, "source_id": 1319637945, "sqft": 172204.0, "state_abb": "VA"}}, {"type": "Feature", "geometry": {"type": "Point", "coordinates": [-77.54975704380365, 39.05842724907653]}, "properties": {"facility_id": "im3_1333205262_building", "facility_name": "Data Center (unnamed)", "year": 2026, "type": "building", "county_id": 51107, "source_id": 1333205262, "sqft": 200169.0, "state_abb": "VA"}}, {"type": "Feature", "geometry": {"type": "Point", "coordinates": [-77.55856949362979, 39.066015331021106]}, "properties": {"facility_id": "im3_1333205263_building", "facility_name": "Data Center (unnamed)", "year": 2026, "type": "building", "county_id": 51107, "source_id": 1333205263, "sqft": 153155.0, "state_abb": "VA"}}, {"type": "Feature", "geometry": {"type": "Point", "coordinates": [-77.42787142077401, 38.92277280028818]}, "properties": {"facility_id": "im3_1343764880_building", "facility_name": "Data Center (unnamed)", "year": 2026, "type": "building", "county_id": 51059, "source_id": 1343764880, "sqft": 135479.0, "state_abb": "VA"}}, {"type": "Feature", "geometry": {"type": "Point", "coordinates": [-77.42655352213022, 38.921124573021366]}, "properties": {"facility_id": "im3_1343764881_building", "facility_name": "Data Center (unnamed)", "year": 2026, "type": "building", "county_id": 51059, "source_id": 1343764881, "sqft": 130413.0, "state_abb": "VA"}}, {"type": "Feature", "geometry": {"type": "Point", "coordinates": [-77.42630675543383, 38.9226915826871]}, "properties": {"facility_id": "im3_1343764882_building", "facility_name": "Data Center (unnamed)", "year": 2026, "type": "building", "county_id": 51059, "source_id": 1343764882, "sqft": 132753.0, "state_abb": "VA"}}, {"type": "Feature", "geometry": {"type": "Point", "coordinates": [-77.47494238152574, 38.998536773549944]}, "properties": {"facility_id": "im3_1343769701_campus", "facility_name": "QTS Ashburn-Shellhorn", "year": 2026, "type": "campus", "county_id": 51107, "source_id": 1343769701, "sqft": 829536.0, "state_abb": "VA"}}, {"type": "Feature", "geometry": {"type": "Point", "coordinates": [-77.46211284959409, 39.01071824022996]}, "properties": {"facility_id": "im3_1343774537_campus", "facility_name": "CloudHQ Ashburn Campus", "year": 2026, "type": "campus", "county_id": 51107, "source_id": 1343774537, "sqft": 1553192.0, "state_abb": "VA"}}, {"type": "Feature", "geometry": {"type": "Point", "coordinates": [-77.46077416535871, 39.00044576934913]}, "properties": {"facility_id": "im3_1344901567_building", "facility_name": "Data Center (unnamed)", "year": 2026, "type": "building", "county_id": 51107, "source_id": 1344901567, "sqft": 128835.0, "state_abb": "VA"}}, {"type": "Feature", "geometry": {"type": "Point", "coordinates": [-77.46086691565762, 38.99911305239166]}, "properties": {"facility_id": "im3_1344901568_building", "facility_name": "Data Center (unnamed)", "year": 2026, "type": "building", "county_id": 51107, "source_id": 1344901568, "sqft": 130571.0, "state_abb": "VA"}}, {"type": "Feature", "geometry": {"type": "Point", "coordinates": [-77.4302535156073, 38.99795881011448]}, "properties": {"facility_id": "im3_1344901575_building", "facility_name": "Vantage VA2", "year": 2026, "type": "building", "county_id": 51107, "source_id": 1344901575, "sqft": 187488.0, "state_abb": "VA"}}, {"type": "Feature", "geometry": {"type": "Point", "coordinates": [-77.82624892405599, 38.73721263324728]}, "properties": {"facility_id": "im3_1380114462_building", "facility_name": "Data Center (unnamed)", "year": 2026, "type": "building", "county_id": 51061, "source_id": 1380114462, "sqft": 59703.0, "state_abb": "VA"}}, {"type": "Feature", "geometry": {"type": "Point", "coordinates": [-77.82580618898835, 38.73822200703171]}, "properties": {"facility_id": "im3_1380114463_building", "facility_name": "Data Center (unnamed)", "year": 2026, "type": "building", "county_id": 51061, "source_id": 1380114463, "sqft": 107125.0, "state_abb": "VA"}}, {"type": "Feature", "geometry": {"type": "Point", "coordinates": [-77.47199251742943, 39.002357506539106]}, "properties": {"facility_id": "im3_1381994242_building", "facility_name": "Data Center (operator: CloudHQ)", "year": 2026, "type": "building", "county_id": 51107, "operator": "CloudHQ", "source_id": 1381994242, "sqft": 460596.0, "state_abb": "VA"}}, {"type": "Feature", "geometry": {"type": "Point", "coordinates": [-77.53741191978271, 39.04372564306367]}, "properties": {"facility_id": "im3_1387391200_campus", "facility_name": "True North Data Centers", "year": 2026, "type": "campus", "county_id": 51107, "operator": "True North Data Solutions", "source_id": 1387391200, "sqft": 4583218.0, "state_abb": "VA"}}, {"type": "Feature", "geometry": {"type": "Point", "coordinates": [-77.53799755610363, 39.04424691818141]}, "properties": {"facility_id": "im3_1387391201_building", "facility_name": "TikTok Data Center", "year": 2026, "type": "building", "county_id": 51107, "operator": "True North Data Solutions", "source_id": 1387391201, "sqft": 169768.0, "state_abb": "VA"}}, {"type": "Feature", "geometry": {"type": "Point", "coordinates": [-77.42497941796181, 38.92310082624394]}, "properties": {"facility_id": "im3_1426663252_building", "facility_name": "Data Center (unnamed)", "year": 2026, "type": "building", "county_id": 51059, "source_id": 1426663252, "sqft": 113584.0, "state_abb": "VA"}}, {"type": "Feature", "geometry": {"type": "Point", "coordinates": [-77.42469054341261, 38.936479140978506]}, "properties": {"facility_id": "im3_1426663253_building", "facility_name": "Data Center (unnamed)", "year": 2026, "type": "building", "county_id": 51059, "source_id": 1426663253, "sqft": 131768.0, "state_abb": "VA"}}, {"type": "Feature", "geometry": {"type": "Point", "coordinates": [-77.46040491955637, 39.01121179839231]}, "properties": {"facility_id": "im3_1443187163_building", "facility_name": "CloudHQ LC3", "year": 2026, "type": "building", "county_id": 51107, "source_id": 1443187163, "sqft": 241208.0, "state_abb": "VA"}}, {"type": "Feature", "geometry": {"type": "Point", "coordinates": [-77.54733847235092, 39.05599415738426]}, "properties": {"facility_id": "im3_1443922527_building", "facility_name": "Data Center (unnamed)", "year": 2026, "type": "building", "county_id": 51107, "source_id": 1443922527, "sqft": 149008.0, "state_abb": "VA"}}, {"type": "Feature", "geometry": {"type": "Point", "coordinates": [-77.54673255066474, 39.05781905081905]}, "properties": {"facility_id": "im3_1443922528_building", "facility_name": "Data Center (unnamed)", "year": 2026, "type": "building", "county_id": 51107, "source_id": 1443922528, "sqft": 106352.0, "state_abb": "VA"}}, {"type": "Feature", "geometry": {"type": "Point", "coordinates": [-77.56511220760098, 39.08219102890557]}, "properties": {"facility_id": "im3_1443922535_building", "facility_name": "Data Center (unnamed)", "year": 2026, "type": "building", "county_id": 51107, "source_id": 1443922535, "sqft": 200733.0, "state_abb": "VA"}}, {"type": "Feature", "geometry": {"type": "Point", "coordinates": [-77.58337970648039, 38.79995610690815]}, "properties": {"facility_id": "im3_1447029365_building", "facility_name": "Microsoft Data Center 2", "year": 2026, "type": "building", "county_id": 51153, "operator": "Microsoft", "source_id": 1447029365, "sqft": 247070.0, "state_abb": "VA"}}, {"type": "Feature", "geometry": {"type": "Point", "coordinates": [-77.54482173192463, 39.05526150263189]}, "properties": {"facility_id": "im3_1460776170_building", "facility_name": "Data Center (unnamed)", "year": 2026, "type": "building", "county_id": 51107, "source_id": 1460776170, "sqft": 139936.0, "state_abb": "VA"}}, {"type": "Feature", "geometry": {"type": "Point", "coordinates": [-77.54599489429808, 39.05412168578732]}, "properties": {"facility_id": "im3_1460776171_building", "facility_name": "Data Center (unnamed)", "year": 2026, "type": "building", "county_id": 51107, "source_id": 1460776171, "sqft": 116829.0, "state_abb": "VA"}}, {"type": "Feature", "geometry": {"type": "Point", "coordinates": [-77.5347491015584, 39.051020513612634]}, "properties": {"facility_id": "im3_1460776174_building", "facility_name": "Data Center (unnamed)", "year": 2026, "type": "building", "county_id": 51107, "source_id": 1460776174, "sqft": 303500.0, "state_abb": "VA"}}, {"type": "Feature", "geometry": {"type": "Point", "coordinates": [-77.58633953014488, 38.779293094525954]}, "properties": {"facility_id": "im3_1464257783_building", "facility_name": "Google", "year": 2026, "type": "building", "county_id": 51153, "operator": "Google", "source_id": 1464257783, "sqft": 289592.0, "state_abb": "VA"}}, {"type": "Feature", "geometry": {"type": "Point", "coordinates": [-77.51252254455412, 38.752551271861215]}, "properties": {"facility_id": "im3_1464257784_building", "facility_name": "QTS Manassas DC1", "year": 2026, "type": "building", "county_id": 51153, "operator": "Quality Technology Services", "source_id": 1464257784, "sqft": 128120.0, "state_abb": "VA"}}, {"type": "Feature", "geometry": {"type": "Point", "coordinates": [-77.5594854254625, 38.949312045394976]}, "properties": {"facility_id": "im3_897226569_campus", "facility_name": "Microsoft Data Center", "year": 2026, "type": "campus", "county_id": 51107, "operator": "Microsoft", "source_id": 897226569, "sqft": 1575278.0, "state_abb": "VA"}}, {"type": "Feature", "geometry": {"type": "Point", "coordinates": [-77.45319381679391, 39.02194771328794]}, "properties": {"facility_id": "im3_1317915930_campus", "facility_name": "Centersquare Ashburn IAD4 Data Center", "year": 2026, "type": "campus", "county_id": 51107, "operator": "Centersquare", "source_id": 1317915930, "sqft": 287687.0, "state_abb": "VA"}}, {"type": "Feature", "geometry": {"type": "Point", "coordinates": [-79.1427063, 37.41568800000001]}, "properties": {"facility_id": "im3_5225685660_point", "facility_name": "Lumos Networks", "year": 2026, "type": "point", "county_id": 51680, "source_id": 5225685660, "state_abb": "VA"}}, {"type": "Feature", "geometry": {"type": "Point", "coordinates": [-77.2258825, 38.91372360000001]}, "properties": {"facility_id": "im3_7985753364_point", "facility_name": "8100 Boone Boulevard", "year": 2026, "type": "point", "county_id": 51059, "operator": "Digital Realty", "source_id": 7985753364, "state_abb": "VA"}}, {"type": "Feature", "geometry": {"type": "Point", "coordinates": [-77.4146998, 39.02548510000001]}, "properties": {"facility_id": "im3_9092482804_point", "facility_name": "Amazon Web Services IAD69", "year": 2026, "type": "point", "county_id": 51107, "operator": "Amazon Web Services", "source_id": 9092482804, "state_abb": "VA"}}, {"type": "Feature", "geometry": {"type": "Point", "coordinates": [-77.2115713, 38.9208538]}, "properties": {"facility_id": "im3_9669639033_point", "facility_name": "Lumen McLean", "year": 2026, "type": "point", "county_id": 51059, "operator": "Lumen Technologies", "source_id": 9669639033, "state_abb": "VA"}}, {"type": "Feature", "geometry": {"type": "Point", "coordinates": [-77.45379770000001, 39.013791700000006]}, "properties": {"facility_id": "im3_13154826377_point", "facility_name": "Equinix", "year": 2026, "type": "point", "county_id": 51107, "operator": "Equinix", "source_id": 13154826377, "state_abb": "VA"}}, {"type": "Feature", "geometry": {"type": "Point", "coordinates": [-77.47195400000001, 39.01601419999996]}, "properties": {"facility_id": "im3_13154826378_point", "facility_name": "NTT Ashburn VA7 Data Center", "year": 2026, "type": "point", "county_id": 51107, "operator": "NTT", "source_id": 13154826378, "state_abb": "VA"}}, {"type": "Feature", "geometry": {"type": "Point", "coordinates": [-77.6099636, 38.79997309999995]}, "properties": {"facility_id": "im3_13154826379_point", "facility_name": "NTT VA11 Data Center", "year": 2026, "type": "point", "county_id": 51153, "operator": "NTT", "source_id": 13154826379, "state_abb": "VA"}}]}