{"type": "FeatureCollection", "features": [{"type": "Feature", "geometry": {"type": "Point", "coordinates": [-76.80544276699999, 37.53877169700007]}, "properties": {"facility_id": "hifld_pp_10017", "facility_name": "WESTROCK-WEST POINT MILL", "year": 2026, "type": "power_plant", "geoid": 51101, "operator": "WESTROCK-WEST POINT MILL", "plant_capacity_mw": 101.0, "plant_source": "BLQ", "source_id": "10017", "status": "OP"}}, {"type": "Feature", "geometry": {"type": "Point", "coordinates": [-76.35262874099999, 36.87017144600003]}, "properties": {"facility_id": "hifld_pp_10071", "facility_name": "PORTSMOUTH GENCO LLC", "year": 2026, "type": "power_plant", "geoid": 51740, "operator": "PORTSMOUTH OPERATING SERVICES LLC", "plant_source": "BIT", "source_id": "10071", "status": "NOT AVAILABLE"}}, {"type": "Feature", "geometry": {"type": "Point", "coordinates": [-77.52427633099995, 37.22100945500006]}, "properties": {"facility_id": "hifld_pp_10155", "facility_name": "BRASFIELD", "year": 2026, "type": "power_plant", "geoid": 51041, "operator": "APPOMATTOX RIVER ASSOCIATES LP", "plant_capacity_mw": 2.9, "plant_source": "WAT", "source_id": "10155", "status": "OP"}}, {"type": "Feature", "geometry": {"type": "Point", "coordinates": [-77.26987132099998, 37.29359661900003]}, "properties": {"facility_id": "hifld_pp_10377", "facility_name": "JAMES RIVER GENCO LLC", "year": 2026, "type": "power_plant", "geoid": 51670, "operator": "CITY POINT ENERGY CENTER", "plant_capacity_mw": 114.8, "plant_source": "BIT", "source_id": "10377", "status": "OP"}}, {"type": "Feature", "geometry": {"type": "Point", "coordinates": [-76.28566161499998, 36.803683156000034]}, "properties": {"facility_id": "hifld_pp_10515", "facility_name": "OILSEED PLANT", "year": 2026, "type": "power_plant", "geoid": 51550, "operator": "PERDUE AGRIBUSINESS", "plant_source": "BIT", "source_id": "10515", "status": "NOT AVAILABLE"}}, {"type": "Feature", "geometry": {"type": "Point", "coordinates": [-77.28206773299996, 37.29104241700003]}, "properties": {"facility_id": "hifld_pp_10633", "facility_name": "HOPEWELL COGENERATION", "year": 2026, "type": "power_plant", "geoid": 51670, "operator": "GDF SUEZ NA - HOPEWELL", "plant_capacity_mw": 399.0, "plant_source": "NG", "source_id": "10633", "status": "OP"}}, {"type": "Feature", "geometry": {"type": "Point", "coordinates": [-77.28328338099999, 37.297751478000066]}, "properties": {"facility_id": "hifld_pp_10771", "facility_name": "HOPEWELL POWER STATION", "year": 2026, "type": "power_plant", "geoid": 51670, "operator": "VIRGINIA ELECTRIC & POWER CO", "plant_capacity_mw": 71.1, "plant_source": "WDS", "source_id": "10771", "status": "OP"}}, {"type": "Feature", "geometry": {"type": "Point", "coordinates": [-79.27350716999996, 37.118762799000024]}, "properties": {"facility_id": "hifld_pp_10773", "facility_name": "ALTAVISTA POWER STATION", "year": 2026, "type": "power_plant", "geoid": 51031, "operator": "VIRGINIA ELECTRIC & POWER CO", "plant_capacity_mw": 71.1, "plant_source": "WDS", "source_id": "10773", "status": "OP"}}, {"type": "Feature", "geometry": {"type": "Point", "coordinates": [-76.99536067599996, 36.652096681000046]}, "properties": {"facility_id": "hifld_pp_10774", "facility_name": "SOUTHAMPTON POWER STATION", "year": 2026, "type": "power_plant", "geoid": 51175, "operator": "VIRGINIA ELECTRIC & POWER CO", "plant_capacity_mw": 71.1, "plant_source": "WDS", "source_id": "10774", "status": "OP"}}, {"type": "Feature", "geometry": {"type": "Point", "coordinates": [-78.88504664999994, 38.060008641000024]}, "properties": {"facility_id": "hifld_pp_10796", "facility_name": "WAYNESBORO VIRGINIA PLANT", "year": 2026, "type": "power_plant", "geoid": 51820, "operator": "INVISTA", "plant_capacity_mw": 0.0, "plant_source": "BIT", "source_id": "10796", "status": "RE"}}, {"type": "Feature", "geometry": {"type": "Point", "coordinates": [-80.98726063899994, 36.71429812200006]}, "properties": {"facility_id": "hifld_pp_10798", "facility_name": "FRIES HYDROELECTRIC PROJECT", "year": 2026, "type": "power_plant", "geoid": 51077, "operator": "AQUENERGY SYSTEMS INC", "plant_capacity_mw": 5.4, "plant_source": "WAT", "source_id": "10798", "status": "OP"}}, {"type": "Feature", "geometry": {"type": "Point", "coordinates": [-80.93868566099997, 36.80820350700003]}, "properties": {"facility_id": "hifld_pp_3772", "facility_name": "BUCK HYDRO", "year": 2026, "type": "power_plant", "geoid": 51035, "operator": "APPALACHIAN POWER CO", "plant_capacity_mw": 8.4, "plant_source": "WAT", "source_id": "3772", "status": "OP"}}, {"type": "Feature", "geometry": {"type": "Point", "coordinates": [-80.93401621799995, 36.78605222300007]}, "properties": {"facility_id": "hifld_pp_3773", "facility_name": "BYLLESBY 2", "year": 2026, "type": "power_plant", "geoid": 51035, "operator": "APPALACHIAN POWER CO", "plant_capacity_mw": 21.6, "plant_source": "WAT", "source_id": "3773", "status": "OP"}}, {"type": "Feature", "geometry": {"type": "Point", "coordinates": [-80.58429787099999, 37.074615718000075]}, "properties": {"facility_id": "hifld_pp_3774", "facility_name": "CLAYTOR", "year": 2026, "type": "power_plant", "geoid": 51155, "operator": "APPALACHIAN POWER CO", "plant_capacity_mw": 74.8, "plant_source": "WAT", "source_id": "3774", "status": "OP"}}, {"type": "Feature", "geometry": {"type": "Point", "coordinates": [-82.19950012599998, 36.93321434000006]}, "properties": {"facility_id": "hifld_pp_3775", "facility_name": "CLINCH RIVER", "year": 2026, "type": "power_plant", "geoid": 51167, "operator": "APPALACHIAN POWER CO", "plant_capacity_mw": 475.0, "plant_source": "NG", "source_id": "3775", "status": "OP"}}, {"type": "Feature", "geometry": {"type": "Point", "coordinates": [-80.86337733199997, 37.37010031300008]}, "properties": {"facility_id": "hifld_pp_3776", "facility_name": "GLEN LYN", "year": 2026, "type": "power_plant", "geoid": 51071, "operator": "APPALACHIAN POWER CO", "plant_capacity_mw": 0.0, "plant_source": "BIT", "source_id": "3776", "status": "RE"}}, {"type": "Feature", "geometry": {"type": "Point", "coordinates": [-79.40215378799996, 37.09312154000003]}, "properties": {"facility_id": "hifld_pp_3777", "facility_name": "LEESVILLE", "year": 2026, "type": "power_plant", "geoid": 51031, "operator": "APPALACHIAN POWER CO", "plant_capacity_mw": 40.0, "plant_source": "WAT", "source_id": "3777", "status": "OP"}}, {"type": "Feature", "geometry": {"type": "Point", "coordinates": [-79.87248587999994, 37.25487886700006]}, "properties": {"facility_id": "hifld_pp_3778", "facility_name": "NIAGARA", "year": 2026, "type": "power_plant", "geoid": 51161, "operator": "APPALACHIAN POWER CO", "plant_capacity_mw": 3.6, "plant_source": "WAT", "source_id": "3778", "status": "OP"}}, {"type": "Feature", "geometry": {"type": "Point", "coordinates": [-79.18669693199996, 37.46295535400003]}, "properties": {"facility_id": "hifld_pp_3779", "facility_name": "REUSENS", "year": 2026, "type": "power_plant", "geoid": 51680, "operator": "APPALACHIAN POWER CO", "plant_capacity_mw": 12.5, "plant_source": "WAT", "source_id": "3779", "status": "OP"}}, {"type": "Feature", "geometry": {"type": "Point", "coordinates": [-79.53559999999999, 37.041300000000035]}, "properties": {"facility_id": "hifld_pp_3780", "facility_name": "SMITH MOUNTAIN", "year": 2026, "type": "power_plant", "geoid": 51019, "operator": "APPALACHIAN POWER CO", "plant_capacity_mw": 547.5, "plant_source": "WAT", "source_id": "3780", "status": "OP"}}, {"type": "Feature", "geometry": {"type": "Point", "coordinates": [-75.96849505299997, 37.27198791500007]}, "properties": {"facility_id": "hifld_pp_3782", "facility_name": "BAYVIEW", "year": 2026, "type": "power_plant", "geoid": 51131, "operator": "CALPINE MID-ATLANTIC GENERATION LLC", "plant_capacity_mw": 12.0, "plant_source": "DFO", "source_id": "3782", "status": "SB"}}, {"type": "Feature", "geometry": {"type": "Point", "coordinates": [-75.70332842799996, 37.706766249000054]}, "properties": {"facility_id": "hifld_pp_3785", "facility_name": "TASLEY", "year": 2026, "type": "power_plant", "geoid": 51001, "operator": "CALPINE MID-ATLANTIC GENERATION LLC", "plant_capacity_mw": 27.0, "plant_source": "DFO", "source_id": "3785", "status": "SB"}}, {"type": "Feature", "geometry": {"type": "Point", "coordinates": [-77.04092867899999, 38.82071402600008]}, "properties": {"facility_id": "hifld_pp_3788", "facility_name": "POTOMAC RIVER", "year": 2026, "type": "power_plant", "geoid": 51510, "operator": "NRG POTOMAC RIVER LLC", "plant_source": "NOT AVAILABLE", "source_id": "3788", "status": "NOT AVAILABLE"}}, {"type": "Feature", "geometry": {"type": "Point", "coordinates": [-78.49903633699995, 38.67696267400004]}, "properties": {"facility_id": "hifld_pp_3789", "facility_name": "LURAY HYDRO STATION", "year": 2026, "type": "power_plant", "geoid": 51139, "operator": "PE HYDRO GENERATION, LLC", "plant_capacity_mw": 1.6, "plant_source": "WAT", "source_id": "3789", "status": "OP"}}, {"type": "Feature", "geometry": {"type": "Point", "coordinates": [-78.59336443999996, 38.57144282400003]}, "properties": {"facility_id": "hifld_pp_3790", "facility_name": "NEWPORT HYDRO STATION", "year": 2026, "type": "power_plant", "geoid": 51139, "operator": "PE HYDRO GENERATION, LLC", "plant_capacity_mw": 1.4, "plant_source": "WAT", "source_id": "3790", "status": "OP"}}, {"type": "Feature", "geometry": {"type": "Point", "coordinates": [-78.28749661899997, 37.70923015000005]}, "properties": {"facility_id": "hifld_pp_3796", "facility_name": "BREMO BLUFF", "year": 2026, "type": "power_plant", "geoid": 51065, "operator": "VIRGINIA ELECTRIC & POWER CO", "plant_capacity_mw": 254.2, "plant_source": "NG", "source_id": "3796", "status": "OS"}}, {"type": "Feature", "geometry": {"type": "Point", "coordinates": [-77.38248146599994, 37.38298522300005]}, "properties": {"facility_id": "hifld_pp_3797", "facility_name": "CHESTERFIELD", "year": 2026, "type": "power_plant", "geoid": 51041, "operator": "VIRGINIA ELECTRIC & POWER CO", "plant_capacity_mw": 1799.5, "plant_source": "BIT", "source_id": "3797", "status": "OP"}}, {"type": "Feature", "geometry": {"type": "Point", "coordinates": [-79.38128399499999, 37.59284954900005]}, "properties": {"facility_id": "hifld_pp_3798", "facility_name": "CUSHAW", "year": 2026, "type": "power_plant", "geoid": 51009, "operator": "VIRGINIA ELECTRIC & POWER CO", "plant_capacity_mw": 7.5, "plant_source": "WAT", "source_id": "3798", "status": "OP"}}, {"type": "Feature", "geometry": {"type": "Point", "coordinates": [-79.89157526599996, 37.77743901100007]}, "properties": {"facility_id": "hifld_pp_3799", "facility_name": "LOW MOOR", "year": 2026, "type": "power_plant", "geoid": 51005, "operator": "VIRGINIA ELECTRIC & POWER CO", "plant_capacity_mw": 82.8, "plant_source": "DFO", "source_id": "3799", "status": "OP"}}, {"type": "Feature", "geometry": {"type": "Point", "coordinates": [-76.71059846599996, 37.94864073300005]}, "properties": {"facility_id": "hifld_pp_3800", "facility_name": "NORTHERN NECK", "year": 2026, "type": "power_plant", "geoid": 51159, "operator": "VIRGINIA ELECTRIC & POWER CO", "plant_capacity_mw": 82.8, "plant_source": "DFO", "source_id": "3800", "status": "OP"}}, {"type": "Feature", "geometry": {"type": "Point", "coordinates": [-76.30121114599996, 36.770793050000066]}, "properties": {"facility_id": "hifld_pp_3803", "facility_name": "CHESAPEAKE", "year": 2026, "type": "power_plant", "geoid": 51550, "operator": "VIRGINIA ELECTRIC & POWER CO", "plant_capacity_mw": 67.4, "plant_source": "BIT", "source_id": "3803", "status": "OP"}}, {"type": "Feature", "geometry": {"type": "Point", "coordinates": [-77.28010031299993, 38.53692010000003]}, "properties": {"facility_id": "hifld_pp_3804", "facility_name": "POSSUM POINT", "year": 2026, "type": "power_plant", "geoid": 51153, "operator": "VIRGINIA ELECTRIC & POWER CO", "plant_capacity_mw": 1943.9, "plant_source": "RFO", "source_id": "3804", "status": "OP"}}, {"type": "Feature", "geometry": {"type": "Point", "coordinates": [-76.69785641799996, 37.16578472100008]}, "properties": {"facility_id": "hifld_pp_3806", "facility_name": "SURRY", "year": 2026, "type": "power_plant", "geoid": 51181, "operator": "VIRGINIA ELECTRIC & POWER CO", "plant_capacity_mw": 1695.0, "plant_source": "NUC", "source_id": "3806", "status": "OP"}}, {"type": "Feature", "geometry": {"type": "Point", "coordinates": [-76.46115353799996, 37.21475097100006]}, "properties": {"facility_id": "hifld_pp_3809", "facility_name": "YORKTOWN", "year": 2026, "type": "power_plant", "geoid": 51199, "operator": "VIRGINIA ELECTRIC & POWER CO", "plant_capacity_mw": 1257.0, "plant_source": "RFO", "source_id": "3809", "status": "OP"}}, {"type": "Feature", "geometry": {"type": "Point", "coordinates": [-79.37149999999997, 37.573600000000056]}, "properties": {"facility_id": "hifld_pp_3821", "facility_name": "SNOWDEN", "year": 2026, "type": "power_plant", "geoid": 51009, "operator": "TOWN OF BEDFORD - (VA)", "plant_capacity_mw": 5.0, "plant_source": "WAT", "source_id": "3821", "status": "OP"}}, {"type": "Feature", "geometry": {"type": "Point", "coordinates": [-78.03499999999997, 38.27000000000004]}, "properties": {"facility_id": "hifld_pp_3823", "facility_name": "WEST SPRING STREET", "year": 2026, "type": "power_plant", "geoid": 51137, "operator": "TOWN OF CULPEPER- (VA)", "plant_capacity_mw": 1.5, "plant_source": "DFO", "source_id": "3823", "status": "NOT AVAILABLE"}}, {"type": "Feature", "geometry": {"type": "Point", "coordinates": [-80.44784075099994, 36.66688213500004]}, "properties": {"facility_id": "hifld_pp_3825", "facility_name": "PINNACLES", "year": 2026, "type": "power_plant", "geoid": 51141, "operator": "CITY OF DANVILLE - (VA)", "plant_capacity_mw": 11.1, "plant_source": "WAT", "source_id": "3825", "status": "OP"}}, {"type": "Feature", "geometry": {"type": "Point", "coordinates": [-79.88377738299994, 36.66416082100005]}, "properties": {"facility_id": "hifld_pp_3826", "facility_name": "MARTINSVILLE", "year": 2026, "type": "power_plant", "geoid": 51089, "operator": "CITY OF MARTINSVILLE - (VA)", "plant_capacity_mw": 1.3, "plant_source": "WAT", "source_id": "3826", "status": "OP"}}, {"type": "Feature", "geometry": {"type": "Point", "coordinates": [-80.57272999999998, 37.078387846000055]}, "properties": {"facility_id": "hifld_pp_3827", "facility_name": "RADFORD", "year": 2026, "type": "power_plant", "geoid": 51121, "operator": "CITY OF RADFORD - (VA)", "plant_capacity_mw": 1.0, "plant_source": "WAT", "source_id": "3827", "status": "OS"}}, {"type": "Feature", "geometry": {"type": "Point", "coordinates": [-78.30035009399995, 36.599337201000026]}, "properties": {"facility_id": "hifld_pp_3833", "facility_name": "JOHN H KERR", "year": 2026, "type": "power_plant", "geoid": 51117, "operator": "USCE-WILMINGTON DISTRICT", "plant_capacity_mw": 296.8, "plant_source": "WAT", "source_id": "3833", "status": "OP"}}, {"type": "Feature", "geometry": {"type": "Point", "coordinates": [-80.02696142799994, 36.78099956100005]}, "properties": {"facility_id": "hifld_pp_3834", "facility_name": "PHILPOTT LAKE", "year": 2026, "type": "power_plant", "geoid": 51089, "operator": "USCE-WILMINGTON DISTRICT", "plant_capacity_mw": 14.0, "plant_source": "WAT", "source_id": "3834", "status": "OP"}}, {"type": "Feature", "geometry": {"type": "Point", "coordinates": [-77.55849737099999, 36.69621058300004]}, "properties": {"facility_id": "hifld_pp_50175", "facility_name": "EMPORIA", "year": 2026, "type": "power_plant", "geoid": 51595, "operator": "EMPORIA HYDRO POWER LP", "plant_capacity_mw": 2.5, "plant_source": "WAT", "source_id": "50175", "status": "OP"}}, {"type": "Feature", "geometry": {"type": "Point", "coordinates": [-78.92360356899997, 36.781807076000064]}, "properties": {"facility_id": "hifld_pp_50178", "facility_name": "HALIFAX", "year": 2026, "type": "power_plant", "geoid": 51083, "operator": "BANISTER HYDRO LP", "plant_capacity_mw": 1.6, "plant_source": "WAT", "source_id": "50178", "status": "OP"}}, {"type": "Feature", "geometry": {"type": "Point", "coordinates": [-77.28165885999994, 37.33776975600006]}, "properties": {"facility_id": "hifld_pp_50275", "facility_name": "PARK 500 PHILIP MORRIS USA", "year": 2026, "type": "power_plant", "geoid": 51041, "operator": "PARK 500 PHILIP MORRIS USA", "plant_capacity_mw": 13.0, "plant_source": "NG", "source_id": "50275", "status": "OP"}}, {"type": "Feature", "geometry": {"type": "Point", "coordinates": [-79.35731646899995, 37.53505172200005]}, "properties": {"facility_id": "hifld_pp_50479", "facility_name": "GEORGIA-PACIFIC BIG ISLAND", "year": 2026, "type": "power_plant", "geoid": 51019, "operator": "GP BIG ISLAND LLC", "plant_capacity_mw": 7.9, "plant_source": "WDS", "source_id": "50479", "status": "OP"}}, {"type": "Feature", "geometry": {"type": "Point", "coordinates": [-77.24107025699999, 38.69602911700008]}, "properties": {"facility_id": "hifld_pp_50658", "facility_name": "COVANTA FAIRFAX ENERGY", "year": 2026, "type": "power_plant", "geoid": 51059, "operator": "COVANTA FAIRFAX INC", "plant_capacity_mw": 124.0, "plant_source": "MSW", "source_id": "50658", "status": "OP"}}, {"type": "Feature", "geometry": {"type": "Point", "coordinates": [-77.12813137099994, 38.80154276800005]}, "properties": {"facility_id": "hifld_pp_50663", "facility_name": "COVANTA ALEXANDRIA/ARLINGTON ENERGY", "year": 2026, "type": "power_plant", "geoid": 51510, "operator": "COVANTA ALEXANDRIA/ARLINGTON", "plant_capacity_mw": 29.0, "plant_source": "MSW", "source_id": "50663", "status": "OP"}}, {"type": "Feature", "geometry": {"type": "Point", "coordinates": [-77.27347532999994, 37.299007137000046]}, "properties": {"facility_id": "hifld_pp_50813", "facility_name": "HOPEWELL MILL", "year": 2026, "type": "power_plant", "geoid": 51670, "operator": "ROCKTENN-HOPEWELL", "plant_capacity_mw": 47.6, "plant_source": "BLQ", "source_id": "50813", "status": "OP"}}, {"type": "Feature", "geometry": {"type": "Point", "coordinates": [-79.99499267399995, 37.799972222000065]}, "properties": {"facility_id": "hifld_pp_50900", "facility_name": "COVINGTON FACILITY", "year": 2026, "type": "power_plant", "geoid": 51005, "operator": "WESTROCK CORP", "plant_capacity_mw": 160.9, "plant_source": "WDS", "source_id": "50900", "status": "OP"}}, {"type": "Feature", "geometry": {"type": "Point", "coordinates": [-77.43197958699994, 37.49617692600003]}, "properties": {"facility_id": "hifld_pp_50966", "facility_name": "BELLMEADE POWER STATION", "year": 2026, "type": "power_plant", "geoid": 51760, "operator": "VIRGINIA ELECTRIC & POWER CO", "plant_capacity_mw": 330.0, "plant_source": "NG", "source_id": "50966", "status": "OS"}}, {"type": "Feature", "geometry": {"type": "Point", "coordinates": [-78.52995538499994, 36.59978287400003]}, "properties": {"facility_id": "hifld_pp_52007", "facility_name": "MECKLENBURG POWER STATION", "year": 2026, "type": "power_plant", "geoid": 51117, "operator": "VIRGINIA ELECTRIC & POWER CO", "plant_capacity_mw": 139.8, "plant_source": "BIT", "source_id": "52007", "status": "OP"}}, {"type": "Feature", "geometry": {"type": "Point", "coordinates": [-77.44618513599994, 37.82085168400005]}, "properties": {"facility_id": "hifld_pp_52019", "facility_name": "DOSWELL ENERGY CENTER", "year": 2026, "type": "power_plant", "geoid": 51085, "operator": "DOSWELL LTD PARTNERSHIP", "plant_capacity_mw": 1313.0, "plant_source": "NG", "source_id": "52019", "status": "OP"}}, {"type": "Feature", "geometry": {"type": "Point", "coordinates": [-77.23947733199998, 38.68994060800003]}, "properties": {"facility_id": "hifld_pp_52051", "facility_name": "I 95 MUNICIPAL LANDFILL PHASE I", "year": 2026, "type": "power_plant", "geoid": 51059, "operator": "LES PROJECT HOLDINGS LLC", "plant_capacity_mw": 3.2, "plant_source": "LFG", "source_id": "52051", "status": "OP"}}, {"type": "Feature", "geometry": {"type": "Point", "coordinates": [-80.54272360099998, 37.18054350700004]}, "properties": {"facility_id": "hifld_pp_52072", "facility_name": "RADFORD ARMY AMMUNITION PLANT", "year": 2026, "type": "power_plant", "geoid": 51121, "operator": "U S ARMY-RADFORD", "plant_capacity_mw": 24.0, "plant_source": "NG", "source_id": "52072", "status": "OP"}}, {"type": "Feature", "geometry": {"type": "Point", "coordinates": [-76.31188703799995, 36.77432899200005]}, "properties": {"facility_id": "hifld_pp_52087", "facility_name": "ELIZABETH RIVER POWER STATION", "year": 2026, "type": "power_plant", "geoid": 51550, "operator": "VIRGINIA ELECTRIC & POWER CO", "plant_capacity_mw": 388.8, "plant_source": "NG", "source_id": "52087", "status": "SB"}}, {"type": "Feature", "geometry": {"type": "Point", "coordinates": [-80.76453362499996, 37.34441872200006]}, "properties": {"facility_id": "hifld_pp_52089", "facility_name": "CELANESE ACETATE LLC", "year": 2026, "type": "power_plant", "geoid": 51071, "operator": "CELANESE ACETATE LLC", "plant_capacity_mw": 27.2, "plant_source": "NG", "source_id": "52089", "status": "OP"}}, {"type": "Feature", "geometry": {"type": "Point", "coordinates": [-79.27761316199997, 37.10475390100004]}, "properties": {"facility_id": "hifld_pp_52118", "facility_name": "MULTITRADE OF PITTSYLVANIA LP", "year": 2026, "type": "power_plant", "geoid": 51143, "operator": "VIRGINIA ELECTRIC & POWER CO", "plant_capacity_mw": 90.0, "plant_source": "WDS", "source_id": "52118", "status": "OS"}}, {"type": "Feature", "geometry": {"type": "Point", "coordinates": [-78.65045623099996, 38.384287664000055]}, "properties": {"facility_id": "hifld_pp_52148", "facility_name": "ELKTON", "year": 2026, "type": "power_plant", "geoid": 51165, "operator": "MERCK & CO INC", "plant_capacity_mw": 9.8, "plant_source": "NG", "source_id": "52148", "status": "OP"}}, {"type": "Feature", "geometry": {"type": "Point", "coordinates": [-76.91467739499996, 36.67965754600005]}, "properties": {"facility_id": "hifld_pp_52152", "facility_name": "INTERNATIONAL PAPER FRANKLIN MILL", "year": 2026, "type": "power_plant", "geoid": 51093, "operator": "INTERNATIONAL PAPER", "plant_capacity_mw": 82.5, "plant_source": "BLQ", "source_id": "52152", "status": "OP"}}, {"type": "Feature", "geometry": {"type": "Point", "coordinates": [-77.40890256699998, 37.22346781500005]}, "properties": {"facility_id": "hifld_pp_54045", "facility_name": "WYTHE PARK POWER PETERSBURG PLANT", "year": 2026, "type": "power_plant", "geoid": 51730, "operator": "WYTHE PARK POWER INC", "plant_source": "NOT AVAILABLE", "source_id": "54045", "status": "NOT AVAILABLE"}}, {"type": "Feature", "geometry": {"type": "Point", "coordinates": [-77.42617157199999, 37.471685034000075]}, "properties": {"facility_id": "hifld_pp_54047", "facility_name": "WYTHE PARK POWER 3 RICHMOND PLANT", "year": 2026, "type": "power_plant", "geoid": 51760, "operator": "WYTHE PARK POWER INC", "plant_source": "NOT AVAILABLE", "source_id": "54047", "status": "NOT AVAILABLE"}}, {"type": "Feature", "geometry": {"type": "Point", "coordinates": [-77.43041928599996, 37.455314464000026]}, "properties": {"facility_id": "hifld_pp_54081", "facility_name": "SPRUANCE GENCO LLC", "year": 2026, "type": "power_plant", "geoid": 51760, "operator": "SPRUANCE GENCO LLC", "plant_capacity_mw": 229.6, "plant_source": "BIT", "source_id": "54081", "status": "OP"}}, {"type": "Feature", "geometry": {"type": "Point", "coordinates": [-77.31451559199996, 38.26661671900007]}, "properties": {"facility_id": "hifld_pp_54304", "facility_name": "BIRCHWOOD POWER", "year": 2026, "type": "power_plant", "geoid": 51099, "operator": "BIRCHWOOD POWER PARTNERS LP", "plant_capacity_mw": 258.3, "plant_source": "BIT", "source_id": "54304", "status": "OP"}}, {"type": "Feature", "geometry": {"type": "Point", "coordinates": [-79.43248334399993, 36.57679903600007]}, "properties": {"facility_id": "hifld_pp_54655", "facility_name": "SCHOOLFIELD DAM", "year": 2026, "type": "power_plant", "geoid": 51590, "operator": "STS HYDROPOWER LTD-SCHOOLFIELD DAM", "plant_capacity_mw": 4.5, "plant_source": "WAT", "source_id": "54655", "status": "OP"}}, {"type": "Feature", "geometry": {"type": "Point", "coordinates": [-77.23994311099995, 38.68948672500005]}, "properties": {"facility_id": "hifld_pp_54723", "facility_name": "I 95 LANDFILL PHASE II", "year": 2026, "type": "power_plant", "geoid": 51059, "operator": "LES PROJECT HOLDINGS LLC", "plant_capacity_mw": 3.2, "plant_source": "LFG", "source_id": "54723", "status": "OP"}}, {"type": "Feature", "geometry": {"type": "Point", "coordinates": [-77.46753454599997, 37.19377035700006]}, "properties": {"facility_id": "hifld_pp_54766", "facility_name": "BOYDTON PLANK ROAD COGEN PLANT", "year": 2026, "type": "power_plant", "geoid": 51053, "operator": "DINWIDDIE POWER INC", "plant_capacity_mw": 10.2, "plant_source": "DFO", "source_id": "54766", "status": "OP"}}, {"type": "Feature", "geometry": {"type": "Point", "coordinates": [-76.51983226799996, 36.768171332000065]}, "properties": {"facility_id": "hifld_pp_54781", "facility_name": "SUFFOLK ENERGY PARTNERS LP", "year": 2026, "type": "power_plant", "geoid": 51800, "operator": "ZAPCO ENERGY TACTICS CORP", "plant_capacity_mw": 3.2, "plant_source": "LFG", "source_id": "54781", "status": "OP"}}, {"type": "Feature", "geometry": {"type": "Point", "coordinates": [-78.20328717199999, 38.124452923000035]}, "properties": {"facility_id": "hifld_pp_54844", "facility_name": "GORDONSVILLE ENERGY LP", "year": 2026, "type": "power_plant", "geoid": 51109, "operator": "VIRGINIA ELECTRIC & POWER CO", "plant_capacity_mw": 300.4, "plant_source": "NG", "source_id": "54844", "status": "OP"}}, {"type": "Feature", "geometry": {"type": "Point", "coordinates": [-76.30288616199994, 36.80863907300005]}, "properties": {"facility_id": "hifld_pp_54998", "facility_name": "WHEELABRATOR PORTSMOUTH", "year": 2026, "type": "power_plant", "geoid": 51740, "operator": "WHEELABRATOR ENVIRONMENTAL SYSTEMS", "plant_capacity_mw": 60.0, "plant_source": "MSW", "source_id": "54998", "status": "OP"}}, {"type": "Feature", "geometry": {"type": "Point", "coordinates": [-77.42441171099995, 38.64085460900003]}, "properties": {"facility_id": "hifld_pp_55156", "facility_name": "MM PRINCE WILLIAM ENERGY", "year": 2026, "type": "power_plant", "geoid": 51153, "operator": "MM PRINCE WILLIAM ENERGY LLC", "plant_capacity_mw": 6.6, "plant_source": "LFG", "source_id": "55156", "status": "OP"}}, {"type": "Feature", "geometry": {"type": "Point", "coordinates": [-82.10336493399996, 36.66412933600003]}, "properties": {"facility_id": "hifld_pp_55285", "facility_name": "WOLF HILLS ENERGY", "year": 2026, "type": "power_plant", "geoid": 51191, "operator": "MIDDLE RIVER POWER II, LLC", "plant_capacity_mw": 285.0, "plant_source": "NG", "source_id": "55285", "status": "OP"}}, {"type": "Feature", "geometry": {"type": "Point", "coordinates": [-75.54052467099996, 37.989164308000056]}, "properties": {"facility_id": "hifld_pp_55381", "facility_name": "COMMONWEALTH CHESAPEAKE", "year": 2026, "type": "power_plant", "geoid": 51001, "operator": "COMMONWEALTH CHESAPEAKE CO LLC", "plant_capacity_mw": 402.5, "plant_source": "DFO", "source_id": "55381", "status": "SB"}}, {"type": "Feature", "geometry": {"type": "Point", "coordinates": [-78.38052905499995, 37.86689511600008]}, "properties": {"facility_id": "hifld_pp_55439", "facility_name": "TENASKA VIRGINIA GENERATING STATION", "year": 2026, "type": "power_plant", "geoid": 51065, "operator": "TENASKA VIRGINIA PARTNERS LP", "plant_capacity_mw": 946.1, "plant_source": "NG", "source_id": "55439", "status": "OP"}}, {"type": "Feature", "geometry": {"type": "Point", "coordinates": [-77.35317721099995, 37.49694486800007]}, "properties": {"facility_id": "hifld_pp_55587", "facility_name": "GRS RICHMOND", "year": 2026, "type": "power_plant", "geoid": 51087, "operator": "RICHMOND LLC", "plant_source": "LFG", "source_id": "55587", "status": "NOT AVAILABLE"}}, {"type": "Feature", "geometry": {"type": "Point", "coordinates": [-81.96144234799993, 37.175289518000056]}, "properties": {"facility_id": "hifld_pp_55738", "facility_name": "BUCHANAN GENERATION LLC", "year": 2026, "type": "power_plant", "geoid": 51027, "operator": "BUCHANAN GENERATION, LLC", "plant_capacity_mw": 88.0, "plant_source": "NG", "source_id": "55738", "status": "OP"}}, {"type": "Feature", "geometry": {"type": "Point", "coordinates": [-78.17748616599994, 38.96940774200005]}, "properties": {"facility_id": "hifld_pp_55939", "facility_name": "WARREN COUNTY", "year": 2026, "type": "power_plant", "geoid": 51187, "operator": "VIRGINIA ELECTRIC & POWER CO", "plant_capacity_mw": 1472.2, "plant_source": "NG", "source_id": "55939", "status": "OP"}}, {"type": "Feature", "geometry": {"type": "Point", "coordinates": [-76.92691722299998, 36.65917883900005]}, "properties": {"facility_id": "hifld_pp_55953", "facility_name": "PRETLOW", "year": 2026, "type": "power_plant", "geoid": 51620, "operator": "CITY OF FRANKLIN - (VA)", "plant_capacity_mw": 3.2, "plant_source": "DFO", "source_id": "55953", "status": "OP"}}, {"type": "Feature", "geometry": {"type": "Point", "coordinates": [-76.92210595299997, 36.68042266600003]}, "properties": {"facility_id": "hifld_pp_55954", "facility_name": "DOWNTOWN", "year": 2026, "type": "power_plant", "geoid": 51620, "operator": "CITY OF FRANKLIN - (VA)", "plant_capacity_mw": 3.2, "plant_source": "DFO", "source_id": "55954", "status": "OP"}}, {"type": "Feature", "geometry": {"type": "Point", "coordinates": [-78.86446700099998, 38.46846048800006]}, "properties": {"facility_id": "hifld_pp_56004", "facility_name": "MOUNT CLINTON", "year": 2026, "type": "power_plant", "geoid": 51660, "operator": "CITY OF HARRISONBURG - (VA)", "plant_capacity_mw": 24.0, "plant_source": "DFO", "source_id": "56004", "status": "OP"}}, {"type": "Feature", "geometry": {"type": "Point", "coordinates": [-78.89755760799994, 38.40075752000007]}, "properties": {"facility_id": "hifld_pp_56005", "facility_name": "PLEASANT VALLEY (VA)", "year": 2026, "type": "power_plant", "geoid": 51660, "operator": "CITY OF HARRISONBURG - (VA)", "plant_capacity_mw": 20.5, "plant_source": "DFO", "source_id": "56005", "status": "OP"}}, {"type": "Feature", "geometry": {"type": "Point", "coordinates": [-78.86391874799995, 38.43172725100004]}, "properties": {"facility_id": "hifld_pp_56006", "facility_name": "HARRISONBURG POWER PLANT", "year": 2026, "type": "power_plant", "geoid": 51660, "operator": "CITY OF HARRISONBURG - (VA)", "plant_capacity_mw": 0.0, "plant_source": "NG", "source_id": "56006", "status": "RE"}}, {"type": "Feature", "geometry": {"type": "Point", "coordinates": [-80.07747595499995, 37.28733105900005]}, "properties": {"facility_id": "hifld_pp_56288", "facility_name": "SALEM WATER PLANT", "year": 2026, "type": "power_plant", "geoid": 51775, "operator": "CITY OF SALEM - (VA)", "plant_capacity_mw": 2.0, "plant_source": "DFO", "source_id": "56288", "status": "SB"}}, {"type": "Feature", "geometry": {"type": "Point", "coordinates": [-80.04469999999998, 37.27940000000007]}, "properties": {"facility_id": "hifld_pp_56289", "facility_name": "SALEM STREET DEPT", "year": 2026, "type": "power_plant", "geoid": 51775, "operator": "CITY OF SALEM - (VA)", "plant_capacity_mw": 1.8, "plant_source": "DFO", "source_id": "56289", "status": "SB"}}, {"type": "Feature", "geometry": {"type": "Point", "coordinates": [-79.30061784599997, 37.50204733900006]}, "properties": {"facility_id": "hifld_pp_56313", "facility_name": "COLEMAN FALLS", "year": 2026, "type": "power_plant", "geoid": 51019, "operator": "HOLCOMB ROCK COMPANY", "plant_capacity_mw": 1.5, "plant_source": "WAT", "source_id": "56313", "status": "OA"}}, {"type": "Feature", "geometry": {"type": "Point", "coordinates": [-79.26272016999997, 37.50362373100006]}, "properties": {"facility_id": "hifld_pp_56314", "facility_name": "HOLCOMB ROCK", "year": 2026, "type": "power_plant", "geoid": 51019, "operator": "HOLCOMB ROCK COMPANY", "plant_capacity_mw": 1.8, "plant_source": "WAT", "source_id": "56314", "status": "OA"}}, {"type": "Feature", "geometry": {"type": "Point", "coordinates": [-77.78125921799995, 38.680100450000054]}, "properties": {"facility_id": "hifld_pp_56318", "facility_name": "FAUQUIER LANDFILL GAS", "year": 2026, "type": "power_plant", "geoid": 51061, "operator": "FAUQUIER LANDFILL GAS, LLC", "plant_source": "LFG", "source_id": "56318", "status": "NOT AVAILABLE"}}, {"type": "Feature", "geometry": {"type": "Point", "coordinates": [-79.39773548999995, 36.631619724000075]}, "properties": {"facility_id": "hifld_pp_56363", "facility_name": "DANVILLE NEW DESIGN PLANT", "year": 2026, "type": "power_plant", "geoid": 51590, "operator": "CITY OF DANVILLE - (VA)", "plant_capacity_mw": 1.8, "plant_source": "DFO", "source_id": "56363", "status": "OA"}}, {"type": "Feature", "geometry": {"type": "Point", "coordinates": [-79.29059999999998, 36.65330000000006]}, "properties": {"facility_id": "hifld_pp_56364", "facility_name": "DANVILLE KENTUCK ROAD PLANT", "year": 2026, "type": "power_plant", "geoid": 51143, "operator": "CITY OF DANVILLE - (VA)", "plant_capacity_mw": 1.8, "plant_source": "DFO", "source_id": "56364", "status": "OA"}}, {"type": "Feature", "geometry": {"type": "Point", "coordinates": [-79.45766293199995, 36.60668866700007]}, "properties": {"facility_id": "hifld_pp_56365", "facility_name": "DANVILLE WESTOVER PLANT", "year": 2026, "type": "power_plant", "geoid": 51590, "operator": "CITY OF DANVILLE - (VA)", "plant_capacity_mw": 1.8, "plant_source": "DFO", "source_id": "56365", "status": "OP"}}, {"type": "Feature", "geometry": {"type": "Point", "coordinates": [-77.98910593599999, 38.46926095300006]}, "properties": {"facility_id": "hifld_pp_56367", "facility_name": "ELECTRIC AVENUE FACILITY", "year": 2026, "type": "power_plant", "geoid": 51047, "operator": "TOWN OF CULPEPER- (VA)", "plant_capacity_mw": 6.9, "plant_source": "DFO", "source_id": "56367", "status": "OP"}}, {"type": "Feature", "geometry": {"type": "Point", "coordinates": [-77.62245090999994, 38.76327557700006]}, "properties": {"facility_id": "hifld_pp_56368", "facility_name": "WATER TREATMENT PLANT GENERATORS", "year": 2026, "type": "power_plant", "geoid": 51153, "operator": "CITY OF MANASSAS - (VA)", "plant_capacity_mw": 1.8, "plant_source": "DFO", "source_id": "56368", "status": "OP"}}, {"type": "Feature", "geometry": {"type": "Point", "coordinates": [-77.50474840099997, 38.74828115200006]}, "properties": {"facility_id": "hifld_pp_56491", "facility_name": "DEAN DRIVE AREA ELECTRIC GENERATORS", "year": 2026, "type": "power_plant", "geoid": 51683, "operator": "CITY OF MANASSAS - (VA)", "plant_capacity_mw": 3.2, "plant_source": "DFO", "source_id": "56491", "status": "OP"}}, {"type": "Feature", "geometry": {"type": "Point", "coordinates": [-80.06991433899998, 37.28974978100007]}, "properties": {"facility_id": "hifld_pp_56519", "facility_name": "SALEM ELECTRIC DEPARTMENT", "year": 2026, "type": "power_plant", "geoid": 51775, "operator": "CITY OF SALEM - (VA)", "plant_capacity_mw": 1.3, "plant_source": "DFO", "source_id": "56519", "status": "SB"}}, {"type": "Feature", "geometry": {"type": "Point", "coordinates": [-76.44434163799997, 37.07636148900008]}, "properties": {"facility_id": "hifld_pp_56531", "facility_name": "WASTE MANAGEMENT BETHEL LFGTE", "year": 2026, "type": "power_plant", "geoid": 51650, "operator": "WM RENEWABLE ENERGY LLC", "plant_capacity_mw": 4.8, "plant_source": "LFG", "source_id": "56531", "status": "OP"}}, {"type": "Feature", "geometry": {"type": "Point", "coordinates": [-78.05915698199993, 37.309789230000035]}, "properties": {"facility_id": "hifld_pp_56681", "facility_name": "AMELIA", "year": 2026, "type": "power_plant", "geoid": 51007, "operator": "INDUSTRIAL POWER GENERATING COMPANY LLC", "plant_capacity_mw": 14.4, "plant_source": "LFG", "source_id": "56681", "status": "OP"}}, {"type": "Feature", "geometry": {"type": "Point", "coordinates": [-77.80868703899995, 36.74984404800006]}, "properties": {"facility_id": "hifld_pp_56682", "facility_name": "BRUNSWICK LANDFILL GAS", "year": 2026, "type": "power_plant", "geoid": 51025, "operator": "INDUSTRIAL POWER GENERATING COMPANY LLC", "plant_capacity_mw": 10.5, "plant_source": "LFG", "source_id": "56682", "status": "OP"}}, {"type": "Feature", "geometry": {"type": "Point", "coordinates": [-77.12813765899995, 37.43890414900005]}, "properties": {"facility_id": "hifld_pp_56683", "facility_name": "CHARLES CITY", "year": 2026, "type": "power_plant", "geoid": 51036, "operator": "INDUSTRIAL POWER GENERATING COMPANY LLC", "plant_capacity_mw": 14.4, "plant_source": "LFG", "source_id": "56683", "status": "OP"}}, {"type": "Feature", "geometry": {"type": "Point", "coordinates": [-77.49789223599998, 37.35281644300005]}, "properties": {"facility_id": "hifld_pp_56684", "facility_name": "CHESTERFIELD LANDFILL GAS", "year": 2026, "type": "power_plant", "geoid": 51041, "operator": "INDUSTRIAL POWER GENERATING COMPANY LLC", "plant_capacity_mw": 14.4, "plant_source": "LFG", "source_id": "56684", "status": "OP"}}, {"type": "Feature", "geometry": {"type": "Point", "coordinates": [-76.75874721399998, 37.66994001300003]}, "properties": {"facility_id": "hifld_pp_56686", "facility_name": "KING & QUEEN", "year": 2026, "type": "power_plant", "geoid": 51097, "operator": "INDUSTRIAL POWER GENERATING COMPANY LLC", "plant_capacity_mw": 10.8, "plant_source": "LFG", "source_id": "56686", "status": "OP"}}, {"type": "Feature", "geometry": {"type": "Point", "coordinates": [-77.66384289299998, 37.70417464000008]}, "properties": {"facility_id": "hifld_pp_56692", "facility_name": "ROCKVILLE 1 & 2", "year": 2026, "type": "power_plant", "geoid": 51075, "operator": "INDUSTRIAL POWER GENERATING COMPANY LLC", "plant_capacity_mw": 10.8, "plant_source": "DFO", "source_id": "56692", "status": "OP"}}, {"type": "Feature", "geometry": {"type": "Point", "coordinates": [-76.20519912299994, 36.78918835200005]}, "properties": {"facility_id": "hifld_pp_56693", "facility_name": "VIRGINIA BEACH", "year": 2026, "type": "power_plant", "geoid": 51810, "operator": "INDUSTRIAL POWER GENERATING COMPANY LLC", "plant_capacity_mw": 10.8, "plant_source": "LFG", "source_id": "56693", "status": "OP"}}, {"type": "Feature", "geometry": {"type": "Point", "coordinates": [-80.42094533499994, 37.232099875000074]}, "properties": {"facility_id": "hifld_pp_56785", "facility_name": "VIRGINIA TECH POWER PLANT", "year": 2026, "type": "power_plant", "geoid": 51121, "operator": "VIRGINIA POLYTECHNIC INST AND STATE UNV", "plant_capacity_mw": 6.3, "plant_source": "NG", "source_id": "56785", "status": "OP"}}, {"type": "Feature", "geometry": {"type": "Point", "coordinates": [-78.28426147599998, 37.69622951200006]}, "properties": {"facility_id": "hifld_pp_56807", "facility_name": "BEAR GARDEN", "year": 2026, "type": "power_plant", "geoid": 51029, "operator": "VIRGINIA ELECTRIC & POWER CO", "plant_capacity_mw": 559.0, "plant_source": "NG", "source_id": "56807", "status": "OP"}}, {"type": "Feature", "geometry": {"type": "Point", "coordinates": [-82.33967755099997, 36.91543345600007]}, "properties": {"facility_id": "hifld_pp_56808", "facility_name": "VIRGINIA CITY HYBRID ENERGY CENTER", "year": 2026, "type": "power_plant", "geoid": 51195, "operator": "VIRGINIA ELECTRIC & POWER CO", "plant_capacity_mw": 668.0, "plant_source": "BIT", "source_id": "56808", "status": "OP"}}, {"type": "Feature", "geometry": {"type": "Point", "coordinates": [-77.41298590899999, 38.384276072000034]}, "properties": {"facility_id": "hifld_pp_56894", "facility_name": "AMERESCO STAFFORD", "year": 2026, "type": "power_plant", "geoid": 51179, "operator": "AMERESCO STAFFORD LLC", "plant_capacity_mw": 2.2, "plant_source": "LFG", "source_id": "56894", "status": "OP"}}, {"type": "Feature", "geometry": {"type": "Point", "coordinates": [-76.62449567899995, 37.519710685000064]}, "properties": {"facility_id": "hifld_pp_57018", "facility_name": "WASTE MANAGEMENT MIDDLE PENINSULA LFGTE", "year": 2026, "type": "power_plant", "geoid": 51073, "operator": "WM RENEWABLE ENERGY LLC", "plant_capacity_mw": 6.4, "plant_source": "LFG", "source_id": "57018", "status": "OP"}}, {"type": "Feature", "geometry": {"type": "Point", "coordinates": [-77.30785015599997, 38.271077271000024]}, "properties": {"facility_id": "hifld_pp_57022", "facility_name": "WASTE MANAGEMENT KING GEORGE LFGTE", "year": 2026, "type": "power_plant", "geoid": 51099, "operator": "WM RENEWABLE ENERGY LLC", "plant_capacity_mw": 13.2, "plant_source": "LFG", "source_id": "57022", "status": "OP"}}, {"type": "Feature", "geometry": {"type": "Point", "coordinates": [-77.56779461599996, 37.678766686000074]}, "properties": {"facility_id": "hifld_pp_57356", "facility_name": "HENRICO", "year": 2026, "type": "power_plant", "geoid": 51087, "operator": "INDUSTRIAL POWER GENERATING COMPANY LLC", "plant_capacity_mw": 3.6, "plant_source": "LFG", "source_id": "57356", "status": "OP"}}, {"type": "Feature", "geometry": {"type": "Point", "coordinates": [-78.09742195399997, 39.14066439000004]}, "properties": {"facility_id": "hifld_pp_57754", "facility_name": "FREDERICK COUNTY LFGTE FACILITY", "year": 2026, "type": "power_plant", "geoid": 51069, "operator": "FREDERICK COUNTY VIRGINIA", "plant_capacity_mw": 2.0, "plant_source": "LFG", "source_id": "57754", "status": "OP"}}, {"type": "Feature", "geometry": {"type": "Point", "coordinates": [-79.84518482199996, 36.71733611800005]}, "properties": {"facility_id": "hifld_pp_57893", "facility_name": "MARTINSVILLE LFG GENERATOR", "year": 2026, "type": "power_plant", "geoid": 51089, "operator": "CITY OF MARTINSVILLE - (VA)", "plant_capacity_mw": 1.1, "plant_source": "LFG", "source_id": "57893", "status": "OP"}}, {"type": "Feature", "geometry": {"type": "Point", "coordinates": [-77.38008016799995, 37.50442016900007]}, "properties": {"facility_id": "hifld_pp_57897", "facility_name": "RICHMOND ENERGY", "year": 2026, "type": "power_plant", "geoid": 51087, "operator": "RICHMOND ENERGY LLC", "plant_capacity_mw": 6.4, "plant_source": "LFG", "source_id": "57897", "status": "OP"}}, {"type": "Feature", "geometry": {"type": "Point", "coordinates": [-78.67245894899997, 38.35650812800003]}, "properties": {"facility_id": "hifld_pp_58057", "facility_name": "MILLERCOORS SHENANDOAH BREWERY", "year": 2026, "type": "power_plant", "geoid": 51165, "operator": "MILLERCOORS SHENANDOAH BREWERY", "plant_capacity_mw": 1.4, "plant_source": "OBG", "source_id": "58057", "status": "OP"}}, {"type": "Feature", "geometry": {"type": "Point", "coordinates": [-77.71329513499995, 36.763929243000064]}, "properties": {"facility_id": "hifld_pp_58260", "facility_name": "BRUNSWICK COUNTY POWER STATION", "year": 2026, "type": "power_plant", "geoid": 51025, "operator": "VIRGINIA ELECTRIC & POWER CO", "plant_capacity_mw": 1472.2, "plant_source": "NG", "source_id": "58260", "status": "OP"}}, {"type": "Feature", "geometry": {"type": "Point", "coordinates": [-78.87521753299995, 36.69846226300007]}, "properties": {"facility_id": "hifld_pp_58560", "facility_name": "HALIFAX COUNTY BIOMASS", "year": 2026, "type": "power_plant", "geoid": 51083, "operator": "SOUTH BOSTON ENERGY LLC", "plant_capacity_mw": 49.9, "plant_source": "WDS", "source_id": "58560", "status": "OP"}}, {"type": "Feature", "geometry": {"type": "Point", "coordinates": [-82.34861099999995, 37.23333300000007]}, "properties": {"facility_id": "hifld_pp_58827", "facility_name": "FLANNAGAN HYDROELECTRIC PROJECT", "year": 2026, "type": "power_plant", "geoid": 51051, "operator": "JORDAN HYDROELECTRIC LTD PTP", "plant_capacity_mw": 0.0, "plant_source": "WAT", "source_id": "58827", "status": "L"}}, {"type": "Feature", "geometry": {"type": "Point", "coordinates": [-81.41333299999997, 36.855833000000075]}, "properties": {"facility_id": "hifld_pp_58878", "facility_name": "CPV SMYTH GENERATION COMPANY LLC", "year": 2026, "type": "power_plant", "geoid": 51173, "operator": "CPV SMYTH GENERATION COMPANY LLC", "plant_source": "NG", "source_id": "58878", "status": "NOT AVAILABLE"}}, {"type": "Feature", "geometry": {"type": "Point", "coordinates": [-77.54269906099995, 39.05772763400006]}, "properties": {"facility_id": "hifld_pp_59004", "facility_name": "STONEWALL", "year": 2026, "type": "power_plant", "geoid": 51107, "operator": "GREEN ENERGY PARTNERS LLC", "plant_capacity_mw": 812.0, "plant_source": "NG", "source_id": "59004", "status": "OP"}}, {"type": "Feature", "geometry": {"type": "Point", "coordinates": [-79.59133189299996, 38.42161742800005]}, "properties": {"facility_id": "hifld_pp_59614", "facility_name": "MONTEREY DIESEL GENERATION FACILITY", "year": 2026, "type": "power_plant", "geoid": 51091, "operator": "OLD DOMINION ELECTRIC COOP", "plant_capacity_mw": 6.0, "plant_source": "DFO", "source_id": "59614", "status": "OP"}}, {"type": "Feature", "geometry": {"type": "Point", "coordinates": [-77.77638899999994, 38.54833300000007]}, "properties": {"facility_id": "hifld_pp_59685", "facility_name": "REMINGTON SOLAR FACILITY", "year": 2026, "type": "power_plant", "geoid": 51061, "operator": "VIRGINIA ELECTRIC & POWER CO", "plant_capacity_mw": 20.0, "plant_source": "SUN", "source_id": "59685", "status": "OP"}}, {"type": "Feature", "geometry": {"type": "Point", "coordinates": [-75.49159999999995, 36.89155000000005]}, "properties": {"facility_id": "hifld_pp_59693", "facility_name": "COASTAL VIRGINIA OFFSHORE WIND (CVOW)", "year": 2026, "type": "power_plant", "geoid": 51810, "operator": "VIRGINIA ELECTRIC & POWER CO", "plant_capacity_mw": 0.0, "plant_source": "WND", "source_id": "59693", "status": "L"}}, {"type": "Feature", "geometry": {"type": "Point", "coordinates": [-80.67179800199995, 37.19444044800008]}, "properties": {"facility_id": "hifld_pp_59845", "facility_name": "NEW RIVER", "year": 2026, "type": "power_plant", "geoid": 51155, "operator": "INGENCO RENEWABLE DEVELOPMENT, LLC", "plant_capacity_mw": 5.4, "plant_source": "LFG", "source_id": "59845", "status": "OP"}}, {"type": "Feature", "geometry": {"type": "Point", "coordinates": [-78.18860424399998, 39.12729608300003]}, "properties": {"facility_id": "hifld_pp_59860", "facility_name": "HP HOOD CT", "year": 2026, "type": "power_plant", "geoid": 51069, "operator": "HP HOOD LLC", "plant_capacity_mw": 15.0, "plant_source": "NG", "source_id": "59860", "status": "OP"}}, {"type": "Feature", "geometry": {"type": "Point", "coordinates": [-76.40714299999996, 36.84810500000003]}, "properties": {"facility_id": "hifld_pp_59904", "facility_name": "WESTERN BRANCH HIGH SCHOOL", "year": 2026, "type": "power_plant", "geoid": 51550, "operator": "VIRGINIA ELECTRIC & POWER CO", "plant_capacity_mw": 1.0, "plant_source": "SUN", "source_id": "59904", "status": "OP"}}, {"type": "Feature", "geometry": {"type": "Point", "coordinates": [-78.64368799999994, 38.383222000000046]}, "properties": {"facility_id": "hifld_pp_59905", "facility_name": "MERCK", "year": 2026, "type": "power_plant", "geoid": 51165, "operator": "VIRGINIA ELECTRIC & POWER CO", "plant_capacity_mw": 2.1, "plant_source": "SUN", "source_id": "59905", "status": "OP"}}, {"type": "Feature", "geometry": {"type": "Point", "coordinates": [-77.28689137099997, 37.34175233900004]}, "properties": {"facility_id": "hifld_pp_59911", "facility_name": "PHILIP MORRIS", "year": 2026, "type": "power_plant", "geoid": 51041, "operator": "VIRGINIA ELECTRIC & POWER CO", "plant_capacity_mw": 2.0, "plant_source": "SUN", "source_id": "59911", "status": "OP"}}, {"type": "Feature", "geometry": {"type": "Point", "coordinates": [-77.64955899999995, 36.71823600000005]}, "properties": {"facility_id": "hifld_pp_59913", "facility_name": "GREENSVILLE COUNTY POWER STATION", "year": 2026, "type": "power_plant", "geoid": 51081, "operator": "VIRGINIA ELECTRIC & POWER CO", "plant_capacity_mw": 1773.3, "plant_source": "NG", "source_id": "59913", "status": "OP"}}, {"type": "Feature", "geometry": {"type": "Point", "coordinates": [-75.57050778399997, 37.94341910800006]}, "properties": {"facility_id": "hifld_pp_60127", "facility_name": "EASTERN SHORE SOLAR, LLC", "year": 2026, "type": "power_plant", "geoid": 51001, "operator": "DOMINION RENEWABLE ENERGY", "plant_capacity_mw": 80.0, "plant_source": "SUN", "source_id": "60127", "status": "OP"}}, {"type": "Feature", "geometry": {"type": "Point", "coordinates": [-82.14308899999997, 36.60194000000007]}, "properties": {"facility_id": "hifld_pp_60222", "facility_name": "BRISTOL PLANT", "year": 2026, "type": "power_plant", "geoid": 51520, "operator": "INGENCO RENEWABLE DEVELOPMENT, LLC", "plant_capacity_mw": 5.4, "plant_source": "LFG", "source_id": "60222", "status": "OP"}}, {"type": "Feature", "geometry": {"type": "Point", "coordinates": [-75.79082299999999, 37.548640000000034]}, "properties": {"facility_id": "hifld_pp_60234", "facility_name": "BELLE HAVEN DIESEL GENERATION FACILITY", "year": 2026, "type": "power_plant", "geoid": 51001, "operator": "OLD DOMINION ELECTRIC COOP", "plant_capacity_mw": 4.0, "plant_source": "DFO", "source_id": "60234", "status": "SB"}}, {"type": "Feature", "geometry": {"type": "Point", "coordinates": [-75.65597899999995, 37.741967000000045]}, "properties": {"facility_id": "hifld_pp_60235", "facility_name": "PERDUE DIESEL GENERATION FACILITY", "year": 2026, "type": "power_plant", "geoid": 51001, "operator": "OLD DOMINION ELECTRIC COOP", "plant_capacity_mw": 4.0, "plant_source": "DFO", "source_id": "60235", "status": "SB"}}, {"type": "Feature", "geometry": {"type": "Point", "coordinates": [-75.72048699999993, 37.745420000000024]}, "properties": {"facility_id": "hifld_pp_60236", "facility_name": "ONANCOCK DIESEL GENERATION FACILITY", "year": 2026, "type": "power_plant", "geoid": 51001, "operator": "OLD DOMINION ELECTRIC COOP", "plant_capacity_mw": 4.0, "plant_source": "DFO", "source_id": "60236", "status": "SB"}}, {"type": "Feature", "geometry": {"type": "Point", "coordinates": [-77.93399999999997, 37.523000000000025]}, "properties": {"facility_id": "hifld_pp_60316", "facility_name": "SCOTT SOLAR FARM", "year": 2026, "type": "power_plant", "geoid": 51145, "operator": "VIRGINIA ELECTRIC & POWER CO", "plant_capacity_mw": 17.0, "plant_source": "SUN", "source_id": "60316", "status": "OP"}}, {"type": "Feature", "geometry": {"type": "Point", "coordinates": [-76.61099999999993, 36.89000000000004]}, "properties": {"facility_id": "hifld_pp_60318", "facility_name": "WOODLAND SOLAR FARM", "year": 2026, "type": "power_plant", "geoid": 51093, "operator": "VIRGINIA ELECTRIC & POWER CO", "plant_capacity_mw": 19.0, "plant_source": "SUN", "source_id": "60318", "status": "OP"}}, {"type": "Feature", "geometry": {"type": "Point", "coordinates": [-77.97199999999998, 38.023000000000025]}, "properties": {"facility_id": "hifld_pp_60319", "facility_name": "WHITEHOUSE SOLAR FARM", "year": 2026, "type": "power_plant", "geoid": 51109, "operator": "VIRGINIA ELECTRIC & POWER CO", "plant_capacity_mw": 20.0, "plant_source": "SUN", "source_id": "60319", "status": "OP"}}, {"type": "Feature", "geometry": {"type": "Point", "coordinates": [-76.05141899999995, 36.78975300000008]}, "properties": {"facility_id": "hifld_pp_60584", "facility_name": "OCEANA SOLAR", "year": 2026, "type": "power_plant", "geoid": 51810, "operator": "VIRGINIA ELECTRIC & POWER CO", "plant_capacity_mw": 17.6, "plant_source": "SUN", "source_id": "60584", "status": "OP"}}, {"type": "Feature", "geometry": {"type": "Point", "coordinates": [-76.84882593999998, 37.471387857000025]}, "properties": {"facility_id": "hifld_pp_60915", "facility_name": "CORRECTIONAL SOLAR LLC", "year": 2026, "type": "power_plant", "geoid": 51127, "operator": "DOMINION RENEWABLE ENERGY", "plant_capacity_mw": 20.0, "plant_source": "SUN", "source_id": "60915", "status": "OP"}}, {"type": "Feature", "geometry": {"type": "Point", "coordinates": [-77.41775999999999, 36.940529000000026]}, "properties": {"facility_id": "hifld_pp_60916", "facility_name": "SAPPONY SOLAR LLC", "year": 2026, "type": "power_plant", "geoid": 51183, "operator": "DOMINION RENEWABLE ENERGY", "plant_capacity_mw": 20.0, "plant_source": "SUN", "source_id": "60916", "status": "OP"}}, {"type": "Feature", "geometry": {"type": "Point", "coordinates": [-78.37923699999999, 37.50294400000007]}, "properties": {"facility_id": "hifld_pp_60917", "facility_name": "BUCKINGHAM SOLAR LLC", "year": 2026, "type": "power_plant", "geoid": 51029, "operator": "DOMINION RENEWABLE ENERGY", "plant_capacity_mw": 19.8, "plant_source": "SUN", "source_id": "60917", "status": "OP"}}, {"type": "Feature", "geometry": {"type": "Point", "coordinates": [-77.94355196599997, 37.52729096300004]}, "properties": {"facility_id": "hifld_pp_60968", "facility_name": "SCOTT-II SOLAR LLC", "year": 2026, "type": "power_plant", "geoid": 51145, "operator": "DOMINION RENEWABLE ENERGY", "plant_capacity_mw": 20.0, "plant_source": "SUN", "source_id": "60968", "status": "OP"}}, {"type": "Feature", "geometry": {"type": "Point", "coordinates": [-77.17352278099997, 37.66951132500003]}, "properties": {"facility_id": "hifld_pp_61023", "facility_name": "HOLLYFIELD", "year": 2026, "type": "power_plant", "geoid": 51101, "operator": "VIRGINIA ELECTRIC & POWER CO", "plant_capacity_mw": 17.0, "plant_source": "SUN", "source_id": "61023", "status": "OP"}}, {"type": "Feature", "geometry": {"type": "Point", "coordinates": [-78.17999999999995, 38.92900000000003]}, "properties": {"facility_id": "hifld_pp_61055", "facility_name": "DG AMP SOLAR FRONT ROYAL", "year": 2026, "type": "power_plant", "geoid": 51187, "operator": "DG AMP SOLAR, LLC", "plant_capacity_mw": 2.5, "plant_source": "SUN", "source_id": "61055", "status": "OP"}}, {"type": "Feature", "geometry": {"type": "Point", "coordinates": [-80.87522199999995, 36.83658300000008]}, "properties": {"facility_id": "hifld_pp_61111", "facility_name": "POPLAR CAMP WIND FARM", "year": 2026, "type": "power_plant", "geoid": 51035, "operator": "POPULAR CAMP WIND FARM LLC", "plant_capacity_mw": 0.0, "plant_source": "WND", "source_id": "61111", "status": "P"}}, {"type": "Feature", "geometry": {"type": "Point", "coordinates": [-79.48099499999995, 37.335046000000034]}, "properties": {"facility_id": "hifld_pp_61126", "facility_name": "BEDFORD SOLAR", "year": 2026, "type": "power_plant", "geoid": 51019, "operator": "BEDFORD SOLAR, LLC", "plant_capacity_mw": 3.0, "plant_source": "SUN", "source_id": "61126", "status": "OP"}}, {"type": "Feature", "geometry": {"type": "Point", "coordinates": [-78.66015799999997, 38.73962100000006]}, "properties": {"facility_id": "hifld_pp_61318", "facility_name": "MT. JACKSON SOLAR", "year": 2026, "type": "power_plant", "geoid": 51171, "operator": "MT. JACKSON SOLAR LLC", "plant_capacity_mw": 0.0, "plant_source": "SUN", "source_id": "61318", "status": "P"}}, {"type": "Feature", "geometry": {"type": "Point", "coordinates": [-78.13820699999997, 39.064850000000035]}, "properties": {"facility_id": "hifld_pp_61374", "facility_name": "CLARKE SOLAR POWER FACILITY", "year": 2026, "type": "power_plant", "geoid": 51043, "operator": "DOMINION RENEWABLE ENERGY", "plant_capacity_mw": 10.0, "plant_source": "SUN", "source_id": "61374", "status": "OP"}}, {"type": "Feature", "geometry": {"type": "Point", "coordinates": [-75.91412699999995, 37.36939800000005]}, "properties": {"facility_id": "hifld_pp_61375", "facility_name": "CHERRYDALE SOLAR POWER FACILITY", "year": 2026, "type": "power_plant", "geoid": 51131, "operator": "DOMINION RENEWABLE ENERGY", "plant_capacity_mw": 20.0, "plant_source": "SUN", "source_id": "61375", "status": "OP"}}, {"type": "Feature", "geometry": {"type": "Point", "coordinates": [-76.79996699999998, 37.83409400000005]}, "properties": {"facility_id": "hifld_pp_61406", "facility_name": "ESSEX SOLAR CENTER", "year": 2026, "type": "power_plant", "geoid": 51057, "operator": "ESSEX SOLAR CENTER, LLC", "plant_capacity_mw": 20.0, "plant_source": "SUN", "source_id": "61406", "status": "OP"}}, {"type": "Feature", "geometry": {"type": "Point", "coordinates": [-77.16670431999995, 36.61422842800005]}, "properties": {"facility_id": "hifld_pp_61422", "facility_name": "SOUTHAMPTON SOLAR, LLC", "year": 2026, "type": "power_plant", "geoid": 51175, "operator": "DOMINION RENEWABLE ENERGY", "plant_capacity_mw": 100.0, "plant_source": "SUN", "source_id": "61422", "status": "OP"}}, {"type": "Feature", "geometry": {"type": "Point", "coordinates": [-78.23086782199994, 37.966307251000046]}, "properties": {"facility_id": "hifld_pp_61457", "facility_name": "PALMER SOLAR CENTER", "year": 2026, "type": "power_plant", "geoid": 51065, "operator": "PALMER SOLAR CENTER, LLC", "plant_capacity_mw": 5.0, "plant_source": "SUN", "source_id": "61457", "status": "OP"}}, {"type": "Feature", "geometry": {"type": "Point", "coordinates": [-78.04919099999995, 37.88051000000007]}, "properties": {"facility_id": "hifld_pp_61458", "facility_name": "MARTIN SOLAR CENTER", "year": 2026, "type": "power_plant", "geoid": 51075, "operator": "MARTIN SOLAR CENTER, LLC", "plant_capacity_mw": 5.0, "plant_source": "SUN", "source_id": "61458", "status": "OP"}}, {"type": "Feature", "geometry": {"type": "Point", "coordinates": [-79.80030932999995, 38.20845574800006]}, "properties": {"facility_id": "hifld_pp_6167", "facility_name": "BATH COUNTY", "year": 2026, "type": "power_plant", "geoid": 51017, "operator": "VIRGINIA ELECTRIC & POWER CO", "plant_capacity_mw": 2862.0, "plant_source": "WAT", "source_id": "6167", "status": "OP"}}, {"type": "Feature", "geometry": {"type": "Point", "coordinates": [-77.79018184099994, 38.06112429500007]}, "properties": {"facility_id": "hifld_pp_6168", "facility_name": "NORTH ANNA", "year": 2026, "type": "power_plant", "geoid": 51109, "operator": "VIRGINIA ELECTRIC & POWER CO", "plant_capacity_mw": 1960.4, "plant_source": "NUC", "source_id": "6168", "status": "OP"}}, {"type": "Feature", "geometry": {"type": "Point", "coordinates": [-79.11650599999996, 37.27627800000005]}, "properties": {"facility_id": "hifld_pp_61691", "facility_name": "DEPOT SOLAR CENTER, LLC", "year": 2026, "type": "power_plant", "geoid": 51031, "operator": "DEPOT SOLAR CENTER, LLC", "plant_capacity_mw": 0.0, "plant_source": "SUN", "source_id": "61691", "status": "P"}}, {"type": "Feature", "geometry": {"type": "Point", "coordinates": [-77.16730399999994, 37.44709700000004]}, "properties": {"facility_id": "hifld_pp_61760", "facility_name": "C4GT", "year": 2026, "type": "power_plant", "geoid": 51036, "operator": "C4GT, LLC", "plant_capacity_mw": 0.0, "plant_source": "NG", "source_id": "61760", "status": "T"}}, {"type": "Feature", "geometry": {"type": "Point", "coordinates": [-79.29905999999994, 36.66059100000007]}, "properties": {"facility_id": "hifld_pp_61849", "facility_name": "DANVILLE", "year": 2026, "type": "power_plant", "geoid": 51143, "operator": "WGL ENERGY SYSTEMS, INC", "plant_capacity_mw": 6.0, "plant_source": "SUN", "source_id": "61849", "status": "OP"}}, {"type": "Feature", "geometry": {"type": "Point", "coordinates": [-76.56092999999998, 36.660483000000056]}, "properties": {"facility_id": "hifld_pp_61908", "facility_name": "STRATFORD SOLAR CENTER, LLC", "year": 2026, "type": "power_plant", "geoid": 51800, "operator": "STRATFORD SOLAR CENTER, LLC", "plant_capacity_mw": 0.0, "plant_source": "SUN", "source_id": "61908", "status": "P"}}, {"type": "Feature", "geometry": {"type": "Point", "coordinates": [-76.90222199999994, 37.13888900000006]}, "properties": {"facility_id": "hifld_pp_61985", "facility_name": "COLONIAL TRAIL WEST", "year": 2026, "type": "power_plant", "geoid": 51181, "operator": "DOMINION RENEWABLE ENERGY", "plant_capacity_mw": 0.0, "plant_source": "SUN", "source_id": "61985", "status": "U"}}, {"type": "Feature", "geometry": {"type": "Point", "coordinates": [-76.91924499999999, 37.17391600000008]}, "properties": {"facility_id": "hifld_pp_61986", "facility_name": "SPRING GROVE I", "year": 2026, "type": "power_plant", "geoid": 51181, "operator": "DOMINION RENEWABLE ENERGY", "plant_capacity_mw": 0.0, "plant_source": "SUN", "source_id": "61986", "status": "U"}}, {"type": "Feature", "geometry": {"type": "Point", "coordinates": [-77.78612782199997, 38.24711705100003]}, "properties": {"facility_id": "hifld_pp_62011", "facility_name": "RICHMOND SPIDER SOLAR", "year": 2026, "type": "power_plant", "geoid": 51177, "operator": "RICHMOND SPIDER SOLAR LLC", "plant_capacity_mw": 0.0, "plant_source": "SUN", "source_id": "62011", "status": "P"}}, {"type": "Feature", "geometry": {"type": "Point", "coordinates": [-77.78622299999995, 38.247123000000045]}, "properties": {"facility_id": "hifld_pp_62012", "facility_name": "PLEINMONT SOLAR 1", "year": 2026, "type": "power_plant", "geoid": 51177, "operator": "PLEINMONT SOLAR 1 LLC", "plant_capacity_mw": 0.0, "plant_source": "SUN", "source_id": "62012", "status": "P"}}, {"type": "Feature", "geometry": {"type": "Point", "coordinates": [-77.78615161599998, 38.24700402700006]}, "properties": {"facility_id": "hifld_pp_62013", "facility_name": "PLEINMONT SOLAR 2", "year": 2026, "type": "power_plant", "geoid": 51177, "operator": "PLEINMONT SOLAR 2 LLC", "plant_capacity_mw": 0.0, "plant_source": "SUN", "source_id": "62013", "status": "P"}}, {"type": "Feature", "geometry": {"type": "Point", "coordinates": [-77.78627653799998, 38.24703377000003]}, "properties": {"facility_id": "hifld_pp_62014", "facility_name": "HIGHLANDER SOLAR STATION 1", "year": 2026, "type": "power_plant", "geoid": 51177, "operator": "HIGHLANDER SOLAR STATION 1 LLC", "plant_capacity_mw": 0.0, "plant_source": "SUN", "source_id": "62014", "status": "P"}}, {"type": "Feature", "geometry": {"type": "Point", "coordinates": [-76.46733999999998, 37.57245000000006]}, "properties": {"facility_id": "hifld_pp_62140", "facility_name": "PULLER SOLAR", "year": 2026, "type": "power_plant", "geoid": 51119, "operator": "DOMINION RENEWABLE ENERGY", "plant_capacity_mw": 15.0, "plant_source": "SUN", "source_id": "62140", "status": "OP"}}, {"type": "Feature", "geometry": {"type": "Point", "coordinates": [-76.20138709799994, 36.87635289200006]}, "properties": {"facility_id": "hifld_pp_62355", "facility_name": "IKEA NORFOLK ROOFTOP PV SYSTEM", "year": 2026, "type": "power_plant", "geoid": 51710, "operator": "IKEA PROPERTY INC", "plant_capacity_mw": 0.0, "plant_source": "SUN", "source_id": "62355", "status": "U"}}, {"type": "Feature", "geometry": {"type": "Point", "coordinates": [-77.15873599999998, 37.43710600000003]}, "properties": {"facility_id": "hifld_pp_62675", "facility_name": "SKIPJACK SOLAR CENTER", "year": 2026, "type": "power_plant", "geoid": 51036, "operator": "SKIPJACK SOLAR CENTER, LLC", "plant_capacity_mw": 0.0, "plant_source": "SUN", "source_id": "62675", "status": "P"}}, {"type": "Feature", "geometry": {"type": "Point", "coordinates": [-78.04313099999996, 38.01573500000006]}, "properties": {"facility_id": "hifld_pp_62730", "facility_name": "DESPER SOLAR", "year": 2026, "type": "power_plant", "geoid": 51109, "operator": "BELCHER SOLAR LLC", "plant_capacity_mw": 0.0, "plant_source": "SUN", "source_id": "62730", "status": "T"}}, {"type": "Feature", "geometry": {"type": "Point", "coordinates": [-77.64999999999998, 36.59000000000003]}, "properties": {"facility_id": "hifld_pp_62758", "facility_name": "MEHERRIN SOLAR", "year": 2026, "type": "power_plant", "geoid": 51081, "operator": "MEHERRIN SOLAR LLC", "plant_capacity_mw": 0.0, "plant_source": "SUN", "source_id": "62758", "status": "L"}}, {"type": "Feature", "geometry": {"type": "Point", "coordinates": [-78.77189199999998, 36.81855400000006]}, "properties": {"facility_id": "hifld_pp_62768", "facility_name": "PINEY CREEK SOLAR", "year": 2026, "type": "power_plant", "geoid": 51083, "operator": "PINEY CREEK, LLC", "plant_capacity_mw": 0.0, "plant_source": "SUN", "source_id": "62768", "status": "P"}}, {"type": "Feature", "geometry": {"type": "Point", "coordinates": [-76.38322799999997, 37.657039000000054]}, "properties": {"facility_id": "hifld_pp_62780", "facility_name": "RAPPAHANNOCK SOLAR, LLC", "year": 2026, "type": "power_plant", "geoid": 51103, "operator": "RAPPAHANNOCK SOLAR, LLC", "plant_capacity_mw": 0.0, "plant_source": "SUN", "source_id": "62780", "status": "T"}}, {"type": "Feature", "geometry": {"type": "Point", "coordinates": [-78.44999999999999, 36.85000000000008]}, "properties": {"facility_id": "hifld_pp_62813", "facility_name": "GRASSHOPPER SOLAR", "year": 2026, "type": "power_plant", "geoid": 51117, "operator": "DOMINION ENERGY INC", "plant_capacity_mw": 0.0, "plant_source": "SUN", "source_id": "62813", "status": "T"}}, {"type": "Feature", "geometry": {"type": "Point", "coordinates": [-77.59984707099994, 36.69279023300004]}, "properties": {"facility_id": "hifld_pp_62814", "facility_name": "SADLER SOLAR", "year": 2026, "type": "power_plant", "geoid": 51081, "operator": "DOMINION ENERGY INC", "plant_capacity_mw": 0.0, "plant_source": "SUN", "source_id": "62814", "status": "T"}}, {"type": "Feature", "geometry": {"type": "Point", "coordinates": [-75.99133224799994, 37.82767144600007]}, "properties": {"facility_id": "hifld_pp_6390", "facility_name": "TANGIER", "year": 2026, "type": "power_plant", "geoid": 51001, "operator": "A & N ELECTRIC COOP", "plant_capacity_mw": 2.4, "plant_source": "DFO", "source_id": "6390", "status": "OP"}}, {"type": "Feature", "geometry": {"type": "Point", "coordinates": [-76.69073237299995, 37.15764276800007]}, "properties": {"facility_id": "hifld_pp_7032", "facility_name": "GRAVEL NECK", "year": 2026, "type": "power_plant", "geoid": 51181, "operator": "VIRGINIA ELECTRIC & POWER CO", "plant_capacity_mw": 407.7, "plant_source": "NG", "source_id": "7032", "status": "OP"}}, {"type": "Feature", "geometry": {"type": "Point", "coordinates": [-77.36801651899998, 37.49893740700003]}, "properties": {"facility_id": "hifld_pp_7212", "facility_name": "DARBYTOWN", "year": 2026, "type": "power_plant", "geoid": 51087, "operator": "VIRGINIA ELECTRIC & POWER CO", "plant_capacity_mw": 368.4, "plant_source": "NG", "source_id": "7212", "status": "OP"}}, {"type": "Feature", "geometry": {"type": "Point", "coordinates": [-78.70471502799995, 36.86900356900003]}, "properties": {"facility_id": "hifld_pp_7213", "facility_name": "CLOVER", "year": 2026, "type": "power_plant", "geoid": 51083, "operator": "VIRGINIA ELECTRIC & POWER CO", "plant_capacity_mw": 848.0, "plant_source": "BIT", "source_id": "7213", "status": "OP"}}, {"type": "Feature", "geometry": {"type": "Point", "coordinates": [-77.46265998999996, 38.75225510400003]}, "properties": {"facility_id": "hifld_pp_7438", "facility_name": "CHURCH STREET PLANT", "year": 2026, "type": "power_plant", "geoid": 51683, "operator": "CITY OF MANASSAS - (VA)", "plant_capacity_mw": 4.3, "plant_source": "DFO", "source_id": "7438", "status": "OP"}}, {"type": "Feature", "geometry": {"type": "Point", "coordinates": [-77.50577582299996, 38.74966387000006]}, "properties": {"facility_id": "hifld_pp_7439", "facility_name": "GODWIN DRIVE PLANT", "year": 2026, "type": "power_plant", "geoid": 51683, "operator": "CITY OF MANASSAS - (VA)", "plant_capacity_mw": 6.3, "plant_source": "DFO", "source_id": "7439", "status": "OP"}}, {"type": "Feature", "geometry": {"type": "Point", "coordinates": [-77.50839442099993, 38.74040300800005]}, "properties": {"facility_id": "hifld_pp_7440", "facility_name": "VMEA 1 CREDIT GEN", "year": 2026, "type": "power_plant", "geoid": 51683, "operator": "CITY OF MANASSAS - (VA)", "plant_capacity_mw": 13.2, "plant_source": "DFO", "source_id": "7440", "status": "OP"}}, {"type": "Feature", "geometry": {"type": "Point", "coordinates": [-77.50921652399995, 38.73998779200008]}, "properties": {"facility_id": "hifld_pp_7441", "facility_name": "VMEA PEAKING GEN", "year": 2026, "type": "power_plant", "geoid": 51683, "operator": "CITY OF MANASSAS - (VA)", "plant_capacity_mw": 6.4, "plant_source": "DFO", "source_id": "7441", "status": "OP"}}, {"type": "Feature", "geometry": {"type": "Point", "coordinates": [-77.49711446399994, 38.744592674000046]}, "properties": {"facility_id": "hifld_pp_7797", "facility_name": "DOMINION/LO MAR", "year": 2026, "type": "power_plant", "geoid": 51683, "operator": "CITY OF MANASSAS - (VA)", "plant_capacity_mw": 19.2, "plant_source": "DFO", "source_id": "7797", "status": "OP"}}, {"type": "Feature", "geometry": {"type": "Point", "coordinates": [-77.51392569799998, 38.73121675500005]}, "properties": {"facility_id": "hifld_pp_7798", "facility_name": "GATEWAY GEN", "year": 2026, "type": "power_plant", "geoid": 51683, "operator": "CITY OF MANASSAS - (VA)", "plant_capacity_mw": 3.6, "plant_source": "DFO", "source_id": "7798", "status": "OP"}}, {"type": "Feature", "geometry": {"type": "Point", "coordinates": [-77.76864965599998, 38.52910663800003]}, "properties": {"facility_id": "hifld_pp_7836", "facility_name": "MARSH RUN GENERATION FACILITY", "year": 2026, "type": "power_plant", "geoid": 51061, "operator": "OLD DOMINION ELECTRIC COOP", "plant_capacity_mw": 513.3, "plant_source": "NG", "source_id": "7836", "status": "OP"}}, {"type": "Feature", "geometry": {"type": "Point", "coordinates": [-78.21438778999999, 38.11688647500006]}, "properties": {"facility_id": "hifld_pp_7837", "facility_name": "LOUISA GENERATION FACILITY", "year": 2026, "type": "power_plant", "geoid": 51109, "operator": "OLD DOMINION ELECTRIC COOP", "plant_capacity_mw": 509.1, "plant_source": "NG", "source_id": "7837", "status": "OP"}}, {"type": "Feature", "geometry": {"type": "Point", "coordinates": [-77.77062072699994, 38.54450338100003]}, "properties": {"facility_id": "hifld_pp_7838", "facility_name": "REMINGTON", "year": 2026, "type": "power_plant", "geoid": 51061, "operator": "VIRGINIA ELECTRIC & POWER CO", "plant_capacity_mw": 705.5, "plant_source": "NG", "source_id": "7838", "status": "OP"}}, {"type": "Feature", "geometry": {"type": "Point", "coordinates": [-77.51420419499993, 38.073098247000075]}, "properties": {"facility_id": "hifld_pp_7839", "facility_name": "LADYSMITH", "year": 2026, "type": "power_plant", "geoid": 51033, "operator": "VIRGINIA ELECTRIC & POWER CO", "plant_capacity_mw": 892.5, "plant_source": "NG", "source_id": "7839", "status": "OP"}}, {"type": "Feature", "geometry": {"type": "Point", "coordinates": [-75.55604422399995, 37.884700415000054]}, "properties": {"facility_id": "hifld_pp_7939", "facility_name": "DIESEL GROUP 1", "year": 2026, "type": "power_plant", "geoid": 51001, "operator": "OLD DOMINION ELECTRIC COOP", "plant_capacity_mw": 12.0, "plant_source": "DFO", "source_id": "7939", "status": "NOT AVAILABLE"}}, {"type": "Feature", "geometry": {"type": "Point", "coordinates": [-77.96439999999996, 37.338100000000054]}, "properties": {"facility_id": "hifld_pp_7940", "facility_name": "PONTON DIESEL GENERATING FACILITY", "year": 2026, "type": "power_plant", "geoid": 51007, "operator": "OLD DOMINION ELECTRIC COOP", "plant_capacity_mw": 4.0, "plant_source": "DFO", "source_id": "7940", "status": "SB"}}, {"type": "Feature", "geometry": {"type": "Point", "coordinates": [-77.98704771399997, 37.29450914200004]}, "properties": {"facility_id": "hifld_pp_7941", "facility_name": "NOTTOWAY DIESEL GENERATING FACILITY", "year": 2026, "type": "power_plant", "geoid": 51007, "operator": "OLD DOMINION ELECTRIC COOP", "plant_capacity_mw": 4.0, "plant_source": "DFO", "source_id": "7941", "status": "SB"}}, {"type": "Feature", "geometry": {"type": "Point", "coordinates": [-80.00888221699995, 37.27341402600007]}, "properties": {"facility_id": "hifld_pp_NA350", "facility_name": "SALEM VETERANS AFFAIRS MEDICAL CENTER SOLAR", "year": 2026, "type": "power_plant", "geoid": 51770, "operator": "NOT AVAILABLE", "plant_capacity_mw": 1.8, "plant_source": "SUN", "source_id": "NA350", "status": "NOT AVAILABLE"}}, {"type": "Feature", "geometry": {"type": "Point", "coordinates": [-78.36464218299994, 39.27620297800007]}, "properties": {"facility_id": "hifld_ss_108970", "facility_name": "UNKNOWN108970", "year": 2026, "type": "substation", "geoid": 51069, "lines": 0.0, "source_id": "108970", "status": "IN SERVICE"}}, {"type": "Feature", "geometry": {"type": "Point", "coordinates": [-82.81262919399995, 36.88139282800006]}, "properties": {"facility_id": "hifld_ss_109418", "facility_name": "IMBODEN", "year": 2026, "type": "substation", "geoid": 51195, "lines": 7.0, "max_voltage": 161.0, "source_id": "109418", "status": "IN SERVICE"}}, {"type": "Feature", "geometry": {"type": "Point", "coordinates": [-83.11056383199997, 36.72608812000004]}, "properties": {"facility_id": "hifld_ss_109426", "facility_name": "UNKNOWN109426", "year": 2026, "type": "substation", "geoid": 51105, "lines": 1.0, "source_id": "109426", "status": "IN SERVICE"}}, {"type": "Feature", "geometry": {"type": "Point", "coordinates": [-82.64673090599996, 36.932991550000054]}, "properties": {"facility_id": "hifld_ss_109430", "facility_name": "DORCHESTER", "year": 2026, "type": "substation", "geoid": 51720, "lines": 7.0, "max_voltage": 161.0, "source_id": "109430", "status": "IN SERVICE"}}, {"type": "Feature", "geometry": {"type": "Point", "coordinates": [-83.38243802399995, 36.66503661000007]}, "properties": {"facility_id": "hifld_ss_109487", "facility_name": "UNKNOWN109487", "year": 2026, "type": "substation", "geoid": 51105, "lines": 1.0, "max_voltage": 69.0, "source_id": "109487", "status": "IN SERVICE"}}, {"type": "Feature", "geometry": {"type": "Point", "coordinates": [-81.80664263799997, 37.09214044400005]}, "properties": {"facility_id": "hifld_ss_113073", "facility_name": "RICHLANDS", "year": 2026, "type": "substation", "geoid": 51185, "lines": 4.0, "max_voltage": 138.0, "source_id": "113073", "status": "IN SERVICE"}}, {"type": "Feature", "geometry": {"type": "Point", "coordinates": [-81.77546366799999, 37.045245075000025]}, "properties": {"facility_id": "hifld_ss_113074", "facility_name": "CLAYPOOL HILL", "year": 2026, "type": "substation", "geoid": 51185, "lines": 2.0, "max_voltage": 138.0, "source_id": "113074", "status": "IN SERVICE"}}, {"type": "Feature", "geometry": {"type": "Point", "coordinates": [-81.81561828299994, 37.17370994400005]}, "properties": {"facility_id": "hifld_ss_113075", "facility_name": "SANDY RIDGE", "year": 2026, "type": "substation", "geoid": 51185, "lines": 1.0, "max_voltage": 69.0, "source_id": "113075", "status": "IN SERVICE"}}, {"type": "Feature", "geometry": {"type": "Point", "coordinates": [-81.78304560299995, 37.19242587200006]}, "properties": {"facility_id": "hifld_ss_113076", "facility_name": "JEWELL RIDGE", "year": 2026, "type": "substation", "geoid": 51185, "lines": 3.0, "max_voltage": 69.0, "source_id": "113076", "status": "IN SERVICE"}}, {"type": "Feature", "geometry": {"type": "Point", "coordinates": [-81.79282391899994, 37.22309807600004]}, "properties": {"facility_id": "hifld_ss_113077", "facility_name": "JEWELL BRANCH", "year": 2026, "type": "substation", "geoid": 51027, "lines": 3.0, "max_voltage": 69.0, "source_id": "113077", "status": "IN SERVICE"}}, {"type": "Feature", "geometry": {"type": "Point", "coordinates": [-81.80186233099994, 37.235422088000064]}, "properties": {"facility_id": "hifld_ss_113078", "facility_name": "UNKNOWN113078", "year": 2026, "type": "substation", "geoid": 51027, "lines": 1.0, "max_voltage": 69.0, "source_id": "113078", "status": "IN SERVICE"}}, {"type": "Feature", "geometry": {"type": "Point", "coordinates": [-81.49585151899998, 37.13548876600004]}, "properties": {"facility_id": "hifld_ss_113080", "facility_name": "BUCKHORN", "year": 2026, "type": "substation", "geoid": 51185, "lines": 2.0, "max_voltage": 138.0, "source_id": "113080", "status": "IN SERVICE"}}, {"type": "Feature", "geometry": {"type": "Point", "coordinates": [-81.31395374099998, 37.236661525000045]}, "properties": {"facility_id": "hifld_ss_113081", "facility_name": "LONESOME PINE", "year": 2026, "type": "substation", "geoid": 51185, "lines": 2.0, "max_voltage": 138.0, "source_id": "113081", "status": "IN SERVICE"}}, {"type": "Feature", "geometry": {"type": "Point", "coordinates": [-82.18283406799998, 36.98334816400006]}, "properties": {"facility_id": "hifld_ss_113087", "facility_name": "CLINCHFIELD", "year": 2026, "type": "substation", "geoid": 51167, "lines": 4.0, "max_voltage": 138.0, "source_id": "113087", "status": "IN SERVICE"}}, {"type": "Feature", "geometry": {"type": "Point", "coordinates": [-82.06905292199997, 37.11397828100007]}, "properties": {"facility_id": "hifld_ss_113088", "facility_name": "FLETCHERS RIDGE", "year": 2026, "type": "substation", "geoid": 51027, "lines": 2.0, "max_voltage": 138.0, "source_id": "113088", "status": "IN SERVICE"}}, {"type": "Feature", "geometry": {"type": "Point", "coordinates": [-81.94308053299994, 37.26051800500005]}, "properties": {"facility_id": "hifld_ss_113089", "facility_name": "HALES BRANCH", "year": 2026, "type": "substation", "geoid": 51027, "lines": 6.0, "max_voltage": 138.0, "source_id": "113089", "status": "IN SERVICE"}}, {"type": "Feature", "geometry": {"type": "Point", "coordinates": [-81.92832301699997, 37.24674307700008]}, "properties": {"facility_id": "hifld_ss_113090", "facility_name": "JEWELL SMOKELESS C AND C COAL CO", "year": 2026, "type": "substation", "geoid": 51027, "lines": 1.0, "max_voltage": 69.0, "source_id": "113090", "status": "IN SERVICE"}}, {"type": "Feature", "geometry": {"type": "Point", "coordinates": [-81.90381736399996, 37.213488762000054]}, "properties": {"facility_id": "hifld_ss_113091", "facility_name": "SHACK MILLS STATION", "year": 2026, "type": "substation", "geoid": 51027, "lines": 2.0, "max_voltage": 138.0, "source_id": "113091", "status": "IN SERVICE"}}, {"type": "Feature", "geometry": {"type": "Point", "coordinates": [-81.92254075199997, 37.17466483100003]}, "properties": {"facility_id": "hifld_ss_113092", "facility_name": "KEAN MTN AND GRASSY CREEK", "year": 2026, "type": "substation", "geoid": 51027, "lines": 2.0, "max_voltage": 138.0, "source_id": "113092", "status": "IN SERVICE"}}, {"type": "Feature", "geometry": {"type": "Point", "coordinates": [-81.96105498499998, 37.17548411900003]}, "properties": {"facility_id": "hifld_ss_113093", "facility_name": "UNKNOWN113093", "year": 2026, "type": "substation", "geoid": 51027, "lines": 2.0, "max_voltage": 138.0, "source_id": "113093", "status": "IN SERVICE"}}, {"type": "Feature", "geometry": {"type": "Point", "coordinates": [-82.09443030999995, 37.31553478100005]}, "properties": {"facility_id": "hifld_ss_113094", "facility_name": "LOONEY CREEK", "year": 2026, "type": "substation", "geoid": 51027, "lines": 4.0, "max_voltage": 138.0, "source_id": "113094", "status": "IN SERVICE"}}, {"type": "Feature", "geometry": {"type": "Point", "coordinates": [-82.12463263199999, 37.301198010000064]}, "properties": {"facility_id": "hifld_ss_113095", "facility_name": "GRUNDY", "year": 2026, "type": "substation", "geoid": 51027, "lines": 3.0, "max_voltage": 69.0, "source_id": "113095", "status": "IN SERVICE"}}, {"type": "Feature", "geometry": {"type": "Point", "coordinates": [-82.76199829999996, 36.73173365100007]}, "properties": {"facility_id": "hifld_ss_113962", "facility_name": "UNKNOWN113962", "year": 2026, "type": "substation", "geoid": 51169, "lines": 2.0, "source_id": "113962", "status": "IN SERVICE"}}, {"type": "Feature", "geometry": {"type": "Point", "coordinates": [-82.56791194999994, 36.64377259200006]}, "properties": {"facility_id": "hifld_ss_113963", "facility_name": "UNKNOWN113963", "year": 2026, "type": "substation", "geoid": 51169, "lines": 1.0, "source_id": "113963", "status": "IN SERVICE"}}, {"type": "Feature", "geometry": {"type": "Point", "coordinates": [-82.39644840899996, 37.12982109600006]}, "properties": {"facility_id": "hifld_ss_113964", "facility_name": "FREEMONT", "year": 2026, "type": "substation", "geoid": 51051, "lines": 7.0, "max_voltage": 138.0, "source_id": "113964", "status": "IN SERVICE"}}, {"type": "Feature", "geometry": {"type": "Point", "coordinates": [-82.42560196199997, 37.15385841100005]}, "properties": {"facility_id": "hifld_ss_113965", "facility_name": "LOCKHART", "year": 2026, "type": "substation", "geoid": 51051, "lines": 2.0, "max_voltage": 138.0, "source_id": "113965", "status": "IN SERVICE"}}, {"type": "Feature", "geometry": {"type": "Point", "coordinates": [-82.35643284299994, 37.151894166000034]}, "properties": {"facility_id": "hifld_ss_113966", "facility_name": "MOSS", "year": 2026, "type": "substation", "geoid": 51051, "lines": 2.0, "max_voltage": 69.0, "source_id": "113966", "status": "IN SERVICE"}}, {"type": "Feature", "geometry": {"type": "Point", "coordinates": [-82.78388030999997, 36.953200534000075]}, "properties": {"facility_id": "hifld_ss_113968", "facility_name": "UNKNOWN113968", "year": 2026, "type": "substation", "geoid": 51195, "lines": 1.0, "max_voltage": 69.0, "source_id": "113968", "status": "IN SERVICE"}}, {"type": "Feature", "geometry": {"type": "Point", "coordinates": [-82.78789974899996, 36.887150200000065]}, "properties": {"facility_id": "hifld_ss_113969", "facility_name": "UNKNOWN113969", "year": 2026, "type": "substation", "geoid": 51195, "lines": 2.0, "max_voltage": 138.0, "source_id": "113969", "status": "IN SERVICE"}}, {"type": "Feature", "geometry": {"type": "Point", "coordinates": [-81.52339763499998, 36.82355776500003]}, "properties": {"facility_id": "hifld_ss_113971", "facility_name": "UNKNOWN113971", "year": 2026, "type": "substation", "geoid": 51173, "lines": 2.0, "max_voltage": 138.0, "source_id": "113971", "status": "IN SERVICE"}}, {"type": "Feature", "geometry": {"type": "Point", "coordinates": [-81.87097810399996, 36.761518041000045]}, "properties": {"facility_id": "hifld_ss_113972", "facility_name": "UNKNOWN113972", "year": 2026, "type": "substation", "geoid": 51191, "lines": 3.0, "max_voltage": 138.0, "source_id": "113972", "status": "IN SERVICE"}}, {"type": "Feature", "geometry": {"type": "Point", "coordinates": [-82.10389866699995, 36.66359203600007]}, "properties": {"facility_id": "hifld_ss_113973", "facility_name": "UNKNOWN113973", "year": 2026, "type": "substation", "geoid": 51191, "lines": 6.0, "max_voltage": 138.0, "source_id": "113973", "status": "IN SERVICE"}}, {"type": "Feature", "geometry": {"type": "Point", "coordinates": [-82.60484009299995, 36.94830284900007]}, "properties": {"facility_id": "hifld_ss_114100", "facility_name": "UNKNOWN114100", "year": 2026, "type": "substation", "geoid": 51720, "lines": 0.0, "source_id": "114100", "status": "IN SERVICE"}}, {"type": "Feature", "geometry": {"type": "Point", "coordinates": [-82.47336099199998, 36.95180569100006]}, "properties": {"facility_id": "hifld_ss_114101", "facility_name": "UNKNOWN114101", "year": 2026, "type": "substation", "geoid": 51195, "lines": 2.0, "max_voltage": 138.0, "source_id": "114101", "status": "IN SERVICE"}}, {"type": "Feature", "geometry": {"type": "Point", "coordinates": [-82.33703635799998, 36.91349213400008]}, "properties": {"facility_id": "hifld_ss_114102", "facility_name": "UNKNOWN114102", "year": 2026, "type": "substation", "geoid": 51195, "lines": 3.0, "max_voltage": 138.0, "source_id": "114102", "status": "IN SERVICE"}}, {"type": "Feature", "geometry": {"type": "Point", "coordinates": [-82.33800576699997, 36.91808116200008]}, "properties": {"facility_id": "hifld_ss_114171", "facility_name": "UNKNOWN114171", "year": 2026, "type": "substation", "geoid": 51195, "lines": 3.0, "max_voltage": 138.0, "source_id": "114171", "status": "IN SERVICE"}}, {"type": "Feature", "geometry": {"type": "Point", "coordinates": [-82.31214858799996, 36.91080416800003]}, "properties": {"facility_id": "hifld_ss_114172", "facility_name": "UNKNOWN114172", "year": 2026, "type": "substation", "geoid": 51195, "lines": 2.0, "max_voltage": 138.0, "source_id": "114172", "status": "IN SERVICE"}}, {"type": "Feature", "geometry": {"type": "Point", "coordinates": [-81.70952615099998, 36.79281984700003]}, "properties": {"facility_id": "hifld_ss_114175", "facility_name": "UNKNOWN114175", "year": 2026, "type": "substation", "geoid": 51191, "lines": 2.0, "source_id": "114175", "status": "IN SERVICE"}}, {"type": "Feature", "geometry": {"type": "Point", "coordinates": [-79.97209082799998, 37.44991283100006]}, "properties": {"facility_id": "hifld_ss_114181", "facility_name": "UNKNOWN114181", "year": 2026, "type": "substation", "geoid": 51023, "lines": 4.0, "max_voltage": 138.0, "source_id": "114181", "status": "IN SERVICE"}}, {"type": "Feature", "geometry": {"type": "Point", "coordinates": [-79.36436158499998, 37.40661018600008]}, "properties": {"facility_id": "hifld_ss_114182", "facility_name": "UNKNOWN114182", "year": 2026, "type": "substation", "geoid": 51019, "lines": 2.0, "max_voltage": 138.0, "source_id": "114182", "status": "IN SERVICE"}}, {"type": "Feature", "geometry": {"type": "Point", "coordinates": [-79.90208935799996, 37.45492591100003]}, "properties": {"facility_id": "hifld_ss_114183", "facility_name": "UNKNOWN114183", "year": 2026, "type": "substation", "geoid": 51023, "lines": 3.0, "max_voltage": 115.0, "source_id": "114183", "status": "IN SERVICE"}}, {"type": "Feature", "geometry": {"type": "Point", "coordinates": [-79.54270492799998, 37.74977037600007]}, "properties": {"facility_id": "hifld_ss_114184", "facility_name": "UNKNOWN114184", "year": 2026, "type": "substation", "geoid": 51163, "lines": 1.0, "max_voltage": 115.0, "source_id": "114184", "status": "IN SERVICE"}}, {"type": "Feature", "geometry": {"type": "Point", "coordinates": [-79.85112324399995, 36.701991914000075]}, "properties": {"facility_id": "hifld_ss_114441", "facility_name": "UNKNOWN114441", "year": 2026, "type": "substation", "geoid": 51690, "lines": 6.0, "source_id": "114441", "status": "IN SERVICE"}}, {"type": "Feature", "geometry": {"type": "Point", "coordinates": [-79.39757009299996, 36.63167603200003]}, "properties": {"facility_id": "hifld_ss_114444", "facility_name": "UNKNOWN114444", "year": 2026, "type": "substation", "geoid": 51590, "lines": 3.0, "max_voltage": 69.0, "source_id": "114444", "status": "IN SERVICE"}}, {"type": "Feature", "geometry": {"type": "Point", "coordinates": [-79.41587290699994, 36.66935110800006]}, "properties": {"facility_id": "hifld_ss_114445", "facility_name": "UNKNOWN114445", "year": 2026, "type": "substation", "geoid": 51143, "lines": 3.0, "max_voltage": 69.0, "source_id": "114445", "status": "IN SERVICE"}}, {"type": "Feature", "geometry": {"type": "Point", "coordinates": [-79.39805300799998, 36.59619818200008]}, "properties": {"facility_id": "hifld_ss_114446", "facility_name": "UNKNOWN114446", "year": 2026, "type": "substation", "geoid": 51590, "lines": 6.0, "max_voltage": 138.0, "source_id": "114446", "status": "IN SERVICE"}}, {"type": "Feature", "geometry": {"type": "Point", "coordinates": [-79.41517629099997, 36.60266246200007]}, "properties": {"facility_id": "hifld_ss_114447", "facility_name": "UNKNOWN114447", "year": 2026, "type": "substation", "geoid": 51590, "lines": 2.0, "max_voltage": 69.0, "source_id": "114447", "status": "IN SERVICE"}}, {"type": "Feature", "geometry": {"type": "Point", "coordinates": [-79.45774569899999, 36.60656779000004]}, "properties": {"facility_id": "hifld_ss_114448", "facility_name": "UNKNOWN114448", "year": 2026, "type": "substation", "geoid": 51590, "lines": 2.0, "max_voltage": 69.0, "source_id": "114448", "status": "IN SERVICE"}}, {"type": "Feature", "geometry": {"type": "Point", "coordinates": [-79.38800838799995, 36.58799687800007]}, "properties": {"facility_id": "hifld_ss_114449", "facility_name": "UNKNOWN114449", "year": 2026, "type": "substation", "geoid": 51590, "lines": 2.0, "max_voltage": 69.0, "source_id": "114449", "status": "IN SERVICE"}}, {"type": "Feature", "geometry": {"type": "Point", "coordinates": [-79.37855957999994, 36.57650533800006]}, "properties": {"facility_id": "hifld_ss_114450", "facility_name": "UNKNOWN114450", "year": 2026, "type": "substation", "geoid": 51590, "lines": 3.0, "max_voltage": 138.0, "source_id": "114450", "status": "IN SERVICE"}}, {"type": "Feature", "geometry": {"type": "Point", "coordinates": [-79.45962868099997, 36.54736756500006]}, "properties": {"facility_id": "hifld_ss_114451", "facility_name": "UNKNOWN114451", "year": 2026, "type": "substation", "geoid": 51590, "lines": 2.0, "source_id": "114451", "status": "IN SERVICE"}}, {"type": "Feature", "geometry": {"type": "Point", "coordinates": [-79.42853138599997, 36.57418060100008]}, "properties": {"facility_id": "hifld_ss_114452", "facility_name": "UNKNOWN114452", "year": 2026, "type": "substation", "geoid": 51590, "lines": 3.0, "source_id": "114452", "status": "IN SERVICE"}}, {"type": "Feature", "geometry": {"type": "Point", "coordinates": [-79.33789097899995, 36.60248459900003]}, "properties": {"facility_id": "hifld_ss_114453", "facility_name": "UNKNOWN114453", "year": 2026, "type": "substation", "geoid": 51143, "lines": 3.0, "max_voltage": 138.0, "source_id": "114453", "status": "IN SERVICE"}}, {"type": "Feature", "geometry": {"type": "Point", "coordinates": [-79.62073349499997, 36.61943744400003]}, "properties": {"facility_id": "hifld_ss_114454", "facility_name": "UNKNOWN114454", "year": 2026, "type": "substation", "geoid": 51143, "lines": 3.0, "max_voltage": 69.0, "source_id": "114454", "status": "IN SERVICE"}}, {"type": "Feature", "geometry": {"type": "Point", "coordinates": [-79.88634077599994, 36.62359508800006]}, "properties": {"facility_id": "hifld_ss_114455", "facility_name": "UNKNOWN114455", "year": 2026, "type": "substation", "geoid": 51089, "lines": 2.0, "max_voltage": 138.0, "source_id": "114455", "status": "IN SERVICE"}}, {"type": "Feature", "geometry": {"type": "Point", "coordinates": [-79.89579785299998, 36.662467383000035]}, "properties": {"facility_id": "hifld_ss_114456", "facility_name": "UNKNOWN114456", "year": 2026, "type": "substation", "geoid": 51089, "lines": 2.0, "source_id": "114456", "status": "IN SERVICE"}}, {"type": "Feature", "geometry": {"type": "Point", "coordinates": [-79.42801582399994, 36.57196064000004]}, "properties": {"facility_id": "hifld_ss_114457", "facility_name": "UNKNOWN114457", "year": 2026, "type": "substation", "geoid": 51590, "lines": 2.0, "source_id": "114457", "status": "IN SERVICE"}}, {"type": "Feature", "geometry": {"type": "Point", "coordinates": [-79.85795018799996, 36.628466392000064]}, "properties": {"facility_id": "hifld_ss_114458", "facility_name": "UNKNOWN114458", "year": 2026, "type": "substation", "geoid": 51089, "lines": 1.0, "source_id": "114458", "status": "IN SERVICE"}}, {"type": "Feature", "geometry": {"type": "Point", "coordinates": [-79.86983358399993, 36.69258090000005]}, "properties": {"facility_id": "hifld_ss_114459", "facility_name": "UNKNOWN114459", "year": 2026, "type": "substation", "geoid": 51690, "lines": 1.0, "source_id": "114459", "status": "IN SERVICE"}}, {"type": "Feature", "geometry": {"type": "Point", "coordinates": [-79.85628366399999, 36.690517431000046]}, "properties": {"facility_id": "hifld_ss_114460", "facility_name": "UNKNOWN114460", "year": 2026, "type": "substation", "geoid": 51690, "lines": 4.0, "source_id": "114460", "status": "IN SERVICE"}}, {"type": "Feature", "geometry": {"type": "Point", "coordinates": [-79.35279912899995, 36.94543638300007]}, "properties": {"facility_id": "hifld_ss_114489", "facility_name": "UNKNOWN114489", "year": 2026, "type": "substation", "geoid": 51143, "lines": 2.0, "max_voltage": 115.0, "source_id": "114489", "status": "IN SERVICE"}}, {"type": "Feature", "geometry": {"type": "Point", "coordinates": [-79.36392581499996, 36.610210008000024]}, "properties": {"facility_id": "hifld_ss_114490", "facility_name": "UNKNOWN114490", "year": 2026, "type": "substation", "geoid": 51143, "lines": 0.0, "source_id": "114490", "status": "IN SERVICE"}}, {"type": "Feature", "geometry": {"type": "Point", "coordinates": [-79.19245328899996, 36.94278067000005]}, "properties": {"facility_id": "hifld_ss_114491", "facility_name": "UNKNOWN114491", "year": 2026, "type": "substation", "geoid": 51143, "lines": 1.0, "max_voltage": 115.0, "source_id": "114491", "status": "IN SERVICE"}}, {"type": "Feature", "geometry": {"type": "Point", "coordinates": [-78.54249711499995, 36.613597586000026]}, "properties": {"facility_id": "hifld_ss_114492", "facility_name": "UNKNOWN114492", "year": 2026, "type": "substation", "geoid": 51117, "lines": 2.0, "max_voltage": 115.0, "source_id": "114492", "status": "IN SERVICE"}}, {"type": "Feature", "geometry": {"type": "Point", "coordinates": [-78.53927008399995, 36.72770006500008]}, "properties": {"facility_id": "hifld_ss_114493", "facility_name": "UNKNOWN114493", "year": 2026, "type": "substation", "geoid": 51117, "lines": 1.0, "max_voltage": 115.0, "source_id": "114493", "status": "IN SERVICE"}}, {"type": "Feature", "geometry": {"type": "Point", "coordinates": [-78.56460864699994, 36.626238638000075]}, "properties": {"facility_id": "hifld_ss_114494", "facility_name": "UNKNOWN114494", "year": 2026, "type": "substation", "geoid": 51117, "lines": 1.0, "max_voltage": 115.0, "source_id": "114494", "status": "IN SERVICE"}}, {"type": "Feature", "geometry": {"type": "Point", "coordinates": [-78.52877692699997, 36.600861242000065]}, "properties": {"facility_id": "hifld_ss_114495", "facility_name": "UNKNOWN114495", "year": 2026, "type": "substation", "geoid": 51117, "lines": 5.0, "max_voltage": 115.0, "source_id": "114495", "status": "IN SERVICE"}}, {"type": "Feature", "geometry": {"type": "Point", "coordinates": [-78.22123700799995, 36.986953639000035]}, "properties": {"facility_id": "hifld_ss_114496", "facility_name": "UNKNOWN114496", "year": 2026, "type": "substation", "geoid": 51111, "lines": 2.0, "max_voltage": 115.0, "source_id": "114496", "status": "IN SERVICE"}}, {"type": "Feature", "geometry": {"type": "Point", "coordinates": [-78.49989330299996, 36.81875568000004]}, "properties": {"facility_id": "hifld_ss_114497", "facility_name": "UNKNOWN114497", "year": 2026, "type": "substation", "geoid": 51117, "lines": 1.0, "max_voltage": 115.0, "source_id": "114497", "status": "IN SERVICE"}}, {"type": "Feature", "geometry": {"type": "Point", "coordinates": [-78.58242299299997, 36.99150008300006]}, "properties": {"facility_id": "hifld_ss_114498", "facility_name": "UNKNOWN114498", "year": 2026, "type": "substation", "geoid": 51037, "lines": 1.0, "max_voltage": 115.0, "source_id": "114498", "status": "IN SERVICE"}}, {"type": "Feature", "geometry": {"type": "Point", "coordinates": [-78.58093840699996, 36.99032086200003]}, "properties": {"facility_id": "hifld_ss_114499", "facility_name": "UNKNOWN114499", "year": 2026, "type": "substation", "geoid": 51037, "lines": 1.0, "max_voltage": 115.0, "source_id": "114499", "status": "IN SERVICE"}}, {"type": "Feature", "geometry": {"type": "Point", "coordinates": [-78.58123684599997, 37.016535919000034]}, "properties": {"facility_id": "hifld_ss_114500", "facility_name": "UNKNOWN114500", "year": 2026, "type": "substation", "geoid": 51037, "lines": 1.0, "max_voltage": 115.0, "source_id": "114500", "status": "IN SERVICE"}}, {"type": "Feature", "geometry": {"type": "Point", "coordinates": [-78.64461703199999, 37.19407355100003]}, "properties": {"facility_id": "hifld_ss_114501", "facility_name": "UNKNOWN114501", "year": 2026, "type": "substation", "geoid": 51037, "lines": 1.0, "max_voltage": 115.0, "source_id": "114501", "status": "IN SERVICE"}}, {"type": "Feature", "geometry": {"type": "Point", "coordinates": [-78.37655858199997, 36.680828587000065]}, "properties": {"facility_id": "hifld_ss_114502", "facility_name": "UNKNOWN114502", "year": 2026, "type": "substation", "geoid": 51117, "lines": 2.0, "max_voltage": 115.0, "source_id": "114502", "status": "IN SERVICE"}}, {"type": "Feature", "geometry": {"type": "Point", "coordinates": [-78.20371834099996, 36.883555331000025]}, "properties": {"facility_id": "hifld_ss_114503", "facility_name": "UNKNOWN114503", "year": 2026, "type": "substation", "geoid": 51111, "lines": 1.0, "max_voltage": 115.0, "source_id": "114503", "status": "IN SERVICE"}}, {"type": "Feature", "geometry": {"type": "Point", "coordinates": [-78.54704652299995, 36.60088367100008]}, "properties": {"facility_id": "hifld_ss_114504", "facility_name": "UNKNOWN114504", "year": 2026, "type": "substation", "geoid": 51117, "lines": 2.0, "max_voltage": 115.0, "source_id": "114504", "status": "IN SERVICE"}}, {"type": "Feature", "geometry": {"type": "Point", "coordinates": [-78.55125103099994, 36.598726690000035]}, "properties": {"facility_id": "hifld_ss_114505", "facility_name": "UNKNOWN114505", "year": 2026, "type": "substation", "geoid": 51117, "lines": 1.0, "max_voltage": 115.0, "source_id": "114505", "status": "IN SERVICE"}}, {"type": "Feature", "geometry": {"type": "Point", "coordinates": [-78.35155419599994, 36.683459619000075]}, "properties": {"facility_id": "hifld_ss_114506", "facility_name": "UNKNOWN114506", "year": 2026, "type": "substation", "geoid": 51117, "lines": 1.0, "max_voltage": 115.0, "source_id": "114506", "status": "IN SERVICE"}}, {"type": "Feature", "geometry": {"type": "Point", "coordinates": [-78.00932758299996, 36.57623250600005]}, "properties": {"facility_id": "hifld_ss_114507", "facility_name": "UNKNOWN114507", "year": 2026, "type": "substation", "geoid": 51025, "lines": 1.0, "source_id": "114507", "status": "IN SERVICE"}}, {"type": "Feature", "geometry": {"type": "Point", "coordinates": [-77.55965009999994, 36.69586061100006]}, "properties": {"facility_id": "hifld_ss_114508", "facility_name": "UNKNOWN114508", "year": 2026, "type": "substation", "geoid": 51595, "lines": 3.0, "max_voltage": 115.0, "source_id": "114508", "status": "IN SERVICE"}}, {"type": "Feature", "geometry": {"type": "Point", "coordinates": [-77.52267419799995, 36.709443417000045]}, "properties": {"facility_id": "hifld_ss_114509", "facility_name": "UNKNOWN114509", "year": 2026, "type": "substation", "geoid": 51595, "lines": 2.0, "max_voltage": 115.0, "source_id": "114509", "status": "IN SERVICE"}}, {"type": "Feature", "geometry": {"type": "Point", "coordinates": [-77.60971892399994, 37.25367134900006]}, "properties": {"facility_id": "hifld_ss_114511", "facility_name": "UNKNOWN114511", "year": 2026, "type": "substation", "geoid": 51053, "lines": 1.0, "max_voltage": 115.0, "source_id": "114511", "status": "IN SERVICE"}}, {"type": "Feature", "geometry": {"type": "Point", "coordinates": [-77.47572784599998, 37.090722518000064]}, "properties": {"facility_id": "hifld_ss_114512", "facility_name": "UNKNOWN114512", "year": 2026, "type": "substation", "geoid": 51053, "lines": 1.0, "max_voltage": 115.0, "source_id": "114512", "status": "IN SERVICE"}}, {"type": "Feature", "geometry": {"type": "Point", "coordinates": [-77.57682224199993, 36.963681837000024]}, "properties": {"facility_id": "hifld_ss_114513", "facility_name": "UNKNOWN114513", "year": 2026, "type": "substation", "geoid": 51053, "lines": 1.0, "max_voltage": 115.0, "source_id": "114513", "status": "IN SERVICE"}}, {"type": "Feature", "geometry": {"type": "Point", "coordinates": [-77.69053181299995, 36.999318352000046]}, "properties": {"facility_id": "hifld_ss_114514", "facility_name": "UNKNOWN114514", "year": 2026, "type": "substation", "geoid": 51053, "lines": 1.0, "max_voltage": 115.0, "source_id": "114514", "status": "IN SERVICE"}}, {"type": "Feature", "geometry": {"type": "Point", "coordinates": [-77.44482297699994, 37.18017110000005]}, "properties": {"facility_id": "hifld_ss_114515", "facility_name": "UNKNOWN114515", "year": 2026, "type": "substation", "geoid": 51053, "lines": 1.0, "max_voltage": 230.0, "source_id": "114515", "status": "IN SERVICE"}}, {"type": "Feature", "geometry": {"type": "Point", "coordinates": [-77.11454400699995, 37.02964680000008]}, "properties": {"facility_id": "hifld_ss_114516", "facility_name": "UNKNOWN114516", "year": 2026, "type": "substation", "geoid": 51183, "lines": 2.0, "max_voltage": 115.0, "source_id": "114516", "status": "IN SERVICE"}}, {"type": "Feature", "geometry": {"type": "Point", "coordinates": [-76.99181362899998, 36.96441703000005]}, "properties": {"facility_id": "hifld_ss_114517", "facility_name": "UNKNOWN114517", "year": 2026, "type": "substation", "geoid": 51183, "lines": 3.0, "max_voltage": 115.0, "source_id": "114517", "status": "IN SERVICE"}}, {"type": "Feature", "geometry": {"type": "Point", "coordinates": [-77.14109298599999, 37.05834483500007]}, "properties": {"facility_id": "hifld_ss_114518", "facility_name": "UNKNOWN114518", "year": 2026, "type": "substation", "geoid": 51183, "lines": 1.0, "max_voltage": 115.0, "source_id": "114518", "status": "IN SERVICE"}}, {"type": "Feature", "geometry": {"type": "Point", "coordinates": [-77.08158314799994, 36.63983359000008]}, "properties": {"facility_id": "hifld_ss_114519", "facility_name": "UNKNOWN114519", "year": 2026, "type": "substation", "geoid": 51175, "lines": 1.0, "max_voltage": 230.0, "source_id": "114519", "status": "IN SERVICE"}}, {"type": "Feature", "geometry": {"type": "Point", "coordinates": [-76.94341012799998, 36.65956295900003]}, "properties": {"facility_id": "hifld_ss_114520", "facility_name": "UNKNOWN114520", "year": 2026, "type": "substation", "geoid": 51175, "lines": 2.0, "max_voltage": 230.0, "source_id": "114520", "status": "IN SERVICE"}}, {"type": "Feature", "geometry": {"type": "Point", "coordinates": [-76.98370198199996, 36.657884952000074]}, "properties": {"facility_id": "hifld_ss_114521", "facility_name": "UNKNOWN114521", "year": 2026, "type": "substation", "geoid": 51175, "lines": 2.0, "max_voltage": 230.0, "source_id": "114521", "status": "IN SERVICE"}}, {"type": "Feature", "geometry": {"type": "Point", "coordinates": [-76.99554591999998, 36.65318664500006]}, "properties": {"facility_id": "hifld_ss_114522", "facility_name": "UNKNOWN114522", "year": 2026, "type": "substation", "geoid": 51175, "lines": 3.0, "max_voltage": 230.0, "source_id": "114522", "status": "IN SERVICE"}}, {"type": "Feature", "geometry": {"type": "Point", "coordinates": [-77.05657101799994, 36.71654340900005]}, "properties": {"facility_id": "hifld_ss_114523", "facility_name": "UNKNOWN114523", "year": 2026, "type": "substation", "geoid": 51175, "lines": 0.0, "source_id": "114523", "status": "IN SERVICE"}}, {"type": "Feature", "geometry": {"type": "Point", "coordinates": [-77.64037369799996, 37.11030438200004]}, "properties": {"facility_id": "hifld_ss_114524", "facility_name": "UNKNOWN114524", "year": 2026, "type": "substation", "geoid": 51053, "lines": 0.0, "source_id": "114524", "status": "IN SERVICE"}}, {"type": "Feature", "geometry": {"type": "Point", "coordinates": [-76.70336308999998, 37.08115593900004]}, "properties": {"facility_id": "hifld_ss_114527", "facility_name": "UNKNOWN114527", "year": 2026, "type": "substation", "geoid": 51181, "lines": 2.0, "max_voltage": 230.0, "source_id": "114527", "status": "IN SERVICE"}}, {"type": "Feature", "geometry": {"type": "Point", "coordinates": [-77.29034324199995, 37.15028983800005]}, "properties": {"facility_id": "hifld_ss_114528", "facility_name": "UNKNOWN114528", "year": 2026, "type": "substation", "geoid": 51149, "lines": 1.0, "max_voltage": 115.0, "source_id": "114528", "status": "IN SERVICE"}}, {"type": "Feature", "geometry": {"type": "Point", "coordinates": [-77.32198387099999, 37.24443065500003]}, "properties": {"facility_id": "hifld_ss_114529", "facility_name": "UNKNOWN114529", "year": 2026, "type": "substation", "geoid": 51149, "lines": 2.0, "max_voltage": 115.0, "source_id": "114529", "status": "IN SERVICE"}}, {"type": "Feature", "geometry": {"type": "Point", "coordinates": [-76.42118620199994, 36.87540399900007]}, "properties": {"facility_id": "hifld_ss_114530", "facility_name": "UNKNOWN114530", "year": 2026, "type": "substation", "geoid": 51800, "lines": 4.0, "max_voltage": 230.0, "source_id": "114530", "status": "IN SERVICE"}}, {"type": "Feature", "geometry": {"type": "Point", "coordinates": [-77.41198514699994, 37.232937883000034]}, "properties": {"facility_id": "hifld_ss_114531", "facility_name": "UNKNOWN114531", "year": 2026, "type": "substation", "geoid": 51730, "lines": 0.0, "source_id": "114531", "status": "IN SERVICE"}}, {"type": "Feature", "geometry": {"type": "Point", "coordinates": [-77.31163052599999, 37.185621662000074]}, "properties": {"facility_id": "hifld_ss_114532", "facility_name": "UNKNOWN114532", "year": 2026, "type": "substation", "geoid": 51149, "lines": 1.0, "max_voltage": 115.0, "source_id": "114532", "status": "IN SERVICE"}}, {"type": "Feature", "geometry": {"type": "Point", "coordinates": [-79.86906145599994, 36.684656680000046]}, "properties": {"facility_id": "hifld_ss_114623", "facility_name": "UNKNOWN114623", "year": 2026, "type": "substation", "geoid": 51690, "lines": 0.0, "source_id": "114623", "status": "IN SERVICE"}}, {"type": "Feature", "geometry": {"type": "Point", "coordinates": [-79.66960087099994, 36.54574211400006]}, "properties": {"facility_id": "hifld_ss_114624", "facility_name": "UNKNOWN114624", "year": 2026, "type": "substation", "geoid": 51143, "lines": 1.0, "source_id": "114624", "status": "IN SERVICE"}}, {"type": "Feature", "geometry": {"type": "Point", "coordinates": [-79.99389251299993, 36.75941348900005]}, "properties": {"facility_id": "hifld_ss_114625", "facility_name": "UNKNOWN114625", "year": 2026, "type": "substation", "geoid": 51089, "lines": 2.0, "max_voltage": 138.0, "source_id": "114625", "status": "IN SERVICE"}}, {"type": "Feature", "geometry": {"type": "Point", "coordinates": [-79.95103599799995, 36.73697666500004]}, "properties": {"facility_id": "hifld_ss_114626", "facility_name": "UNKNOWN114626", "year": 2026, "type": "substation", "geoid": 51089, "lines": 2.0, "source_id": "114626", "status": "IN SERVICE"}}, {"type": "Feature", "geometry": {"type": "Point", "coordinates": [-79.98936163599996, 36.83012804600003]}, "properties": {"facility_id": "hifld_ss_114627", "facility_name": "UNKNOWN114627", "year": 2026, "type": "substation", "geoid": 51067, "lines": 1.0, "source_id": "114627", "status": "IN SERVICE"}}, {"type": "Feature", "geometry": {"type": "Point", "coordinates": [-79.27680387899994, 37.10417549500005]}, "properties": {"facility_id": "hifld_ss_114628", "facility_name": "UNKNOWN114628", "year": 2026, "type": "substation", "geoid": 51143, "lines": 2.0, "max_voltage": 115.0, "source_id": "114628", "status": "IN SERVICE"}}, {"type": "Feature", "geometry": {"type": "Point", "coordinates": [-78.93849804599995, 36.841107624000074]}, "properties": {"facility_id": "hifld_ss_114629", "facility_name": "UNKNOWN114629", "year": 2026, "type": "substation", "geoid": 51083, "lines": 1.0, "max_voltage": 115.0, "source_id": "114629", "status": "IN SERVICE"}}, {"type": "Feature", "geometry": {"type": "Point", "coordinates": [-78.92511594899997, 36.83212115300006]}, "properties": {"facility_id": "hifld_ss_114630", "facility_name": "UNKNOWN114630", "year": 2026, "type": "substation", "geoid": 51083, "lines": 1.0, "max_voltage": 115.0, "source_id": "114630", "status": "IN SERVICE"}}, {"type": "Feature", "geometry": {"type": "Point", "coordinates": [-79.26002422399995, 36.81181551700007]}, "properties": {"facility_id": "hifld_ss_114631", "facility_name": "UNKNOWN114631", "year": 2026, "type": "substation", "geoid": 51143, "lines": 1.0, "max_voltage": 115.0, "source_id": "114631", "status": "IN SERVICE"}}, {"type": "Feature", "geometry": {"type": "Point", "coordinates": [-76.57501094799994, 37.20680748600006]}, "properties": {"facility_id": "hifld_ss_114839", "facility_name": "UNKNOWN114839", "year": 2026, "type": "substation", "geoid": 51700, "lines": 1.0, "max_voltage": 115.0, "source_id": "114839", "status": "IN SERVICE"}}, {"type": "Feature", "geometry": {"type": "Point", "coordinates": [-76.58439064199996, 37.213072984000064]}, "properties": {"facility_id": "hifld_ss_114840", "facility_name": "UNKNOWN114840", "year": 2026, "type": "substation", "geoid": 51199, "lines": 1.0, "max_voltage": 115.0, "source_id": "114840", "status": "IN SERVICE"}}, {"type": "Feature", "geometry": {"type": "Point", "coordinates": [-76.57820405799998, 37.16472443600003]}, "properties": {"facility_id": "hifld_ss_114841", "facility_name": "UNKNOWN114841", "year": 2026, "type": "substation", "geoid": 51700, "lines": 1.0, "max_voltage": 115.0, "source_id": "114841", "status": "IN SERVICE"}}, {"type": "Feature", "geometry": {"type": "Point", "coordinates": [-76.64834623599995, 37.25958961500004]}, "properties": {"facility_id": "hifld_ss_114843", "facility_name": "UNKNOWN114843", "year": 2026, "type": "substation", "geoid": 51199, "lines": 4.0, "max_voltage": 230.0, "source_id": "114843", "status": "IN SERVICE"}}, {"type": "Feature", "geometry": {"type": "Point", "coordinates": [-77.03767448499997, 37.43402394700007]}, "properties": {"facility_id": "hifld_ss_114844", "facility_name": "UNKNOWN114844", "year": 2026, "type": "substation", "geoid": 51127, "lines": 2.0, "max_voltage": 115.0, "source_id": "114844", "status": "IN SERVICE"}}, {"type": "Feature", "geometry": {"type": "Point", "coordinates": [-76.70554960699997, 37.295853357000055]}, "properties": {"facility_id": "hifld_ss_114845", "facility_name": "UNKNOWN114845", "year": 2026, "type": "substation", "geoid": 51199, "lines": 4.0, "max_voltage": 230.0, "source_id": "114845", "status": "IN SERVICE"}}, {"type": "Feature", "geometry": {"type": "Point", "coordinates": [-76.82639191999993, 37.36239213400006]}, "properties": {"facility_id": "hifld_ss_114846", "facility_name": "UNKNOWN114846", "year": 2026, "type": "substation", "geoid": 51095, "lines": 1.0, "max_voltage": 115.0, "source_id": "114846", "status": "IN SERVICE"}}, {"type": "Feature", "geometry": {"type": "Point", "coordinates": [-76.86224253499995, 37.49000227600004]}, "properties": {"facility_id": "hifld_ss_114847", "facility_name": "UNKNOWN114847", "year": 2026, "type": "substation", "geoid": 51127, "lines": 1.0, "max_voltage": 230.0, "source_id": "114847", "status": "IN SERVICE"}}, {"type": "Feature", "geometry": {"type": "Point", "coordinates": [-76.49308477999995, 37.42648328900003]}, "properties": {"facility_id": "hifld_ss_114848", "facility_name": "UNKNOWN114848", "year": 2026, "type": "substation", "geoid": 51073, "lines": 1.0, "source_id": "114848", "status": "IN SERVICE"}}, {"type": "Feature", "geometry": {"type": "Point", "coordinates": [-76.44420264099995, 37.26004312500004]}, "properties": {"facility_id": "hifld_ss_114849", "facility_name": "UNKNOWN114849", "year": 2026, "type": "substation", "geoid": 51073, "lines": 2.0, "max_voltage": 230.0, "source_id": "114849", "status": "IN SERVICE"}}, {"type": "Feature", "geometry": {"type": "Point", "coordinates": [-76.34608961099997, 37.45863008500004]}, "properties": {"facility_id": "hifld_ss_114850", "facility_name": "UNKNOWN114850", "year": 2026, "type": "substation", "geoid": 51115, "lines": 0.0, "source_id": "114850", "status": "IN SERVICE"}}, {"type": "Feature", "geometry": {"type": "Point", "coordinates": [-76.42031828199998, 36.82834737100006]}, "properties": {"facility_id": "hifld_ss_115101", "facility_name": "UNKNOWN115101", "year": 2026, "type": "substation", "geoid": 51550, "lines": 1.0, "source_id": "115101", "status": "IN SERVICE"}}, {"type": "Feature", "geometry": {"type": "Point", "coordinates": [-76.39718159299997, 36.794634796000025]}, "properties": {"facility_id": "hifld_ss_115102", "facility_name": "UNKNOWN115102", "year": 2026, "type": "substation", "geoid": 51550, "lines": 2.0, "source_id": "115102", "status": "IN SERVICE"}}, {"type": "Feature", "geometry": {"type": "Point", "coordinates": [-76.29092940099997, 36.757044722000046]}, "properties": {"facility_id": "hifld_ss_115104", "facility_name": "UNKNOWN115104", "year": 2026, "type": "substation", "geoid": 51550, "lines": 2.0, "max_voltage": 230.0, "source_id": "115104", "status": "IN SERVICE"}}, {"type": "Feature", "geometry": {"type": "Point", "coordinates": [-76.30598731799995, 36.72620998200006]}, "properties": {"facility_id": "hifld_ss_115105", "facility_name": "UNKNOWN115105", "year": 2026, "type": "substation", "geoid": 51550, "lines": 2.0, "max_voltage": 115.0, "source_id": "115105", "status": "IN SERVICE"}}, {"type": "Feature", "geometry": {"type": "Point", "coordinates": [-76.30362331699996, 36.77008712400004]}, "properties": {"facility_id": "hifld_ss_115106", "facility_name": "UNKNOWN115106", "year": 2026, "type": "substation", "geoid": 51550, "lines": 2.0, "max_voltage": 115.0, "source_id": "115106", "status": "IN SERVICE"}}, {"type": "Feature", "geometry": {"type": "Point", "coordinates": [-76.25260076299998, 36.81004579900008]}, "properties": {"facility_id": "hifld_ss_115107", "facility_name": "UNKNOWN115107", "year": 2026, "type": "substation", "geoid": 51550, "lines": 2.0, "max_voltage": 230.0, "source_id": "115107", "status": "IN SERVICE"}}, {"type": "Feature", "geometry": {"type": "Point", "coordinates": [-76.31172604599999, 36.77374548800003]}, "properties": {"facility_id": "hifld_ss_115109", "facility_name": "UNKNOWN115109", "year": 2026, "type": "substation", "geoid": 51550, "lines": 3.0, "max_voltage": 230.0, "source_id": "115109", "status": "IN SERVICE"}}, {"type": "Feature", "geometry": {"type": "Point", "coordinates": [-76.30366090499996, 36.809706224000024]}, "properties": {"facility_id": "hifld_ss_115110", "facility_name": "UNKNOWN115110", "year": 2026, "type": "substation", "geoid": 51740, "lines": 1.0, "max_voltage": 115.0, "source_id": "115110", "status": "IN SERVICE"}}, {"type": "Feature", "geometry": {"type": "Point", "coordinates": [-76.29950844799998, 36.809279408000066]}, "properties": {"facility_id": "hifld_ss_115111", "facility_name": "UNKNOWN115111", "year": 2026, "type": "substation", "geoid": 51740, "lines": 3.0, "max_voltage": 230.0, "source_id": "115111", "status": "IN SERVICE"}}, {"type": "Feature", "geometry": {"type": "Point", "coordinates": [-76.33174080699996, 36.83990367400003]}, "properties": {"facility_id": "hifld_ss_115112", "facility_name": "UNKNOWN115112", "year": 2026, "type": "substation", "geoid": 51740, "lines": 1.0, "max_voltage": 115.0, "source_id": "115112", "status": "IN SERVICE"}}, {"type": "Feature", "geometry": {"type": "Point", "coordinates": [-76.33133237199996, 36.838994601000024]}, "properties": {"facility_id": "hifld_ss_115113", "facility_name": "UNKNOWN115113", "year": 2026, "type": "substation", "geoid": 51740, "lines": 0.0, "source_id": "115113", "status": "IN SERVICE"}}, {"type": "Feature", "geometry": {"type": "Point", "coordinates": [-76.28852056899996, 36.758038612000064]}, "properties": {"facility_id": "hifld_ss_115496", "facility_name": "UNKNOWN115496", "year": 2026, "type": "substation", "geoid": 51550, "lines": 2.0, "max_voltage": 115.0, "source_id": "115496", "status": "IN SERVICE"}}, {"type": "Feature", "geometry": {"type": "Point", "coordinates": [-76.28381954699995, 36.81454839300005]}, "properties": {"facility_id": "hifld_ss_115497", "facility_name": "UNKNOWN115497", "year": 2026, "type": "substation", "geoid": 51550, "lines": 2.0, "max_voltage": 230.0, "source_id": "115497", "status": "IN SERVICE"}}, {"type": "Feature", "geometry": {"type": "Point", "coordinates": [-76.01704977099996, 36.84999299000003]}, "properties": {"facility_id": "hifld_ss_115499", "facility_name": "VIRGINIA BEACH", "year": 2026, "type": "substation", "geoid": 51810, "lines": 4.0, "max_voltage": 230.0, "source_id": "115499", "status": "IN SERVICE"}}, {"type": "Feature", "geometry": {"type": "Point", "coordinates": [-76.03655501599997, 36.68956198600006]}, "properties": {"facility_id": "hifld_ss_115500", "facility_name": "UNKNOWN115500", "year": 2026, "type": "substation", "geoid": 51810, "lines": 1.0, "max_voltage": 230.0, "source_id": "115500", "status": "IN SERVICE"}}, {"type": "Feature", "geometry": {"type": "Point", "coordinates": [-76.07691307599998, 36.77073178200004]}, "properties": {"facility_id": "hifld_ss_115502", "facility_name": "UNKNOWN115502", "year": 2026, "type": "substation", "geoid": 51810, "lines": 2.0, "max_voltage": 230.0, "source_id": "115502", "status": "IN SERVICE"}}, {"type": "Feature", "geometry": {"type": "Point", "coordinates": [-76.17562484099994, 36.85186452000005]}, "properties": {"facility_id": "hifld_ss_115503", "facility_name": "DAVIS", "year": 2026, "type": "substation", "geoid": 51810, "lines": 5.0, "max_voltage": 115.0, "source_id": "115503", "status": "IN SERVICE"}}, {"type": "Feature", "geometry": {"type": "Point", "coordinates": [-76.17297305099999, 36.90759809000008]}, "properties": {"facility_id": "hifld_ss_115504", "facility_name": "BURTON", "year": 2026, "type": "substation", "geoid": 51810, "lines": 1.0, "max_voltage": 115.0, "source_id": "115504", "status": "IN SERVICE"}}, {"type": "Feature", "geometry": {"type": "Point", "coordinates": [-76.18634861499999, 36.88923618800004]}, "properties": {"facility_id": "hifld_ss_115505", "facility_name": "UNKNOWN115505", "year": 2026, "type": "substation", "geoid": 51810, "lines": 3.0, "max_voltage": 115.0, "source_id": "115505", "status": "IN SERVICE"}}, {"type": "Feature", "geometry": {"type": "Point", "coordinates": [-76.04142993599999, 36.88044396600003]}, "properties": {"facility_id": "hifld_ss_115506", "facility_name": "UNKNOWN115506", "year": 2026, "type": "substation", "geoid": 51810, "lines": 1.0, "max_voltage": 115.0, "source_id": "115506", "status": "IN SERVICE"}}, {"type": "Feature", "geometry": {"type": "Point", "coordinates": [-76.07036328399994, 36.91007231100008]}, "properties": {"facility_id": "hifld_ss_115507", "facility_name": "UNKNOWN115507", "year": 2026, "type": "substation", "geoid": 51810, "lines": 1.0, "max_voltage": 115.0, "source_id": "115507", "status": "IN SERVICE"}}, {"type": "Feature", "geometry": {"type": "Point", "coordinates": [-76.13185536199995, 36.89974875100006]}, "properties": {"facility_id": "hifld_ss_115508", "facility_name": "UNKNOWN115508", "year": 2026, "type": "substation", "geoid": 51810, "lines": 1.0, "max_voltage": 115.0, "source_id": "115508", "status": "IN SERVICE"}}, {"type": "Feature", "geometry": {"type": "Point", "coordinates": [-76.28028412899994, 36.92154807500003]}, "properties": {"facility_id": "hifld_ss_115509", "facility_name": "UNKNOWN115509", "year": 2026, "type": "substation", "geoid": 51710, "lines": 2.0, "source_id": "115509", "status": "IN SERVICE"}}, {"type": "Feature", "geometry": {"type": "Point", "coordinates": [-76.28247600899994, 36.921674980000034]}, "properties": {"facility_id": "hifld_ss_115510", "facility_name": "UNKNOWN115510", "year": 2026, "type": "substation", "geoid": 51710, "lines": 0.0, "source_id": "115510", "status": "IN SERVICE"}}, {"type": "Feature", "geometry": {"type": "Point", "coordinates": [-76.18980665499998, 36.913382365000075]}, "properties": {"facility_id": "hifld_ss_115512", "facility_name": "UNKNOWN115512", "year": 2026, "type": "substation", "geoid": 51810, "lines": 2.0, "source_id": "115512", "status": "IN SERVICE"}}, {"type": "Feature", "geometry": {"type": "Point", "coordinates": [-76.31900351199994, 36.95140009000005]}, "properties": {"facility_id": "hifld_ss_115513", "facility_name": "UNKNOWN115513", "year": 2026, "type": "substation", "geoid": 51710, "lines": 0.0, "source_id": "115513", "status": "IN SERVICE"}}, {"type": "Feature", "geometry": {"type": "Point", "coordinates": [-76.31961090899995, 36.93863215600004]}, "properties": {"facility_id": "hifld_ss_115514", "facility_name": "UNKNOWN115514", "year": 2026, "type": "substation", "geoid": 51710, "lines": 0.0, "source_id": "115514", "status": "IN SERVICE"}}, {"type": "Feature", "geometry": {"type": "Point", "coordinates": [-76.41829699299996, 36.99988391000005]}, "properties": {"facility_id": "hifld_ss_115515", "facility_name": "UNKNOWN115515", "year": 2026, "type": "substation", "geoid": 51700, "lines": 2.0, "max_voltage": 115.0, "source_id": "115515", "status": "IN SERVICE"}}, {"type": "Feature", "geometry": {"type": "Point", "coordinates": [-76.32591791399994, 37.03077274300006]}, "properties": {"facility_id": "hifld_ss_115516", "facility_name": "UNKNOWN115516", "year": 2026, "type": "substation", "geoid": 51650, "lines": 2.0, "max_voltage": 115.0, "source_id": "115516", "status": "IN SERVICE"}}, {"type": "Feature", "geometry": {"type": "Point", "coordinates": [-76.42964271199997, 37.02838433200003]}, "properties": {"facility_id": "hifld_ss_115517", "facility_name": "UNKNOWN115517", "year": 2026, "type": "substation", "geoid": 51650, "lines": 2.0, "max_voltage": 230.0, "source_id": "115517", "status": "IN SERVICE"}}, {"type": "Feature", "geometry": {"type": "Point", "coordinates": [-77.41685813399994, 37.38588563700006]}, "properties": {"facility_id": "hifld_ss_115808", "facility_name": "UNKNOWN115808", "year": 2026, "type": "substation", "geoid": 51041, "lines": 1.0, "max_voltage": 115.0, "source_id": "115808", "status": "IN SERVICE"}}, {"type": "Feature", "geometry": {"type": "Point", "coordinates": [-77.54452255999996, 37.52785724800003]}, "properties": {"facility_id": "hifld_ss_115809", "facility_name": "UNKNOWN115809", "year": 2026, "type": "substation", "geoid": 51041, "lines": 1.0, "max_voltage": 115.0, "source_id": "115809", "status": "IN SERVICE"}}, {"type": "Feature", "geometry": {"type": "Point", "coordinates": [-77.38917379599997, 37.58821831100005]}, "properties": {"facility_id": "hifld_ss_115876", "facility_name": "UNKNOWN115876", "year": 2026, "type": "substation", "geoid": 51087, "lines": 0.0, "source_id": "115876", "status": "IN SERVICE"}}, {"type": "Feature", "geometry": {"type": "Point", "coordinates": [-77.47445855099994, 37.54888708000004]}, "properties": {"facility_id": "hifld_ss_115877", "facility_name": "UNKNOWN115877", "year": 2026, "type": "substation", "geoid": 51760, "lines": 0.0, "source_id": "115877", "status": "IN SERVICE"}}, {"type": "Feature", "geometry": {"type": "Point", "coordinates": [-77.42286384499994, 37.51185579600008]}, "properties": {"facility_id": "hifld_ss_115878", "facility_name": "UNKNOWN115878", "year": 2026, "type": "substation", "geoid": 51760, "lines": 1.0, "max_voltage": 115.0, "source_id": "115878", "status": "IN SERVICE"}}, {"type": "Feature", "geometry": {"type": "Point", "coordinates": [-77.43378826799994, 37.525388504000034]}, "properties": {"facility_id": "hifld_ss_115879", "facility_name": "UNKNOWN115879", "year": 2026, "type": "substation", "geoid": 51760, "lines": 4.0, "max_voltage": 115.0, "source_id": "115879", "status": "IN SERVICE"}}, {"type": "Feature", "geometry": {"type": "Point", "coordinates": [-77.44047396599996, 37.52641909600004]}, "properties": {"facility_id": "hifld_ss_115880", "facility_name": "UNKNOWN115880", "year": 2026, "type": "substation", "geoid": 51760, "lines": 1.0, "source_id": "115880", "status": "IN SERVICE"}}, {"type": "Feature", "geometry": {"type": "Point", "coordinates": [-77.39252621299994, 37.37053590100004]}, "properties": {"facility_id": "hifld_ss_115881", "facility_name": "UNKNOWN115881", "year": 2026, "type": "substation", "geoid": 51041, "lines": 0.0, "source_id": "115881", "status": "IN SERVICE"}}, {"type": "Feature", "geometry": {"type": "Point", "coordinates": [-77.55187784299994, 37.77819027900006]}, "properties": {"facility_id": "hifld_ss_115893", "facility_name": "UNKNOWN115893", "year": 2026, "type": "substation", "geoid": 51085, "lines": 3.0, "source_id": "115893", "status": "IN SERVICE"}}, {"type": "Feature", "geometry": {"type": "Point", "coordinates": [-77.73178323599996, 37.78850147300005]}, "properties": {"facility_id": "hifld_ss_115898", "facility_name": "UNKNOWN115898", "year": 2026, "type": "substation", "geoid": 51085, "lines": 1.0, "source_id": "115898", "status": "IN SERVICE"}}, {"type": "Feature", "geometry": {"type": "Point", "coordinates": [-77.63290296099996, 37.45003111900007]}, "properties": {"facility_id": "hifld_ss_116246", "facility_name": "UNKNOWN116246", "year": 2026, "type": "substation", "geoid": 51041, "lines": 1.0, "max_voltage": 230.0, "source_id": "116246", "status": "IN SERVICE"}}, {"type": "Feature", "geometry": {"type": "Point", "coordinates": [-77.82003509399993, 37.50677021300004]}, "properties": {"facility_id": "hifld_ss_116247", "facility_name": "UNKNOWN116247", "year": 2026, "type": "substation", "geoid": 51145, "lines": 1.0, "max_voltage": 230.0, "source_id": "116247", "status": "IN SERVICE"}}, {"type": "Feature", "geometry": {"type": "Point", "coordinates": [-77.93881529699996, 37.57930905100005]}, "properties": {"facility_id": "hifld_ss_116248", "facility_name": "UNKNOWN116248", "year": 2026, "type": "substation", "geoid": 51145, "lines": 4.0, "max_voltage": 230.0, "source_id": "116248", "status": "IN SERVICE"}}, {"type": "Feature", "geometry": {"type": "Point", "coordinates": [-77.94411746999998, 37.54893156300005]}, "properties": {"facility_id": "hifld_ss_116249", "facility_name": "UNKNOWN116249", "year": 2026, "type": "substation", "geoid": 51145, "lines": 1.0, "source_id": "116249", "status": "IN SERVICE"}}, {"type": "Feature", "geometry": {"type": "Point", "coordinates": [-77.95953510799995, 37.45413621600005]}, "properties": {"facility_id": "hifld_ss_116250", "facility_name": "UNKNOWN116250", "year": 2026, "type": "substation", "geoid": 51007, "lines": 0.0, "source_id": "116250", "status": "IN SERVICE"}}, {"type": "Feature", "geometry": {"type": "Point", "coordinates": [-77.81995995099999, 37.58712928700004]}, "properties": {"facility_id": "hifld_ss_116251", "facility_name": "UNKNOWN116251", "year": 2026, "type": "substation", "geoid": 51145, "lines": 1.0, "source_id": "116251", "status": "IN SERVICE"}}, {"type": "Feature", "geometry": {"type": "Point", "coordinates": [-77.98641190999996, 37.29506177500008]}, "properties": {"facility_id": "hifld_ss_116252", "facility_name": "UNKNOWN116252", "year": 2026, "type": "substation", "geoid": 51007, "lines": 0.0, "source_id": "116252", "status": "IN SERVICE"}}, {"type": "Feature", "geometry": {"type": "Point", "coordinates": [-77.97342329499998, 37.06022934200007]}, "properties": {"facility_id": "hifld_ss_116253", "facility_name": "UNKNOWN116253", "year": 2026, "type": "substation", "geoid": 51135, "lines": 2.0, "max_voltage": 115.0, "source_id": "116253", "status": "IN SERVICE"}}, {"type": "Feature", "geometry": {"type": "Point", "coordinates": [-77.99431190899998, 37.06990093900003]}, "properties": {"facility_id": "hifld_ss_116254", "facility_name": "UNKNOWN116254", "year": 2026, "type": "substation", "geoid": 51135, "lines": 0.0, "source_id": "116254", "status": "IN SERVICE"}}, {"type": "Feature", "geometry": {"type": "Point", "coordinates": [-77.97238949799998, 37.06030098400004]}, "properties": {"facility_id": "hifld_ss_116255", "facility_name": "UNKNOWN116255", "year": 2026, "type": "substation", "geoid": 51135, "lines": 2.0, "source_id": "116255", "status": "IN SERVICE"}}, {"type": "Feature", "geometry": {"type": "Point", "coordinates": [-77.35349210899994, 37.49705066300004]}, "properties": {"facility_id": "hifld_ss_116256", "facility_name": "UNKNOWN116256", "year": 2026, "type": "substation", "geoid": 51087, "lines": 0.0, "source_id": "116256", "status": "IN SERVICE"}}, {"type": "Feature", "geometry": {"type": "Point", "coordinates": [-77.28516338799994, 37.34223674300006]}, "properties": {"facility_id": "hifld_ss_116257", "facility_name": "UNKNOWN116257", "year": 2026, "type": "substation", "geoid": 51041, "lines": 2.0, "max_voltage": 230.0, "source_id": "116257", "status": "IN SERVICE"}}, {"type": "Feature", "geometry": {"type": "Point", "coordinates": [-77.29212541299995, 37.34946856000005]}, "properties": {"facility_id": "hifld_ss_116258", "facility_name": "UNKNOWN116258", "year": 2026, "type": "substation", "geoid": 51041, "lines": 2.0, "max_voltage": 230.0, "source_id": "116258", "status": "IN SERVICE"}}, {"type": "Feature", "geometry": {"type": "Point", "coordinates": [-77.70642510499994, 37.50308035200004]}, "properties": {"facility_id": "hifld_ss_116384", "facility_name": "UNKNOWN116384", "year": 2026, "type": "substation", "geoid": 51041, "lines": 3.0, "max_voltage": 230.0, "source_id": "116384", "status": "IN SERVICE"}}, {"type": "Feature", "geometry": {"type": "Point", "coordinates": [-77.81954441999994, 37.87327655300004]}, "properties": {"facility_id": "hifld_ss_116426", "facility_name": "UNKNOWN116426", "year": 2026, "type": "substation", "geoid": 51109, "lines": 2.0, "source_id": "116426", "status": "IN SERVICE"}}, {"type": "Feature", "geometry": {"type": "Point", "coordinates": [-78.02677975299997, 38.00744795600008]}, "properties": {"facility_id": "hifld_ss_116427", "facility_name": "UNKNOWN116427", "year": 2026, "type": "substation", "geoid": 51109, "lines": 2.0, "max_voltage": 230.0, "source_id": "116427", "status": "IN SERVICE"}}, {"type": "Feature", "geometry": {"type": "Point", "coordinates": [-78.02845727299996, 38.00972629000006]}, "properties": {"facility_id": "hifld_ss_116428", "facility_name": "UNKNOWN116428", "year": 2026, "type": "substation", "geoid": 51109, "lines": 1.0, "max_voltage": 230.0, "source_id": "116428", "status": "IN SERVICE"}}, {"type": "Feature", "geometry": {"type": "Point", "coordinates": [-78.21546139399999, 38.11741890300004]}, "properties": {"facility_id": "hifld_ss_116429", "facility_name": "UNKNOWN116429", "year": 2026, "type": "substation", "geoid": 51109, "lines": 3.0, "max_voltage": 230.0, "source_id": "116429", "status": "IN SERVICE"}}, {"type": "Feature", "geometry": {"type": "Point", "coordinates": [-78.20421808399993, 38.12406512200005]}, "properties": {"facility_id": "hifld_ss_116430", "facility_name": "UNKNOWN116430", "year": 2026, "type": "substation", "geoid": 51109, "lines": 3.0, "max_voltage": 230.0, "source_id": "116430", "status": "IN SERVICE"}}, {"type": "Feature", "geometry": {"type": "Point", "coordinates": [-78.28844857599995, 37.70973173800007]}, "properties": {"facility_id": "hifld_ss_116432", "facility_name": "UNKNOWN116432", "year": 2026, "type": "substation", "geoid": 51065, "lines": 10.0, "max_voltage": 230.0, "source_id": "116432", "status": "IN SERVICE"}}, {"type": "Feature", "geometry": {"type": "Point", "coordinates": [-78.17411649599995, 37.759318343000075]}, "properties": {"facility_id": "hifld_ss_116434", "facility_name": "UNKNOWN116434", "year": 2026, "type": "substation", "geoid": 51065, "lines": 1.0, "source_id": "116434", "status": "IN SERVICE"}}, {"type": "Feature", "geometry": {"type": "Point", "coordinates": [-78.19782665499997, 37.96766117200008]}, "properties": {"facility_id": "hifld_ss_116437", "facility_name": "UNKNOWN116437", "year": 2026, "type": "substation", "geoid": 51109, "lines": 2.0, "source_id": "116437", "status": "IN SERVICE"}}, {"type": "Feature", "geometry": {"type": "Point", "coordinates": [-78.35040560399995, 37.49170575900007]}, "properties": {"facility_id": "hifld_ss_116439", "facility_name": "UNKNOWN116439", "year": 2026, "type": "substation", "geoid": 51049, "lines": 2.0, "max_voltage": 230.0, "source_id": "116439", "status": "IN SERVICE"}}, {"type": "Feature", "geometry": {"type": "Point", "coordinates": [-78.67943917399998, 37.25487248400003]}, "properties": {"facility_id": "hifld_ss_116456", "facility_name": "UNKNOWN116456", "year": 2026, "type": "substation", "geoid": 51147, "lines": 2.0, "max_voltage": 115.0, "source_id": "116456", "status": "IN SERVICE"}}, {"type": "Feature", "geometry": {"type": "Point", "coordinates": [-78.47913159899997, 37.448439705000055]}, "properties": {"facility_id": "hifld_ss_116457", "facility_name": "UNKNOWN116457", "year": 2026, "type": "substation", "geoid": 51029, "lines": 1.0, "max_voltage": 115.0, "source_id": "116457", "status": "IN SERVICE"}}, {"type": "Feature", "geometry": {"type": "Point", "coordinates": [-78.46325624499997, 37.32206052400005]}, "properties": {"facility_id": "hifld_ss_116458", "facility_name": "UNKNOWN116458", "year": 2026, "type": "substation", "geoid": 51147, "lines": 3.0, "max_voltage": 115.0, "source_id": "116458", "status": "IN SERVICE"}}, {"type": "Feature", "geometry": {"type": "Point", "coordinates": [-78.27956523599994, 37.23161414000003]}, "properties": {"facility_id": "hifld_ss_116459", "facility_name": "UNKNOWN116459", "year": 2026, "type": "substation", "geoid": 51147, "lines": 1.0, "max_voltage": 115.0, "source_id": "116459", "status": "IN SERVICE"}}, {"type": "Feature", "geometry": {"type": "Point", "coordinates": [-78.33752014199996, 37.32422121600007]}, "properties": {"facility_id": "hifld_ss_116460", "facility_name": "UNKNOWN116460", "year": 2026, "type": "substation", "geoid": 51049, "lines": 0.0, "source_id": "116460", "status": "IN SERVICE"}}, {"type": "Feature", "geometry": {"type": "Point", "coordinates": [-78.32048874199995, 37.886803229000066]}, "properties": {"facility_id": "hifld_ss_116461", "facility_name": "UNKNOWN116461", "year": 2026, "type": "substation", "geoid": 51065, "lines": 1.0, "max_voltage": 230.0, "source_id": "116461", "status": "IN SERVICE"}}, {"type": "Feature", "geometry": {"type": "Point", "coordinates": [-77.91915998499996, 37.97061031900006]}, "properties": {"facility_id": "hifld_ss_116462", "facility_name": "UNKNOWN116462", "year": 2026, "type": "substation", "geoid": 51109, "lines": 1.0, "source_id": "116462", "status": "IN SERVICE"}}, {"type": "Feature", "geometry": {"type": "Point", "coordinates": [-77.76362203499997, 37.961988560000066]}, "properties": {"facility_id": "hifld_ss_116463", "facility_name": "UNKNOWN116463", "year": 2026, "type": "substation", "geoid": 51109, "lines": 2.0, "max_voltage": 115.0, "source_id": "116463", "status": "IN SERVICE"}}, {"type": "Feature", "geometry": {"type": "Point", "coordinates": [-77.53978808099998, 37.79080962000006]}, "properties": {"facility_id": "hifld_ss_116464", "facility_name": "UNKNOWN116464", "year": 2026, "type": "substation", "geoid": 51085, "lines": 1.0, "source_id": "116464", "status": "IN SERVICE"}}, {"type": "Feature", "geometry": {"type": "Point", "coordinates": [-76.81323425899996, 37.55282723400006]}, "properties": {"facility_id": "hifld_ss_116465", "facility_name": "UNKNOWN116465", "year": 2026, "type": "substation", "geoid": 51101, "lines": 4.0, "max_voltage": 230.0, "source_id": "116465", "status": "IN SERVICE"}}, {"type": "Feature", "geometry": {"type": "Point", "coordinates": [-76.70192928499995, 37.54342949900007]}, "properties": {"facility_id": "hifld_ss_116466", "facility_name": "UNKNOWN116466", "year": 2026, "type": "substation", "geoid": 51097, "lines": 1.0, "max_voltage": 230.0, "source_id": "116466", "status": "IN SERVICE"}}, {"type": "Feature", "geometry": {"type": "Point", "coordinates": [-77.16453071699993, 37.754688127000065]}, "properties": {"facility_id": "hifld_ss_116467", "facility_name": "UNKNOWN116467", "year": 2026, "type": "substation", "geoid": 51101, "lines": 1.0, "max_voltage": 115.0, "source_id": "116467", "status": "IN SERVICE"}}, {"type": "Feature", "geometry": {"type": "Point", "coordinates": [-77.26049023899998, 37.79880753400005]}, "properties": {"facility_id": "hifld_ss_116468", "facility_name": "UNKNOWN116468", "year": 2026, "type": "substation", "geoid": 51101, "lines": 2.0, "max_voltage": 115.0, "source_id": "116468", "status": "IN SERVICE"}}, {"type": "Feature", "geometry": {"type": "Point", "coordinates": [-77.47377841799994, 38.22456512100007]}, "properties": {"facility_id": "hifld_ss_116469", "facility_name": "SLABTOWN", "year": 2026, "type": "substation", "geoid": 51177, "lines": 1.0, "max_voltage": 115.0, "source_id": "116469", "status": "IN SERVICE"}}, {"type": "Feature", "geometry": {"type": "Point", "coordinates": [-77.54458027399994, 38.002724400000034]}, "properties": {"facility_id": "hifld_ss_116473", "facility_name": "UNKNOWN116473", "year": 2026, "type": "substation", "geoid": 51033, "lines": 2.0, "max_voltage": 115.0, "source_id": "116473", "status": "IN SERVICE"}}, {"type": "Feature", "geometry": {"type": "Point", "coordinates": [-77.59926233499993, 38.14678020400004]}, "properties": {"facility_id": "hifld_ss_116474", "facility_name": "UNKNOWN116474", "year": 2026, "type": "substation", "geoid": 51177, "lines": 1.0, "max_voltage": 115.0, "source_id": "116474", "status": "IN SERVICE"}}, {"type": "Feature", "geometry": {"type": "Point", "coordinates": [-77.20304623699997, 38.16507339300006]}, "properties": {"facility_id": "hifld_ss_116475", "facility_name": "UNKNOWN116475", "year": 2026, "type": "substation", "geoid": 51033, "lines": 1.0, "source_id": "116475", "status": "IN SERVICE"}}, {"type": "Feature", "geometry": {"type": "Point", "coordinates": [-77.33553376499998, 38.07052532700004]}, "properties": {"facility_id": "hifld_ss_116476", "facility_name": "UNKNOWN116476", "year": 2026, "type": "substation", "geoid": 51033, "lines": 2.0, "source_id": "116476", "status": "IN SERVICE"}}, {"type": "Feature", "geometry": {"type": "Point", "coordinates": [-77.39528442099999, 38.17286336700005]}, "properties": {"facility_id": "hifld_ss_116477", "facility_name": "UNKNOWN116477", "year": 2026, "type": "substation", "geoid": 51033, "lines": 1.0, "source_id": "116477", "status": "IN SERVICE"}}, {"type": "Feature", "geometry": {"type": "Point", "coordinates": [-77.61344811899994, 37.98992449600007]}, "properties": {"facility_id": "hifld_ss_116479", "facility_name": "UNKNOWN116479", "year": 2026, "type": "substation", "geoid": 51033, "lines": 1.0, "max_voltage": 115.0, "source_id": "116479", "status": "IN SERVICE"}}, {"type": "Feature", "geometry": {"type": "Point", "coordinates": [-77.51022134999994, 38.01117913000007]}, "properties": {"facility_id": "hifld_ss_116480", "facility_name": "UNKNOWN116480", "year": 2026, "type": "substation", "geoid": 51033, "lines": 1.0, "max_voltage": 115.0, "source_id": "116480", "status": "IN SERVICE"}}, {"type": "Feature", "geometry": {"type": "Point", "coordinates": [-77.86268032999999, 38.288866047000056]}, "properties": {"facility_id": "hifld_ss_116481", "facility_name": "UNKNOWN116481", "year": 2026, "type": "substation", "geoid": 51137, "lines": 2.0, "max_voltage": 115.0, "source_id": "116481", "status": "IN SERVICE"}}, {"type": "Feature", "geometry": {"type": "Point", "coordinates": [-77.94738081399998, 38.33378400500004]}, "properties": {"facility_id": "hifld_ss_116482", "facility_name": "UNKNOWN116482", "year": 2026, "type": "substation", "geoid": 51137, "lines": 3.0, "max_voltage": 115.0, "source_id": "116482", "status": "IN SERVICE"}}, {"type": "Feature", "geometry": {"type": "Point", "coordinates": [-77.95547764399998, 38.315735080000024]}, "properties": {"facility_id": "hifld_ss_116483", "facility_name": "UNKNOWN116483", "year": 2026, "type": "substation", "geoid": 51137, "lines": 1.0, "max_voltage": 115.0, "source_id": "116483", "status": "IN SERVICE"}}, {"type": "Feature", "geometry": {"type": "Point", "coordinates": [-78.19326494199998, 38.14694814200004]}, "properties": {"facility_id": "hifld_ss_116484", "facility_name": "UNKNOWN116484", "year": 2026, "type": "substation", "geoid": 51137, "lines": 2.0, "max_voltage": 115.0, "source_id": "116484", "status": "IN SERVICE"}}, {"type": "Feature", "geometry": {"type": "Point", "coordinates": [-78.10924095399997, 38.24057005700007]}, "properties": {"facility_id": "hifld_ss_116485", "facility_name": "UNKNOWN116485", "year": 2026, "type": "substation", "geoid": 51137, "lines": 1.0, "max_voltage": 115.0, "source_id": "116485", "status": "IN SERVICE"}}, {"type": "Feature", "geometry": {"type": "Point", "coordinates": [-77.96844291699995, 38.19669819600006]}, "properties": {"facility_id": "hifld_ss_116486", "facility_name": "UNKNOWN116486", "year": 2026, "type": "substation", "geoid": 51137, "lines": 0.0, "source_id": "116486", "status": "IN SERVICE"}}, {"type": "Feature", "geometry": {"type": "Point", "coordinates": [-77.99167367399997, 38.09857295200004]}, "properties": {"facility_id": "hifld_ss_116487", "facility_name": "UNKNOWN116487", "year": 2026, "type": "substation", "geoid": 51109, "lines": 1.0, "max_voltage": 115.0, "source_id": "116487", "status": "IN SERVICE"}}, {"type": "Feature", "geometry": {"type": "Point", "coordinates": [-76.84354566399998, 38.08117897100004]}, "properties": {"facility_id": "hifld_ss_116489", "facility_name": "UNKNOWN116489", "year": 2026, "type": "substation", "geoid": 51159, "lines": 2.0, "max_voltage": 230.0, "source_id": "116489", "status": "IN SERVICE"}}, {"type": "Feature", "geometry": {"type": "Point", "coordinates": [-76.56313417799998, 37.86406237700004]}, "properties": {"facility_id": "hifld_ss_116490", "facility_name": "UNKNOWN116490", "year": 2026, "type": "substation", "geoid": 51159, "lines": 3.0, "max_voltage": 115.0, "source_id": "116490", "status": "IN SERVICE"}}, {"type": "Feature", "geometry": {"type": "Point", "coordinates": [-76.39360068399998, 37.70802497300008]}, "properties": {"facility_id": "hifld_ss_116491", "facility_name": "UNKNOWN116491", "year": 2026, "type": "substation", "geoid": 51103, "lines": 2.0, "max_voltage": 115.0, "source_id": "116491", "status": "IN SERVICE"}}, {"type": "Feature", "geometry": {"type": "Point", "coordinates": [-76.57831266599999, 37.851238755000054]}, "properties": {"facility_id": "hifld_ss_116492", "facility_name": "UNKNOWN116492", "year": 2026, "type": "substation", "geoid": 51159, "lines": 0.0, "source_id": "116492", "status": "IN SERVICE"}}, {"type": "Feature", "geometry": {"type": "Point", "coordinates": [-76.54419999899994, 37.73738190200004]}, "properties": {"facility_id": "hifld_ss_116493", "facility_name": "UNKNOWN116493", "year": 2026, "type": "substation", "geoid": 51103, "lines": 0.0, "source_id": "116493", "status": "IN SERVICE"}}, {"type": "Feature", "geometry": {"type": "Point", "coordinates": [-76.52118089899994, 37.70016510500005]}, "properties": {"facility_id": "hifld_ss_116494", "facility_name": "UNKNOWN116494", "year": 2026, "type": "substation", "geoid": 51103, "lines": 0.0, "source_id": "116494", "status": "IN SERVICE"}}, {"type": "Feature", "geometry": {"type": "Point", "coordinates": [-76.96406686299997, 37.892437796000024]}, "properties": {"facility_id": "hifld_ss_116495", "facility_name": "UNKNOWN116495", "year": 2026, "type": "substation", "geoid": 51057, "lines": 1.0, "source_id": "116495", "status": "IN SERVICE"}}, {"type": "Feature", "geometry": {"type": "Point", "coordinates": [-77.21762960399997, 37.963470022000024]}, "properties": {"facility_id": "hifld_ss_116496", "facility_name": "UNKNOWN116496", "year": 2026, "type": "substation", "geoid": 51033, "lines": 2.0, "source_id": "116496", "status": "IN SERVICE"}}, {"type": "Feature", "geometry": {"type": "Point", "coordinates": [-77.55939659599994, 38.48142500600005]}, "properties": {"facility_id": "hifld_ss_116497", "facility_name": "UNKNOWN116497", "year": 2026, "type": "substation", "geoid": 51179, "lines": 1.0, "max_voltage": 115.0, "source_id": "116497", "status": "IN SERVICE"}}, {"type": "Feature", "geometry": {"type": "Point", "coordinates": [-77.92664231099997, 38.65169678500007]}, "properties": {"facility_id": "hifld_ss_116654", "facility_name": "UNKNOWN116654", "year": 2026, "type": "substation", "geoid": 51047, "lines": 1.0, "source_id": "116654", "status": "IN SERVICE"}}, {"type": "Feature", "geometry": {"type": "Point", "coordinates": [-77.19357814099999, 38.747350794000056]}, "properties": {"facility_id": "hifld_ss_116656", "facility_name": "UNKNOWN116656", "year": 2026, "type": "substation", "geoid": 51059, "lines": 2.0, "max_voltage": 230.0, "source_id": "116656", "status": "IN SERVICE"}}, {"type": "Feature", "geometry": {"type": "Point", "coordinates": [-77.15769711499996, 38.88572745800008]}, "properties": {"facility_id": "hifld_ss_116658", "facility_name": "FALLS CHURCH", "year": 2026, "type": "substation", "geoid": 51013, "lines": 4.0, "max_voltage": 230.0, "source_id": "116658", "status": "IN SERVICE"}}, {"type": "Feature", "geometry": {"type": "Point", "coordinates": [-77.37500477699996, 38.76755395600003]}, "properties": {"facility_id": "hifld_ss_116659", "facility_name": "MOORE", "year": 2026, "type": "substation", "geoid": 51059, "lines": 1.0, "max_voltage": 230.0, "source_id": "116659", "status": "IN SERVICE"}}, {"type": "Feature", "geometry": {"type": "Point", "coordinates": [-77.28117928599994, 38.53741360200007]}, "properties": {"facility_id": "hifld_ss_116661", "facility_name": "UNKNOWN116661", "year": 2026, "type": "substation", "geoid": 51153, "lines": 7.0, "max_voltage": 230.0, "source_id": "116661", "status": "IN SERVICE"}}, {"type": "Feature", "geometry": {"type": "Point", "coordinates": [-77.27824303099999, 38.551739147000035]}, "properties": {"facility_id": "hifld_ss_116662", "facility_name": "UNKNOWN116662", "year": 2026, "type": "substation", "geoid": 51153, "lines": 4.0, "max_voltage": 500.0, "source_id": "116662", "status": "IN SERVICE"}}, {"type": "Feature", "geometry": {"type": "Point", "coordinates": [-77.36955882299998, 38.646836878000045]}, "properties": {"facility_id": "hifld_ss_116739", "facility_name": "UNKNOWN116739", "year": 2026, "type": "substation", "geoid": 51153, "lines": 1.0, "max_voltage": 115.0, "source_id": "116739", "status": "IN SERVICE"}}, {"type": "Feature", "geometry": {"type": "Point", "coordinates": [-77.26069096899994, 38.694958850000035]}, "properties": {"facility_id": "hifld_ss_116742", "facility_name": "UNKNOWN116742", "year": 2026, "type": "substation", "geoid": 51059, "lines": 2.0, "max_voltage": 230.0, "source_id": "116742", "status": "IN SERVICE"}}, {"type": "Feature", "geometry": {"type": "Point", "coordinates": [-77.25950992299994, 38.69215025400007]}, "properties": {"facility_id": "hifld_ss_116743", "facility_name": "UNKNOWN116743", "year": 2026, "type": "substation", "geoid": 51059, "lines": 0.0, "source_id": "116743", "status": "IN SERVICE"}}, {"type": "Feature", "geometry": {"type": "Point", "coordinates": [-77.19379111399996, 38.73904943000008]}, "properties": {"facility_id": "hifld_ss_116744", "facility_name": "FRANCONIA", "year": 2026, "type": "substation", "geoid": 51059, "lines": 4.0, "max_voltage": 230.0, "source_id": "116744", "status": "IN SERVICE"}}, {"type": "Feature", "geometry": {"type": "Point", "coordinates": [-77.15040431899996, 38.763114803000065]}, "properties": {"facility_id": "hifld_ss_116745", "facility_name": "HAYFIELD", "year": 2026, "type": "substation", "geoid": 51059, "lines": 4.0, "max_voltage": 230.0, "source_id": "116745", "status": "IN SERVICE"}}, {"type": "Feature", "geometry": {"type": "Point", "coordinates": [-77.14928537799995, 38.794993513000065]}, "properties": {"facility_id": "hifld_ss_116746", "facility_name": "VAN DOM", "year": 2026, "type": "substation", "geoid": 51059, "lines": 2.0, "max_voltage": 230.0, "source_id": "116746", "status": "IN SERVICE"}}, {"type": "Feature", "geometry": {"type": "Point", "coordinates": [-77.10849407899997, 38.784851298000035]}, "properties": {"facility_id": "hifld_ss_116747", "facility_name": "VIRIGINIA HILLS", "year": 2026, "type": "substation", "geoid": 51059, "lines": 6.0, "max_voltage": 230.0, "source_id": "116747", "status": "IN SERVICE"}}, {"type": "Feature", "geometry": {"type": "Point", "coordinates": [-77.16901370199997, 38.82350647700008]}, "properties": {"facility_id": "hifld_ss_116752", "facility_name": "ANNANDALE", "year": 2026, "type": "substation", "geoid": 51059, "lines": 1.0, "source_id": "116752", "status": "IN SERVICE"}}, {"type": "Feature", "geometry": {"type": "Point", "coordinates": [-77.05654488499994, 38.85776199800006]}, "properties": {"facility_id": "hifld_ss_116753", "facility_name": "UNKNOWN116753", "year": 2026, "type": "substation", "geoid": 51013, "lines": 0.0, "source_id": "116753", "status": "NOT AVAILABLE"}}, {"type": "Feature", "geometry": {"type": "Point", "coordinates": [-77.70973563199993, 38.55627274500006]}, "properties": {"facility_id": "hifld_ss_116754", "facility_name": "UNKNOWN116754", "year": 2026, "type": "substation", "geoid": 51061, "lines": 2.0, "max_voltage": 115.0, "source_id": "116754", "status": "IN SERVICE"}}, {"type": "Feature", "geometry": {"type": "Point", "coordinates": [-77.56817829499994, 38.85432175200003]}, "properties": {"facility_id": "hifld_ss_116755", "facility_name": "UNKNOWN116755", "year": 2026, "type": "substation", "geoid": 51153, "lines": 1.0, "max_voltage": 115.0, "source_id": "116755", "status": "IN SERVICE"}}, {"type": "Feature", "geometry": {"type": "Point", "coordinates": [-77.56983359999998, 38.896654899000055]}, "properties": {"facility_id": "hifld_ss_116769", "facility_name": "ARCOLA", "year": 2026, "type": "substation", "geoid": 51107, "lines": 1.0, "max_voltage": 230.0, "source_id": "116769", "status": "IN SERVICE"}}, {"type": "Feature", "geometry": {"type": "Point", "coordinates": [-77.39959848299998, 38.83480951700005]}, "properties": {"facility_id": "hifld_ss_116770", "facility_name": "UNKNOWN116770", "year": 2026, "type": "substation", "geoid": 51059, "lines": 2.0, "max_voltage": 230.0, "source_id": "116770", "status": "IN SERVICE"}}, {"type": "Feature", "geometry": {"type": "Point", "coordinates": [-77.37214637899996, 38.87455846600005]}, "properties": {"facility_id": "hifld_ss_116771", "facility_name": "UNKNOWN116771", "year": 2026, "type": "substation", "geoid": 51059, "lines": 2.0, "max_voltage": 230.0, "source_id": "116771", "status": "IN SERVICE"}}, {"type": "Feature", "geometry": {"type": "Point", "coordinates": [-77.30738809899998, 38.822357296000064]}, "properties": {"facility_id": "hifld_ss_116772", "facility_name": "BURKE-SIDEBURN", "year": 2026, "type": "substation", "geoid": 51059, "lines": 1.0, "max_voltage": 230.0, "source_id": "116772", "status": "IN SERVICE"}}, {"type": "Feature", "geometry": {"type": "Point", "coordinates": [-77.47438745599999, 38.74964876000007]}, "properties": {"facility_id": "hifld_ss_116773", "facility_name": "PRINCE WILLIAM DP", "year": 2026, "type": "substation", "geoid": 51683, "lines": 2.0, "max_voltage": 230.0, "source_id": "116773", "status": "IN SERVICE"}}, {"type": "Feature", "geometry": {"type": "Point", "coordinates": [-77.45283501299997, 38.76914241700007]}, "properties": {"facility_id": "hifld_ss_116774", "facility_name": "UNKNOWN116774", "year": 2026, "type": "substation", "geoid": 51685, "lines": 1.0, "max_voltage": 115.0, "source_id": "116774", "status": "IN SERVICE"}}, {"type": "Feature", "geometry": {"type": "Point", "coordinates": [-77.45130041899995, 38.81146882500008]}, "properties": {"facility_id": "hifld_ss_116775", "facility_name": "HARRISON", "year": 2026, "type": "substation", "geoid": 51059, "lines": 6.0, "max_voltage": 115.0, "source_id": "116775", "status": "IN SERVICE"}}, {"type": "Feature", "geometry": {"type": "Point", "coordinates": [-77.45275510199997, 38.810573790000035]}, "properties": {"facility_id": "hifld_ss_116776", "facility_name": "UNKNOWN116776", "year": 2026, "type": "substation", "geoid": 51059, "lines": 2.0, "max_voltage": 115.0, "source_id": "116776", "status": "IN SERVICE"}}, {"type": "Feature", "geometry": {"type": "Point", "coordinates": [-77.45754715199996, 38.887185970000075]}, "properties": {"facility_id": "hifld_ss_116835", "facility_name": "UNKNOWN116835", "year": 2026, "type": "substation", "geoid": 51059, "lines": 4.0, "max_voltage": 230.0, "source_id": "116835", "status": "IN SERVICE"}}, {"type": "Feature", "geometry": {"type": "Point", "coordinates": [-77.23980487499995, 38.69652367500004]}, "properties": {"facility_id": "hifld_ss_116837", "facility_name": "UNKNOWN116837", "year": 2026, "type": "substation", "geoid": 51059, "lines": 2.0, "max_voltage": 230.0, "source_id": "116837", "status": "IN SERVICE"}}, {"type": "Feature", "geometry": {"type": "Point", "coordinates": [-77.06026308099996, 38.79915310000007]}, "properties": {"facility_id": "hifld_ss_116838", "facility_name": "SOUTH CARLYLE", "year": 2026, "type": "substation", "geoid": 51510, "lines": 4.0, "max_voltage": 230.0, "source_id": "116838", "status": "IN SERVICE"}}, {"type": "Feature", "geometry": {"type": "Point", "coordinates": [-77.13447071599995, 38.74144606700003]}, "properties": {"facility_id": "hifld_ss_116839", "facility_name": "BELVOIR", "year": 2026, "type": "substation", "geoid": 51059, "lines": 4.0, "max_voltage": 230.0, "source_id": "116839", "status": "IN SERVICE"}}, {"type": "Feature", "geometry": {"type": "Point", "coordinates": [-77.51239491599995, 38.75736408200004]}, "properties": {"facility_id": "hifld_ss_116972", "facility_name": "UNKNOWN116972", "year": 2026, "type": "substation", "geoid": 51153, "lines": 2.0, "max_voltage": 115.0, "source_id": "116972", "status": "IN SERVICE"}}, {"type": "Feature", "geometry": {"type": "Point", "coordinates": [-77.50938515999997, 38.746532228000035]}, "properties": {"facility_id": "hifld_ss_116973", "facility_name": "UNKNOWN116973", "year": 2026, "type": "substation", "geoid": 51683, "lines": 2.0, "max_voltage": 115.0, "source_id": "116973", "status": "IN SERVICE"}}, {"type": "Feature", "geometry": {"type": "Point", "coordinates": [-77.50296299399997, 38.74928110000008]}, "properties": {"facility_id": "hifld_ss_116974", "facility_name": "UNKNOWN116974", "year": 2026, "type": "substation", "geoid": 51683, "lines": 2.0, "max_voltage": 115.0, "source_id": "116974", "status": "IN SERVICE"}}, {"type": "Feature", "geometry": {"type": "Point", "coordinates": [-77.50915688999999, 38.73998268200006]}, "properties": {"facility_id": "hifld_ss_116975", "facility_name": "UNKNOWN116975", "year": 2026, "type": "substation", "geoid": 51683, "lines": 0.0, "source_id": "116975", "status": "IN SERVICE"}}, {"type": "Feature", "geometry": {"type": "Point", "coordinates": [-77.59837858899994, 39.11393431800008]}, "properties": {"facility_id": "hifld_ss_116991", "facility_name": "UNKNOWN116991", "year": 2026, "type": "substation", "geoid": 51107, "lines": 2.0, "max_voltage": 230.0, "source_id": "116991", "status": "IN SERVICE"}}, {"type": "Feature", "geometry": {"type": "Point", "coordinates": [-77.61608045999998, 39.139699552000025]}, "properties": {"facility_id": "hifld_ss_116992", "facility_name": "UNKNOWN116992", "year": 2026, "type": "substation", "geoid": 51107, "lines": 2.0, "source_id": "116992", "status": "IN SERVICE"}}, {"type": "Feature", "geometry": {"type": "Point", "coordinates": [-77.49963199999996, 38.71979900000008]}, "properties": {"facility_id": "hifld_ss_116997", "facility_name": "CLOVER HILL", "year": 2026, "type": "substation", "geoid": 51153, "lines": 2.0, "max_voltage": 230.0, "source_id": "116997", "status": "IN SERVICE"}}, {"type": "Feature", "geometry": {"type": "Point", "coordinates": [-77.52915503399998, 38.76685003500006]}, "properties": {"facility_id": "hifld_ss_116998", "facility_name": "UNKNOWN116998", "year": 2026, "type": "substation", "geoid": 51153, "lines": 1.0, "max_voltage": 115.0, "source_id": "116998", "status": "IN SERVICE"}}, {"type": "Feature", "geometry": {"type": "Point", "coordinates": [-77.51395033799997, 38.80278076900004]}, "properties": {"facility_id": "hifld_ss_117000", "facility_name": "UNKNOWN117000", "year": 2026, "type": "substation", "geoid": 51153, "lines": 1.0, "max_voltage": 115.0, "source_id": "117000", "status": "IN SERVICE"}}, {"type": "Feature", "geometry": {"type": "Point", "coordinates": [-77.53444051099996, 38.792847074000065]}, "properties": {"facility_id": "hifld_ss_117001", "facility_name": "UNKNOWN117001", "year": 2026, "type": "substation", "geoid": 51153, "lines": 1.0, "max_voltage": 115.0, "source_id": "117001", "status": "IN SERVICE"}}, {"type": "Feature", "geometry": {"type": "Point", "coordinates": [-77.59382568299998, 38.77931778800007]}, "properties": {"facility_id": "hifld_ss_117006", "facility_name": "UNKNOWN117006", "year": 2026, "type": "substation", "geoid": 51153, "lines": 1.0, "max_voltage": 230.0, "source_id": "117006", "status": "IN SERVICE"}}, {"type": "Feature", "geometry": {"type": "Point", "coordinates": [-77.65422651599994, 38.75308054300007]}, "properties": {"facility_id": "hifld_ss_117007", "facility_name": "WHEELER", "year": 2026, "type": "substation", "geoid": 51153, "lines": 1.0, "max_voltage": 230.0, "source_id": "117007", "status": "IN SERVICE"}}, {"type": "Feature", "geometry": {"type": "Point", "coordinates": [-77.58008796799999, 38.78436062000003]}, "properties": {"facility_id": "hifld_ss_117008", "facility_name": "UNKNOWN117008", "year": 2026, "type": "substation", "geoid": 51153, "lines": 1.0, "max_voltage": 230.0, "source_id": "117008", "status": "IN SERVICE"}}, {"type": "Feature", "geometry": {"type": "Point", "coordinates": [-77.50710709099997, 38.78253932100006]}, "properties": {"facility_id": "hifld_ss_117009", "facility_name": "UNKNOWN117009", "year": 2026, "type": "substation", "geoid": 51153, "lines": 1.0, "max_voltage": 115.0, "source_id": "117009", "status": "IN SERVICE"}}, {"type": "Feature", "geometry": {"type": "Point", "coordinates": [-77.52283905599995, 38.775744135000025]}, "properties": {"facility_id": "hifld_ss_117010", "facility_name": "UNKNOWN117010", "year": 2026, "type": "substation", "geoid": 51153, "lines": 1.0, "max_voltage": 115.0, "source_id": "117010", "status": "IN SERVICE"}}, {"type": "Feature", "geometry": {"type": "Point", "coordinates": [-77.47866716299995, 38.767419337000035]}, "properties": {"facility_id": "hifld_ss_117011", "facility_name": "WOODS DP", "year": 2026, "type": "substation", "geoid": 51683, "lines": 1.0, "max_voltage": 115.0, "source_id": "117011", "status": "IN SERVICE"}}, {"type": "Feature", "geometry": {"type": "Point", "coordinates": [-77.46159735799995, 38.80561178500005]}, "properties": {"facility_id": "hifld_ss_117012", "facility_name": "UNKNOWN117012", "year": 2026, "type": "substation", "geoid": 51059, "lines": 2.0, "max_voltage": 115.0, "source_id": "117012", "status": "IN SERVICE"}}, {"type": "Feature", "geometry": {"type": "Point", "coordinates": [-77.47364380799996, 38.795851543000026]}, "properties": {"facility_id": "hifld_ss_117013", "facility_name": "UNKNOWN117013", "year": 2026, "type": "substation", "geoid": 51153, "lines": 1.0, "max_voltage": 115.0, "source_id": "117013", "status": "IN SERVICE"}}, {"type": "Feature", "geometry": {"type": "Point", "coordinates": [-77.49772607499995, 38.78769294600005]}, "properties": {"facility_id": "hifld_ss_117014", "facility_name": "UNKNOWN117014", "year": 2026, "type": "substation", "geoid": 51153, "lines": 1.0, "max_voltage": 115.0, "source_id": "117014", "status": "IN SERVICE"}}, {"type": "Feature", "geometry": {"type": "Point", "coordinates": [-77.99323959899993, 38.469462786000065]}, "properties": {"facility_id": "hifld_ss_117015", "facility_name": "UNKNOWN117015", "year": 2026, "type": "substation", "geoid": 51047, "lines": 1.0, "max_voltage": 115.0, "source_id": "117015", "status": "IN SERVICE"}}, {"type": "Feature", "geometry": {"type": "Point", "coordinates": [-77.97397651399996, 38.46291034500007]}, "properties": {"facility_id": "hifld_ss_117016", "facility_name": "UNKNOWN117016", "year": 2026, "type": "substation", "geoid": 51047, "lines": 3.0, "max_voltage": 115.0, "source_id": "117016", "status": "IN SERVICE"}}, {"type": "Feature", "geometry": {"type": "Point", "coordinates": [-77.98926145799999, 38.46934036300007]}, "properties": {"facility_id": "hifld_ss_117017", "facility_name": "UNKNOWN117017", "year": 2026, "type": "substation", "geoid": 51047, "lines": 1.0, "max_voltage": 115.0, "source_id": "117017", "status": "IN SERVICE"}}, {"type": "Feature", "geometry": {"type": "Point", "coordinates": [-77.63514296399995, 38.86705182800006]}, "properties": {"facility_id": "hifld_ss_117018", "facility_name": "UNKNOWN117018", "year": 2026, "type": "substation", "geoid": 51153, "lines": 1.0, "max_voltage": 115.0, "source_id": "117018", "status": "IN SERVICE"}}, {"type": "Feature", "geometry": {"type": "Point", "coordinates": [-77.44262318299997, 38.657319691000055]}, "properties": {"facility_id": "hifld_ss_117019", "facility_name": "UNKNOWN117019", "year": 2026, "type": "substation", "geoid": 51153, "lines": 1.0, "max_voltage": 115.0, "source_id": "117019", "status": "IN SERVICE"}}, {"type": "Feature", "geometry": {"type": "Point", "coordinates": [-77.44223481599994, 38.68133642300006]}, "properties": {"facility_id": "hifld_ss_117020", "facility_name": "UNKNOWN117020", "year": 2026, "type": "substation", "geoid": 51153, "lines": 1.0, "max_voltage": 115.0, "source_id": "117020", "status": "IN SERVICE"}}, {"type": "Feature", "geometry": {"type": "Point", "coordinates": [-77.34492381299998, 38.62726892000006]}, "properties": {"facility_id": "hifld_ss_117021", "facility_name": "UNKNOWN117021", "year": 2026, "type": "substation", "geoid": 51153, "lines": 1.0, "max_voltage": 115.0, "source_id": "117021", "status": "IN SERVICE"}}, {"type": "Feature", "geometry": {"type": "Point", "coordinates": [-78.33148105599997, 38.349436268000034]}, "properties": {"facility_id": "hifld_ss_117022", "facility_name": "UNKNOWN117022", "year": 2026, "type": "substation", "geoid": 51113, "lines": 0.0, "source_id": "117022", "status": "IN SERVICE"}}, {"type": "Feature", "geometry": {"type": "Point", "coordinates": [-77.51519314499996, 38.79923347700003]}, "properties": {"facility_id": "hifld_ss_117023", "facility_name": "UNKNOWN117023", "year": 2026, "type": "substation", "geoid": 51153, "lines": 1.0, "max_voltage": 115.0, "source_id": "117023", "status": "IN SERVICE"}}, {"type": "Feature", "geometry": {"type": "Point", "coordinates": [-83.11047795799999, 36.76486772900006]}, "properties": {"facility_id": "hifld_ss_117024", "facility_name": "UNKNOWN117024", "year": 2026, "type": "substation", "geoid": 51105, "lines": 1.0, "source_id": "117024", "status": "IN SERVICE"}}, {"type": "Feature", "geometry": {"type": "Point", "coordinates": [-83.03107777899999, 36.76140055700006]}, "properties": {"facility_id": "hifld_ss_117025", "facility_name": "UNKNOWN117025", "year": 2026, "type": "substation", "geoid": 51105, "lines": 1.0, "source_id": "117025", "status": "IN SERVICE"}}, {"type": "Feature", "geometry": {"type": "Point", "coordinates": [-82.26895034699999, 37.007048707000024]}, "properties": {"facility_id": "hifld_ss_117028", "facility_name": "UNKNOWN117028", "year": 2026, "type": "substation", "geoid": 51051, "lines": 2.0, "max_voltage": 69.0, "source_id": "117028", "status": "IN SERVICE"}}, {"type": "Feature", "geometry": {"type": "Point", "coordinates": [-82.19957556399999, 37.00702271200004]}, "properties": {"facility_id": "hifld_ss_117029", "facility_name": "UNKNOWN117029", "year": 2026, "type": "substation", "geoid": 51167, "lines": 1.0, "source_id": "117029", "status": "IN SERVICE"}}, {"type": "Feature", "geometry": {"type": "Point", "coordinates": [-82.19085436399996, 37.08221590000005]}, "properties": {"facility_id": "hifld_ss_117030", "facility_name": "UNKNOWN117030", "year": 2026, "type": "substation", "geoid": 51051, "lines": 1.0, "source_id": "117030", "status": "IN SERVICE"}}, {"type": "Feature", "geometry": {"type": "Point", "coordinates": [-81.87020070199998, 37.11632458200006]}, "properties": {"facility_id": "hifld_ss_117031", "facility_name": "COAL CREEK", "year": 2026, "type": "substation", "geoid": 51185, "lines": 2.0, "max_voltage": 69.0, "source_id": "117031", "status": "IN SERVICE"}}, {"type": "Feature", "geometry": {"type": "Point", "coordinates": [-81.89824225299998, 37.149241450000034]}, "properties": {"facility_id": "hifld_ss_117032", "facility_name": "KNOX COAL CREEK", "year": 2026, "type": "substation", "geoid": 51185, "lines": 2.0, "max_voltage": 69.0, "source_id": "117032", "status": "IN SERVICE"}}, {"type": "Feature", "geometry": {"type": "Point", "coordinates": [-82.02123605299994, 37.42230876200006]}, "properties": {"facility_id": "hifld_ss_117033", "facility_name": "HURLEY", "year": 2026, "type": "substation", "geoid": 51027, "lines": 1.0, "max_voltage": 69.0, "source_id": "117033", "status": "IN SERVICE"}}, {"type": "Feature", "geometry": {"type": "Point", "coordinates": [-82.14924034199998, 37.26760984200007]}, "properties": {"facility_id": "hifld_ss_117034", "facility_name": "KNOTTY POPLAR", "year": 2026, "type": "substation", "geoid": 51027, "lines": 2.0, "max_voltage": 69.0, "source_id": "117034", "status": "IN SERVICE"}}, {"type": "Feature", "geometry": {"type": "Point", "coordinates": [-82.03274295999995, 37.176747617000046]}, "properties": {"facility_id": "hifld_ss_117035", "facility_name": "SKAGGS BRANCH", "year": 2026, "type": "substation", "geoid": 51027, "lines": 2.0, "max_voltage": 138.0, "source_id": "117035", "status": "IN SERVICE"}}, {"type": "Feature", "geometry": {"type": "Point", "coordinates": [-82.00870516899994, 37.20653432900008]}, "properties": {"facility_id": "hifld_ss_117036", "facility_name": "GARDEN CREEK", "year": 2026, "type": "substation", "geoid": 51027, "lines": 3.0, "max_voltage": 138.0, "source_id": "117036", "status": "IN SERVICE"}}, {"type": "Feature", "geometry": {"type": "Point", "coordinates": [-82.37926636399999, 37.10744565700003]}, "properties": {"facility_id": "hifld_ss_117037", "facility_name": "UNKNOWN117037", "year": 2026, "type": "substation", "geoid": 51051, "lines": 3.0, "source_id": "117037", "status": "IN SERVICE"}}, {"type": "Feature", "geometry": {"type": "Point", "coordinates": [-82.39152138199995, 37.10279143100007]}, "properties": {"facility_id": "hifld_ss_117038", "facility_name": "UNKNOWN117038", "year": 2026, "type": "substation", "geoid": 51051, "lines": 1.0, "source_id": "117038", "status": "IN SERVICE"}}, {"type": "Feature", "geometry": {"type": "Point", "coordinates": [-82.48591567099999, 37.13875105500006]}, "properties": {"facility_id": "hifld_ss_117039", "facility_name": "UNKNOWN117039", "year": 2026, "type": "substation", "geoid": 51051, "lines": 0.0, "source_id": "117039", "status": "IN SERVICE"}}, {"type": "Feature", "geometry": {"type": "Point", "coordinates": [-82.54449604099995, 37.125309996000055]}, "properties": {"facility_id": "hifld_ss_117040", "facility_name": "UNKNOWN117040", "year": 2026, "type": "substation", "geoid": 51051, "lines": 2.0, "max_voltage": 46.0, "source_id": "117040", "status": "IN SERVICE"}}, {"type": "Feature", "geometry": {"type": "Point", "coordinates": [-82.67305915699995, 37.042213471000025]}, "properties": {"facility_id": "hifld_ss_117041", "facility_name": "UNKNOWN117041", "year": 2026, "type": "substation", "geoid": 51195, "lines": 1.0, "source_id": "117041", "status": "IN SERVICE"}}, {"type": "Feature", "geometry": {"type": "Point", "coordinates": [-82.52663560699995, 37.11277765500006]}, "properties": {"facility_id": "hifld_ss_117042", "facility_name": "UNKNOWN117042", "year": 2026, "type": "substation", "geoid": 51051, "lines": 1.0, "source_id": "117042", "status": "IN SERVICE"}}, {"type": "Feature", "geometry": {"type": "Point", "coordinates": [-82.30075677999997, 37.20857863200007]}, "properties": {"facility_id": "hifld_ss_117043", "facility_name": "HAYSI", "year": 2026, "type": "substation", "geoid": 51051, "lines": 3.0, "max_voltage": 69.0, "source_id": "117043", "status": "IN SERVICE"}}, {"type": "Feature", "geometry": {"type": "Point", "coordinates": [-81.75237775499994, 37.21217184200003]}, "properties": {"facility_id": "hifld_ss_117044", "facility_name": "RED OAK (AP)", "year": 2026, "type": "substation", "geoid": 51185, "lines": 1.0, "max_voltage": 69.0, "source_id": "117044", "status": "IN SERVICE"}}, {"type": "Feature", "geometry": {"type": "Point", "coordinates": [-81.72778039399998, 37.23953595100005]}, "properties": {"facility_id": "hifld_ss_117045", "facility_name": "BEARWALLOW", "year": 2026, "type": "substation", "geoid": 51185, "lines": 4.0, "max_voltage": 138.0, "source_id": "117045", "status": "IN SERVICE"}}, {"type": "Feature", "geometry": {"type": "Point", "coordinates": [-81.49454492999996, 37.12940899500006]}, "properties": {"facility_id": "hifld_ss_117047", "facility_name": "UNKNOWN117047", "year": 2026, "type": "substation", "geoid": 51185, "lines": 1.0, "source_id": "117047", "status": "IN SERVICE"}}, {"type": "Feature", "geometry": {"type": "Point", "coordinates": [-82.22259069299997, 36.602095666000025]}, "properties": {"facility_id": "hifld_ss_117048", "facility_name": "UNKNOWN117048", "year": 2026, "type": "substation", "geoid": 51520, "lines": 0.0, "source_id": "117048", "status": "IN SERVICE"}}, {"type": "Feature", "geometry": {"type": "Point", "coordinates": [-82.09150291199995, 36.66827245600007]}, "properties": {"facility_id": "hifld_ss_117049", "facility_name": "UNKNOWN117049", "year": 2026, "type": "substation", "geoid": 51191, "lines": 2.0, "source_id": "117049", "status": "IN SERVICE"}}, {"type": "Feature", "geometry": {"type": "Point", "coordinates": [-82.15394662199998, 36.60387322900005]}, "properties": {"facility_id": "hifld_ss_117050", "facility_name": "UNKNOWN117050", "year": 2026, "type": "substation", "geoid": 51520, "lines": 2.0, "source_id": "117050", "status": "IN SERVICE"}}, {"type": "Feature", "geometry": {"type": "Point", "coordinates": [-82.12939378099998, 36.620797923000055]}, "properties": {"facility_id": "hifld_ss_117051", "facility_name": "UNKNOWN117051", "year": 2026, "type": "substation", "geoid": 51520, "lines": 2.0, "source_id": "117051", "status": "IN SERVICE"}}, {"type": "Feature", "geometry": {"type": "Point", "coordinates": [-82.09631038999999, 36.64215335700004]}, "properties": {"facility_id": "hifld_ss_117052", "facility_name": "UNKNOWN117052", "year": 2026, "type": "substation", "geoid": 51191, "lines": 2.0, "source_id": "117052", "status": "IN SERVICE"}}, {"type": "Feature", "geometry": {"type": "Point", "coordinates": [-82.10432576299996, 36.66050350300003]}, "properties": {"facility_id": "hifld_ss_117053", "facility_name": "UNKNOWN117053", "year": 2026, "type": "substation", "geoid": 51191, "lines": 2.0, "source_id": "117053", "status": "IN SERVICE"}}, {"type": "Feature", "geometry": {"type": "Point", "coordinates": [-81.93654504499995, 36.721423782000045]}, "properties": {"facility_id": "hifld_ss_117054", "facility_name": "UNKNOWN117054", "year": 2026, "type": "substation", "geoid": 51191, "lines": 3.0, "max_voltage": 138.0, "source_id": "117054", "status": "IN SERVICE"}}, {"type": "Feature", "geometry": {"type": "Point", "coordinates": [-81.80356802399996, 36.64092463400005]}, "properties": {"facility_id": "hifld_ss_117055", "facility_name": "UNKNOWN117055", "year": 2026, "type": "substation", "geoid": 51191, "lines": 1.0, "source_id": "117055", "status": "IN SERVICE"}}, {"type": "Feature", "geometry": {"type": "Point", "coordinates": [-81.32517756899995, 36.87365966800007]}, "properties": {"facility_id": "hifld_ss_117056", "facility_name": "UNKNOWN117056", "year": 2026, "type": "substation", "geoid": 51173, "lines": 2.0, "max_voltage": 138.0, "source_id": "117056", "status": "IN SERVICE"}}, {"type": "Feature", "geometry": {"type": "Point", "coordinates": [-81.25312891799996, 36.890208759000075]}, "properties": {"facility_id": "hifld_ss_117058", "facility_name": "UNKNOWN117058", "year": 2026, "type": "substation", "geoid": 51197, "lines": 2.0, "max_voltage": 138.0, "source_id": "117058", "status": "IN SERVICE"}}, {"type": "Feature", "geometry": {"type": "Point", "coordinates": [-81.42229506399997, 36.85804326900006]}, "properties": {"facility_id": "hifld_ss_117059", "facility_name": "UNKNOWN117059", "year": 2026, "type": "substation", "geoid": 51173, "lines": 2.0, "max_voltage": 138.0, "source_id": "117059", "status": "IN SERVICE"}}, {"type": "Feature", "geometry": {"type": "Point", "coordinates": [-81.16236602999999, 36.63003872500008]}, "properties": {"facility_id": "hifld_ss_117061", "facility_name": "UNKNOWN117061", "year": 2026, "type": "substation", "geoid": 51077, "lines": 1.0, "source_id": "117061", "status": "IN SERVICE"}}, {"type": "Feature", "geometry": {"type": "Point", "coordinates": [-80.93530348499996, 36.78448550600007]}, "properties": {"facility_id": "hifld_ss_117062", "facility_name": "UNKNOWN117062", "year": 2026, "type": "substation", "geoid": 51035, "lines": 6.0, "max_voltage": 138.0, "source_id": "117062", "status": "IN SERVICE"}}, {"type": "Feature", "geometry": {"type": "Point", "coordinates": [-80.95266308799995, 36.82045479800007]}, "properties": {"facility_id": "hifld_ss_117063", "facility_name": "UNKNOWN117063", "year": 2026, "type": "substation", "geoid": 51035, "lines": 4.0, "max_voltage": 138.0, "source_id": "117063", "status": "NOT AVAILABLE"}}, {"type": "Feature", "geometry": {"type": "Point", "coordinates": [-80.93127690499995, 36.82512665300004]}, "properties": {"facility_id": "hifld_ss_117064", "facility_name": "UNKNOWN117064", "year": 2026, "type": "substation", "geoid": 51035, "lines": 2.0, "max_voltage": 138.0, "source_id": "117064", "status": "IN SERVICE"}}, {"type": "Feature", "geometry": {"type": "Point", "coordinates": [-80.95867071399994, 36.68462744400006]}, "properties": {"facility_id": "hifld_ss_117065", "facility_name": "UNKNOWN117065", "year": 2026, "type": "substation", "geoid": 51077, "lines": 3.0, "max_voltage": 138.0, "source_id": "117065", "status": "IN SERVICE"}}, {"type": "Feature", "geometry": {"type": "Point", "coordinates": [-80.89691405599996, 36.68790343000006]}, "properties": {"facility_id": "hifld_ss_117066", "facility_name": "UNKNOWN117066", "year": 2026, "type": "substation", "geoid": 51640, "lines": 2.0, "max_voltage": 69.0, "source_id": "117066", "status": "IN SERVICE"}}, {"type": "Feature", "geometry": {"type": "Point", "coordinates": [-80.62620977399996, 37.13013990800005]}, "properties": {"facility_id": "hifld_ss_117068", "facility_name": "UNKNOWN117068", "year": 2026, "type": "substation", "geoid": 51155, "lines": 4.0, "max_voltage": 138.0, "source_id": "117068", "status": "IN SERVICE"}}, {"type": "Feature", "geometry": {"type": "Point", "coordinates": [-80.67974283899997, 37.361410541000055]}, "properties": {"facility_id": "hifld_ss_121134", "facility_name": "UNKNOWN121134", "year": 2026, "type": "substation", "geoid": 51071, "lines": 1.0, "source_id": "121134", "status": "IN SERVICE"}}, {"type": "Feature", "geometry": {"type": "Point", "coordinates": [-80.66456705799999, 37.379978738000034]}, "properties": {"facility_id": "hifld_ss_121135", "facility_name": "UNKNOWN121135", "year": 2026, "type": "substation", "geoid": 51071, "lines": 1.0, "source_id": "121135", "status": "IN SERVICE"}}, {"type": "Feature", "geometry": {"type": "Point", "coordinates": [-80.61456709899994, 37.11414282700008]}, "properties": {"facility_id": "hifld_ss_121136", "facility_name": "UNKNOWN121136", "year": 2026, "type": "substation", "geoid": 51155, "lines": 3.0, "max_voltage": 138.0, "source_id": "121136", "status": "IN SERVICE"}}, {"type": "Feature", "geometry": {"type": "Point", "coordinates": [-80.58654978299995, 37.07843318600004]}, "properties": {"facility_id": "hifld_ss_121137", "facility_name": "UNKNOWN121137", "year": 2026, "type": "substation", "geoid": 51155, "lines": 3.0, "max_voltage": 138.0, "source_id": "121137", "status": "IN SERVICE"}}, {"type": "Feature", "geometry": {"type": "Point", "coordinates": [-80.58412392199995, 37.07467363800003]}, "properties": {"facility_id": "hifld_ss_121138", "facility_name": "UNKNOWN121138", "year": 2026, "type": "substation", "geoid": 51155, "lines": 2.0, "source_id": "121138", "status": "IN SERVICE"}}, {"type": "Feature", "geometry": {"type": "Point", "coordinates": [-80.93872681499994, 36.80809818200004]}, "properties": {"facility_id": "hifld_ss_121139", "facility_name": "UNKNOWN121139", "year": 2026, "type": "substation", "geoid": 51035, "lines": 2.0, "source_id": "121139", "status": "IN SERVICE"}}, {"type": "Feature", "geometry": {"type": "Point", "coordinates": [-80.42163823799996, 37.23264985000003]}, "properties": {"facility_id": "hifld_ss_121143", "facility_name": "UNKNOWN121143", "year": 2026, "type": "substation", "geoid": 51121, "lines": 2.0, "source_id": "121143", "status": "IN SERVICE"}}, {"type": "Feature", "geometry": {"type": "Point", "coordinates": [-80.39004137499995, 37.20643699400006]}, "properties": {"facility_id": "hifld_ss_121144", "facility_name": "UNKNOWN121144", "year": 2026, "type": "substation", "geoid": 51121, "lines": 1.0, "source_id": "121144", "status": "IN SERVICE"}}, {"type": "Feature", "geometry": {"type": "Point", "coordinates": [-80.09828750399998, 37.282540322000045]}, "properties": {"facility_id": "hifld_ss_121148", "facility_name": "UNKNOWN121148", "year": 2026, "type": "substation", "geoid": 51775, "lines": 2.0, "source_id": "121148", "status": "IN SERVICE"}}, {"type": "Feature", "geometry": {"type": "Point", "coordinates": [-80.05660187799998, 37.28123284800006]}, "properties": {"facility_id": "hifld_ss_121149", "facility_name": "UNKNOWN121149", "year": 2026, "type": "substation", "geoid": 51775, "lines": 1.0, "source_id": "121149", "status": "IN SERVICE"}}, {"type": "Feature", "geometry": {"type": "Point", "coordinates": [-80.03936818699998, 37.27486086100003]}, "properties": {"facility_id": "hifld_ss_121150", "facility_name": "UNKNOWN121150", "year": 2026, "type": "substation", "geoid": 51775, "lines": 2.0, "source_id": "121150", "status": "IN SERVICE"}}, {"type": "Feature", "geometry": {"type": "Point", "coordinates": [-80.07032883699998, 37.28976716200003]}, "properties": {"facility_id": "hifld_ss_121151", "facility_name": "UNKNOWN121151", "year": 2026, "type": "substation", "geoid": 51775, "lines": 2.0, "source_id": "121151", "status": "IN SERVICE"}}, {"type": "Feature", "geometry": {"type": "Point", "coordinates": [-80.02985547399999, 37.28943521700006]}, "properties": {"facility_id": "hifld_ss_121152", "facility_name": "UNKNOWN121152", "year": 2026, "type": "substation", "geoid": 51775, "lines": 4.0, "source_id": "121152", "status": "IN SERVICE"}}, {"type": "Feature", "geometry": {"type": "Point", "coordinates": [-80.02411440999998, 37.26739725400006]}, "properties": {"facility_id": "hifld_ss_121153", "facility_name": "UNKNOWN121153", "year": 2026, "type": "substation", "geoid": 51775, "lines": 2.0, "source_id": "121153", "status": "IN SERVICE"}}, {"type": "Feature", "geometry": {"type": "Point", "coordinates": [-80.03070621099994, 37.279863042000045]}, "properties": {"facility_id": "hifld_ss_121154", "facility_name": "UNKNOWN121154", "year": 2026, "type": "substation", "geoid": 51775, "lines": 1.0, "source_id": "121154", "status": "IN SERVICE"}}, {"type": "Feature", "geometry": {"type": "Point", "coordinates": [-79.98490755899996, 37.22953116400003]}, "properties": {"facility_id": "hifld_ss_121155", "facility_name": "UNKNOWN121155", "year": 2026, "type": "substation", "geoid": 51161, "lines": 2.0, "max_voltage": 138.0, "source_id": "121155", "status": "IN SERVICE"}}, {"type": "Feature", "geometry": {"type": "Point", "coordinates": [-79.99869735699997, 37.26461167600007]}, "properties": {"facility_id": "hifld_ss_121194", "facility_name": "UNKNOWN121194", "year": 2026, "type": "substation", "geoid": 51770, "lines": 1.0, "source_id": "121194", "status": "IN SERVICE"}}, {"type": "Feature", "geometry": {"type": "Point", "coordinates": [-79.95745296999996, 37.262310737000064]}, "properties": {"facility_id": "hifld_ss_121195", "facility_name": "UNKNOWN121195", "year": 2026, "type": "substation", "geoid": 51770, "lines": 1.0, "source_id": "121195", "status": "IN SERVICE"}}, {"type": "Feature", "geometry": {"type": "Point", "coordinates": [-79.95458552099996, 37.27263878800005]}, "properties": {"facility_id": "hifld_ss_121196", "facility_name": "UNKNOWN121196", "year": 2026, "type": "substation", "geoid": 51770, "lines": 3.0, "source_id": "121196", "status": "IN SERVICE"}}, {"type": "Feature", "geometry": {"type": "Point", "coordinates": [-79.94156193799995, 37.285892862000026]}, "properties": {"facility_id": "hifld_ss_121197", "facility_name": "UNKNOWN121197", "year": 2026, "type": "substation", "geoid": 51770, "lines": 2.0, "source_id": "121197", "status": "IN SERVICE"}}, {"type": "Feature", "geometry": {"type": "Point", "coordinates": [-80.02716697399995, 37.29393532100005]}, "properties": {"facility_id": "hifld_ss_121198", "facility_name": "UNKNOWN121198", "year": 2026, "type": "substation", "geoid": 51775, "lines": 5.0, "source_id": "121198", "status": "IN SERVICE"}}, {"type": "Feature", "geometry": {"type": "Point", "coordinates": [-80.11849568399998, 37.489884450000034]}, "properties": {"facility_id": "hifld_ss_121248", "facility_name": "UNKNOWN121248", "year": 2026, "type": "substation", "geoid": 51045, "lines": 1.0, "source_id": "121248", "status": "IN SERVICE"}}, {"type": "Feature", "geometry": {"type": "Point", "coordinates": [-80.10426650699998, 37.48738601600007]}, "properties": {"facility_id": "hifld_ss_121249", "facility_name": "UNKNOWN121249", "year": 2026, "type": "substation", "geoid": 51045, "lines": 2.0, "source_id": "121249", "status": "IN SERVICE"}}, {"type": "Feature", "geometry": {"type": "Point", "coordinates": [-79.71642215099996, 37.102801173000046]}, "properties": {"facility_id": "hifld_ss_121250", "facility_name": "UNKNOWN121250", "year": 2026, "type": "substation", "geoid": 51067, "lines": 2.0, "max_voltage": 138.0, "source_id": "121250", "status": "IN SERVICE"}}, {"type": "Feature", "geometry": {"type": "Point", "coordinates": [-80.26734724099998, 36.771313975000055]}, "properties": {"facility_id": "hifld_ss_121252", "facility_name": "UNKNOWN121252", "year": 2026, "type": "substation", "geoid": 51141, "lines": 2.0, "max_voltage": 138.0, "source_id": "121252", "status": "IN SERVICE"}}, {"type": "Feature", "geometry": {"type": "Point", "coordinates": [-80.26242770599998, 36.637177413000074]}, "properties": {"facility_id": "hifld_ss_121363", "facility_name": "UNKNOWN121363", "year": 2026, "type": "substation", "geoid": 51141, "lines": 2.0, "max_voltage": 138.0, "source_id": "121363", "status": "IN SERVICE"}}, {"type": "Feature", "geometry": {"type": "Point", "coordinates": [-79.93856993999998, 37.25816756000006]}, "properties": {"facility_id": "hifld_ss_121364", "facility_name": "UNKNOWN121364", "year": 2026, "type": "substation", "geoid": 51770, "lines": 1.0, "source_id": "121364", "status": "IN SERVICE"}}, {"type": "Feature", "geometry": {"type": "Point", "coordinates": [-79.96054197799998, 37.31426770000007]}, "properties": {"facility_id": "hifld_ss_121365", "facility_name": "UNKNOWN121365", "year": 2026, "type": "substation", "geoid": 51770, "lines": 2.0, "source_id": "121365", "status": "IN SERVICE"}}, {"type": "Feature", "geometry": {"type": "Point", "coordinates": [-79.98533250299994, 37.30388542900005]}, "properties": {"facility_id": "hifld_ss_121366", "facility_name": "UNKNOWN121366", "year": 2026, "type": "substation", "geoid": 51770, "lines": 2.0, "source_id": "121366", "status": "IN SERVICE"}}, {"type": "Feature", "geometry": {"type": "Point", "coordinates": [-79.97561680699994, 37.28666207800006]}, "properties": {"facility_id": "hifld_ss_121367", "facility_name": "UNKNOWN121367", "year": 2026, "type": "substation", "geoid": 51770, "lines": 2.0, "source_id": "121367", "status": "IN SERVICE"}}, {"type": "Feature", "geometry": {"type": "Point", "coordinates": [-79.99108996099994, 37.46038875700003]}, "properties": {"facility_id": "hifld_ss_121368", "facility_name": "UNKNOWN121368", "year": 2026, "type": "substation", "geoid": 51023, "lines": 1.0, "source_id": "121368", "status": "IN SERVICE"}}, {"type": "Feature", "geometry": {"type": "Point", "coordinates": [-79.81218571699998, 37.50371347700008]}, "properties": {"facility_id": "hifld_ss_121370", "facility_name": "UNKNOWN121370", "year": 2026, "type": "substation", "geoid": 51023, "lines": 1.0, "source_id": "121370", "status": "IN SERVICE"}}, {"type": "Feature", "geometry": {"type": "Point", "coordinates": [-79.99789458099997, 37.80065577400006]}, "properties": {"facility_id": "hifld_ss_121372", "facility_name": "UNKNOWN121372", "year": 2026, "type": "substation", "geoid": 51005, "lines": 3.0, "max_voltage": 138.0, "source_id": "121372", "status": "IN SERVICE"}}, {"type": "Feature", "geometry": {"type": "Point", "coordinates": [-79.98599993299996, 37.76931996800005]}, "properties": {"facility_id": "hifld_ss_121373", "facility_name": "COVINGTON", "year": 2026, "type": "substation", "geoid": 51580, "lines": 4.0, "max_voltage": 138.0, "source_id": "121373", "status": "IN SERVICE"}}, {"type": "Feature", "geometry": {"type": "Point", "coordinates": [-79.80864095799996, 37.656924289000074]}, "properties": {"facility_id": "hifld_ss_121374", "facility_name": "UNKNOWN121374", "year": 2026, "type": "substation", "geoid": 51023, "lines": 1.0, "max_voltage": 138.0, "source_id": "121374", "status": "IN SERVICE"}}, {"type": "Feature", "geometry": {"type": "Point", "coordinates": [-79.59171227599995, 37.12854550100008]}, "properties": {"facility_id": "hifld_ss_121375", "facility_name": "UNKNOWN121375", "year": 2026, "type": "substation", "geoid": 51019, "lines": 1.0, "max_voltage": 138.0, "source_id": "121375", "status": "IN SERVICE"}}, {"type": "Feature", "geometry": {"type": "Point", "coordinates": [-79.43108545199993, 37.17950225300007]}, "properties": {"facility_id": "hifld_ss_121376", "facility_name": "UNKNOWN121376", "year": 2026, "type": "substation", "geoid": 51019, "lines": 1.0, "max_voltage": 138.0, "source_id": "121376", "status": "IN SERVICE"}}, {"type": "Feature", "geometry": {"type": "Point", "coordinates": [-79.28971218699996, 37.224220450000075]}, "properties": {"facility_id": "hifld_ss_121377", "facility_name": "UNKNOWN121377", "year": 2026, "type": "substation", "geoid": 51031, "lines": 2.0, "max_voltage": 115.0, "source_id": "121377", "status": "IN SERVICE"}}, {"type": "Feature", "geometry": {"type": "Point", "coordinates": [-79.27597002599998, 37.11776583400007]}, "properties": {"facility_id": "hifld_ss_121378", "facility_name": "UNKNOWN121378", "year": 2026, "type": "substation", "geoid": 51031, "lines": 5.0, "max_voltage": 115.0, "source_id": "121378", "status": "IN SERVICE"}}, {"type": "Feature", "geometry": {"type": "Point", "coordinates": [-79.35314717099999, 37.524026864000064]}, "properties": {"facility_id": "hifld_ss_121379", "facility_name": "UNKNOWN121379", "year": 2026, "type": "substation", "geoid": 51019, "lines": 3.0, "max_voltage": 69.0, "source_id": "121379", "status": "IN SERVICE"}}, {"type": "Feature", "geometry": {"type": "Point", "coordinates": [-79.12368101099997, 37.49009142700004]}, "properties": {"facility_id": "hifld_ss_121380", "facility_name": "UNKNOWN121380", "year": 2026, "type": "substation", "geoid": 51009, "lines": 2.0, "source_id": "121380", "status": "IN SERVICE"}}, {"type": "Feature", "geometry": {"type": "Point", "coordinates": [-79.06269136399999, 37.411035964000064]}, "properties": {"facility_id": "hifld_ss_121381", "facility_name": "UNKNOWN121381", "year": 2026, "type": "substation", "geoid": 51031, "lines": 3.0, "source_id": "121381", "status": "IN SERVICE"}}, {"type": "Feature", "geometry": {"type": "Point", "coordinates": [-79.13386790899995, 37.40625141000004]}, "properties": {"facility_id": "hifld_ss_121382", "facility_name": "UNKNOWN121382", "year": 2026, "type": "substation", "geoid": 51680, "lines": 2.0, "source_id": "121382", "status": "IN SERVICE"}}, {"type": "Feature", "geometry": {"type": "Point", "coordinates": [-79.12638682499994, 37.40046128900008]}, "properties": {"facility_id": "hifld_ss_121383", "facility_name": "UNKNOWN121383", "year": 2026, "type": "substation", "geoid": 51680, "lines": 4.0, "source_id": "121383", "status": "IN SERVICE"}}, {"type": "Feature", "geometry": {"type": "Point", "coordinates": [-79.18712613599996, 37.462495423000064]}, "properties": {"facility_id": "hifld_ss_121384", "facility_name": "UNKNOWN121384", "year": 2026, "type": "substation", "geoid": 51680, "lines": 2.0, "source_id": "121384", "status": "IN SERVICE"}}, {"type": "Feature", "geometry": {"type": "Point", "coordinates": [-78.99335845699994, 37.33068232600005]}, "properties": {"facility_id": "hifld_ss_121385", "facility_name": "UNKNOWN121385", "year": 2026, "type": "substation", "geoid": 51031, "lines": 1.0, "source_id": "121385", "status": "IN SERVICE"}}, {"type": "Feature", "geometry": {"type": "Point", "coordinates": [-79.16807049999994, 37.37532829100007]}, "properties": {"facility_id": "hifld_ss_121386", "facility_name": "UNKNOWN121386", "year": 2026, "type": "substation", "geoid": 51680, "lines": 2.0, "max_voltage": 138.0, "source_id": "121386", "status": "IN SERVICE"}}, {"type": "Feature", "geometry": {"type": "Point", "coordinates": [-79.41556715899998, 37.79844248400008]}, "properties": {"facility_id": "hifld_ss_121387", "facility_name": "ROCKBRIDGE", "year": 2026, "type": "substation", "geoid": 51163, "lines": 1.0, "max_voltage": 115.0, "source_id": "121387", "status": "IN SERVICE"}}, {"type": "Feature", "geometry": {"type": "Point", "coordinates": [-79.35673672199994, 37.732228716000066]}, "properties": {"facility_id": "hifld_ss_121388", "facility_name": "BUENA VISTA", "year": 2026, "type": "substation", "geoid": 51530, "lines": 2.0, "max_voltage": 115.0, "source_id": "121388", "status": "IN SERVICE"}}, {"type": "Feature", "geometry": {"type": "Point", "coordinates": [-79.37089437299994, 37.57358082300004]}, "properties": {"facility_id": "hifld_ss_121389", "facility_name": "UNKNOWN121389", "year": 2026, "type": "substation", "geoid": 51009, "lines": 2.0, "source_id": "121389", "status": "IN SERVICE"}}, {"type": "Feature", "geometry": {"type": "Point", "coordinates": [-79.39789947099996, 37.54111783600007]}, "properties": {"facility_id": "hifld_ss_121390", "facility_name": "UNKNOWN121390", "year": 2026, "type": "substation", "geoid": 51019, "lines": 2.0, "source_id": "121390", "status": "IN SERVICE"}}, {"type": "Feature", "geometry": {"type": "Point", "coordinates": [-79.99288723099994, 37.80338343500006]}, "properties": {"facility_id": "hifld_ss_121391", "facility_name": "UNKNOWN121391", "year": 2026, "type": "substation", "geoid": 51580, "lines": 2.0, "max_voltage": 138.0, "source_id": "121391", "status": "IN SERVICE"}}, {"type": "Feature", "geometry": {"type": "Point", "coordinates": [-79.01249438699995, 37.561438044000056]}, "properties": {"facility_id": "hifld_ss_121392", "facility_name": "UNKNOWN121392", "year": 2026, "type": "substation", "geoid": 51009, "lines": 4.0, "max_voltage": 138.0, "source_id": "121392", "status": "IN SERVICE"}}, {"type": "Feature", "geometry": {"type": "Point", "coordinates": [-79.05932976399998, 37.166458222000074]}, "properties": {"facility_id": "hifld_ss_121432", "facility_name": "UNKNOWN121432", "year": 2026, "type": "substation", "geoid": 51031, "lines": 1.0, "max_voltage": 115.0, "source_id": "121432", "status": "IN SERVICE"}}, {"type": "Feature", "geometry": {"type": "Point", "coordinates": [-78.90353098999998, 37.08871488900007]}, "properties": {"facility_id": "hifld_ss_121433", "facility_name": "UNKNOWN121433", "year": 2026, "type": "substation", "geoid": 51031, "lines": 1.0, "max_voltage": 115.0, "source_id": "121433", "status": "IN SERVICE"}}, {"type": "Feature", "geometry": {"type": "Point", "coordinates": [-79.39318473599997, 37.90973721600005]}, "properties": {"facility_id": "hifld_ss_121434", "facility_name": "UNKNOWN121434", "year": 2026, "type": "substation", "geoid": 51163, "lines": 1.0, "max_voltage": 115.0, "source_id": "121434", "status": "IN SERVICE"}}, {"type": "Feature", "geometry": {"type": "Point", "coordinates": [-79.80018440799995, 38.20908630500003]}, "properties": {"facility_id": "hifld_ss_121435", "facility_name": "BATH COUNTY", "year": 2026, "type": "substation", "geoid": 51017, "lines": 3.0, "max_voltage": 500.0, "source_id": "121435", "status": "IN SERVICE"}}, {"type": "Feature", "geometry": {"type": "Point", "coordinates": [-78.85220762899996, 38.10605580500004]}, "properties": {"facility_id": "hifld_ss_121438", "facility_name": "UNKNOWN121438", "year": 2026, "type": "substation", "geoid": 51015, "lines": 8.0, "max_voltage": 115.0, "source_id": "121438", "status": "IN SERVICE"}}, {"type": "Feature", "geometry": {"type": "Point", "coordinates": [-79.04780327099996, 38.02451737400003]}, "properties": {"facility_id": "hifld_ss_121439", "facility_name": "STUARTS DRAFT", "year": 2026, "type": "substation", "geoid": 51015, "lines": 2.0, "max_voltage": 115.0, "source_id": "121439", "status": "IN SERVICE"}}, {"type": "Feature", "geometry": {"type": "Point", "coordinates": [-79.04878360899994, 38.02440553900004]}, "properties": {"facility_id": "hifld_ss_121440", "facility_name": "UNKNOWN121440", "year": 2026, "type": "substation", "geoid": 51015, "lines": 1.0, "max_voltage": 115.0, "source_id": "121440", "status": "IN SERVICE"}}, {"type": "Feature", "geometry": {"type": "Point", "coordinates": [-79.00562042499996, 38.081945665000035]}, "properties": {"facility_id": "hifld_ss_121441", "facility_name": "UNKNOWN121441", "year": 2026, "type": "substation", "geoid": 51015, "lines": 1.0, "max_voltage": 115.0, "source_id": "121441", "status": "IN SERVICE"}}, {"type": "Feature", "geometry": {"type": "Point", "coordinates": [-78.69854022799996, 38.084710389000065]}, "properties": {"facility_id": "hifld_ss_121444", "facility_name": "CROZET", "year": 2026, "type": "substation", "geoid": 51003, "lines": 2.0, "max_voltage": 230.0, "source_id": "121444", "status": "IN SERVICE"}}, {"type": "Feature", "geometry": {"type": "Point", "coordinates": [-78.53051157499993, 38.07163453700008]}, "properties": {"facility_id": "hifld_ss_121445", "facility_name": "BARRACKS ROAD", "year": 2026, "type": "substation", "geoid": 51003, "lines": 2.0, "max_voltage": 230.0, "source_id": "121445", "status": "IN SERVICE"}}, {"type": "Feature", "geometry": {"type": "Point", "coordinates": [-79.59137770299998, 38.42143551600003]}, "properties": {"facility_id": "hifld_ss_121448", "facility_name": "UNKNOWN121448", "year": 2026, "type": "substation", "geoid": 51091, "lines": 1.0, "source_id": "121448", "status": "IN SERVICE"}}, {"type": "Feature", "geometry": {"type": "Point", "coordinates": [-78.84060422799996, 37.91840634500005]}, "properties": {"facility_id": "hifld_ss_121449", "facility_name": "UNKNOWN121449", "year": 2026, "type": "substation", "geoid": 51125, "lines": 1.0, "max_voltage": 115.0, "source_id": "121449", "status": "IN SERVICE"}}, {"type": "Feature", "geometry": {"type": "Point", "coordinates": [-79.00883163199995, 37.70977443500004]}, "properties": {"facility_id": "hifld_ss_121452", "facility_name": "UNKNOWN121452", "year": 2026, "type": "substation", "geoid": 51125, "lines": 2.0, "source_id": "121452", "status": "IN SERVICE"}}, {"type": "Feature", "geometry": {"type": "Point", "coordinates": [-79.00639601599994, 37.720016230000056]}, "properties": {"facility_id": "hifld_ss_121453", "facility_name": "UNKNOWN121453", "year": 2026, "type": "substation", "geoid": 51125, "lines": 1.0, "source_id": "121453", "status": "IN SERVICE"}}, {"type": "Feature", "geometry": {"type": "Point", "coordinates": [-78.85739049899996, 37.57262125200003]}, "properties": {"facility_id": "hifld_ss_121454", "facility_name": "UNKNOWN121454", "year": 2026, "type": "substation", "geoid": 51125, "lines": 1.0, "source_id": "121454", "status": "IN SERVICE"}}, {"type": "Feature", "geometry": {"type": "Point", "coordinates": [-78.50217917499998, 37.79525045100007]}, "properties": {"facility_id": "hifld_ss_121544", "facility_name": "UNKNOWN121544", "year": 2026, "type": "substation", "geoid": 51003, "lines": 1.0, "source_id": "121544", "status": "IN SERVICE"}}, {"type": "Feature", "geometry": {"type": "Point", "coordinates": [-78.40460511699996, 37.96847246000005]}, "properties": {"facility_id": "hifld_ss_121545", "facility_name": "UNKNOWN121545", "year": 2026, "type": "substation", "geoid": 51003, "lines": 2.0, "max_voltage": 230.0, "source_id": "121545", "status": "IN SERVICE"}}, {"type": "Feature", "geometry": {"type": "Point", "coordinates": [-78.26345410199997, 38.103839977000064]}, "properties": {"facility_id": "hifld_ss_121546", "facility_name": "UNKNOWN121546", "year": 2026, "type": "substation", "geoid": 51003, "lines": 3.0, "max_voltage": 230.0, "source_id": "121546", "status": "IN SERVICE"}}, {"type": "Feature", "geometry": {"type": "Point", "coordinates": [-78.41145817299997, 38.17081934600003]}, "properties": {"facility_id": "hifld_ss_121549", "facility_name": "UNKNOWN121549", "year": 2026, "type": "substation", "geoid": 51003, "lines": 1.0, "max_voltage": 230.0, "source_id": "121549", "status": "IN SERVICE"}}, {"type": "Feature", "geometry": {"type": "Point", "coordinates": [-78.68567539399999, 38.61964907600003]}, "properties": {"facility_id": "hifld_ss_121550", "facility_name": "UNKNOWN121550", "year": 2026, "type": "substation", "geoid": 51165, "lines": 4.0, "max_voltage": 230.0, "source_id": "121550", "status": "IN SERVICE"}}, {"type": "Feature", "geometry": {"type": "Point", "coordinates": [-78.64703409799995, 38.38283391400006]}, "properties": {"facility_id": "hifld_ss_121551", "facility_name": "UNKNOWN121551", "year": 2026, "type": "substation", "geoid": 51165, "lines": 2.0, "max_voltage": 115.0, "source_id": "121551", "status": "IN SERVICE"}}, {"type": "Feature", "geometry": {"type": "Point", "coordinates": [-78.22396193299994, 38.94283819200007]}, "properties": {"facility_id": "hifld_ss_121554", "facility_name": "UNKNOWN121554", "year": 2026, "type": "substation", "geoid": 51187, "lines": 3.0, "max_voltage": 138.0, "source_id": "121554", "status": "IN SERVICE"}}, {"type": "Feature", "geometry": {"type": "Point", "coordinates": [-78.18120862999996, 38.970666108000046]}, "properties": {"facility_id": "hifld_ss_121555", "facility_name": "UNKNOWN121555", "year": 2026, "type": "substation", "geoid": 51187, "lines": 3.0, "max_voltage": 500.0, "source_id": "121555", "status": "IN SERVICE"}}, {"type": "Feature", "geometry": {"type": "Point", "coordinates": [-78.20672663999994, 39.18804335800007]}, "properties": {"facility_id": "hifld_ss_121557", "facility_name": "UNKNOWN121557", "year": 2026, "type": "substation", "geoid": 51069, "lines": 2.0, "max_voltage": 138.0, "source_id": "121557", "status": "IN SERVICE"}}, {"type": "Feature", "geometry": {"type": "Point", "coordinates": [-78.20409873799997, 38.92970736600006]}, "properties": {"facility_id": "hifld_ss_121558", "facility_name": "UNKNOWN121558", "year": 2026, "type": "substation", "geoid": 51187, "lines": 2.0, "max_voltage": 138.0, "source_id": "121558", "status": "IN SERVICE"}}, {"type": "Feature", "geometry": {"type": "Point", "coordinates": [-78.20420581399998, 38.930592525000066]}, "properties": {"facility_id": "hifld_ss_121559", "facility_name": "UNKNOWN121559", "year": 2026, "type": "substation", "geoid": 51187, "lines": 2.0, "source_id": "121559", "status": "IN SERVICE"}}, {"type": "Feature", "geometry": {"type": "Point", "coordinates": [-78.78473923499996, 38.63455309600005]}, "properties": {"facility_id": "hifld_ss_121560", "facility_name": "UNKNOWN121560", "year": 2026, "type": "substation", "geoid": 51165, "lines": 1.0, "source_id": "121560", "status": "IN SERVICE"}}, {"type": "Feature", "geometry": {"type": "Point", "coordinates": [-78.85713496999995, 38.439726077000046]}, "properties": {"facility_id": "hifld_ss_121561", "facility_name": "UNKNOWN121561", "year": 2026, "type": "substation", "geoid": 51660, "lines": 3.0, "source_id": "121561", "status": "IN SERVICE"}}, {"type": "Feature", "geometry": {"type": "Point", "coordinates": [-78.88121148599998, 38.43757607500004]}, "properties": {"facility_id": "hifld_ss_121562", "facility_name": "UNKNOWN121562", "year": 2026, "type": "substation", "geoid": 51660, "lines": 1.0, "source_id": "121562", "status": "IN SERVICE"}}, {"type": "Feature", "geometry": {"type": "Point", "coordinates": [-78.88778498499994, 38.453045100000054]}, "properties": {"facility_id": "hifld_ss_121563", "facility_name": "UNKNOWN121563", "year": 2026, "type": "substation", "geoid": 51660, "lines": 2.0, "source_id": "121563", "status": "IN SERVICE"}}, {"type": "Feature", "geometry": {"type": "Point", "coordinates": [-78.86440499599996, 38.46827692200003]}, "properties": {"facility_id": "hifld_ss_121564", "facility_name": "UNKNOWN121564", "year": 2026, "type": "substation", "geoid": 51660, "lines": 3.0, "source_id": "121564", "status": "IN SERVICE"}}, {"type": "Feature", "geometry": {"type": "Point", "coordinates": [-78.85692987999994, 38.463781287000074]}, "properties": {"facility_id": "hifld_ss_121565", "facility_name": "UNKNOWN121565", "year": 2026, "type": "substation", "geoid": 51660, "lines": 2.0, "source_id": "121565", "status": "IN SERVICE"}}, {"type": "Feature", "geometry": {"type": "Point", "coordinates": [-78.83582025399994, 38.44593057100008]}, "properties": {"facility_id": "hifld_ss_121566", "facility_name": "UNKNOWN121566", "year": 2026, "type": "substation", "geoid": 51660, "lines": 2.0, "source_id": "121566", "status": "IN SERVICE"}}, {"type": "Feature", "geometry": {"type": "Point", "coordinates": [-78.86320001699994, 38.438027885000054]}, "properties": {"facility_id": "hifld_ss_121567", "facility_name": "UNKNOWN121567", "year": 2026, "type": "substation", "geoid": 51660, "lines": 1.0, "source_id": "121567", "status": "IN SERVICE"}}, {"type": "Feature", "geometry": {"type": "Point", "coordinates": [-78.61949125299998, 38.49289249700007]}, "properties": {"facility_id": "hifld_ss_121568", "facility_name": "UNKNOWN121568", "year": 2026, "type": "substation", "geoid": 51139, "lines": 0.0, "source_id": "121568", "status": "IN SERVICE"}}, {"type": "Feature", "geometry": {"type": "Point", "coordinates": [-78.83836835699998, 38.52524406300006]}, "properties": {"facility_id": "hifld_ss_121569", "facility_name": "UNKNOWN121569", "year": 2026, "type": "substation", "geoid": 51165, "lines": 1.0, "source_id": "121569", "status": "IN SERVICE"}}, {"type": "Feature", "geometry": {"type": "Point", "coordinates": [-79.03236041999997, 38.471403483000074]}, "properties": {"facility_id": "hifld_ss_121570", "facility_name": "UNKNOWN121570", "year": 2026, "type": "substation", "geoid": 51165, "lines": 1.0, "source_id": "121570", "status": "IN SERVICE"}}, {"type": "Feature", "geometry": {"type": "Point", "coordinates": [-78.93257534299994, 38.41113649500005]}, "properties": {"facility_id": "hifld_ss_121571", "facility_name": "UNKNOWN121571", "year": 2026, "type": "substation", "geoid": 51165, "lines": 2.0, "source_id": "121571", "status": "IN SERVICE"}}, {"type": "Feature", "geometry": {"type": "Point", "coordinates": [-78.89791984199996, 38.40101147200005]}, "properties": {"facility_id": "hifld_ss_121572", "facility_name": "UNKNOWN121572", "year": 2026, "type": "substation", "geoid": 51660, "lines": 2.0, "source_id": "121572", "status": "IN SERVICE"}}, {"type": "Feature", "geometry": {"type": "Point", "coordinates": [-78.38108600999999, 38.21034553000004]}, "properties": {"facility_id": "hifld_ss_121573", "facility_name": "UNKNOWN121573", "year": 2026, "type": "substation", "geoid": 51079, "lines": 0.0, "source_id": "121573", "status": "IN SERVICE"}}, {"type": "Feature", "geometry": {"type": "Point", "coordinates": [-78.43951411599994, 38.30421574300004]}, "properties": {"facility_id": "hifld_ss_121574", "facility_name": "UNKNOWN121574", "year": 2026, "type": "substation", "geoid": 51079, "lines": 0.0, "source_id": "121574", "status": "IN SERVICE"}}, {"type": "Feature", "geometry": {"type": "Point", "coordinates": [-75.59615586399997, 37.87550358100003]}, "properties": {"facility_id": "hifld_ss_121575", "facility_name": "UNKNOWN121575", "year": 2026, "type": "substation", "geoid": 51001, "lines": 1.0, "max_voltage": 69.0, "source_id": "121575", "status": "IN SERVICE"}}, {"type": "Feature", "geometry": {"type": "Point", "coordinates": [-75.67848711799996, 37.752494013000046]}, "properties": {"facility_id": "hifld_ss_121576", "facility_name": "UNKNOWN121576", "year": 2026, "type": "substation", "geoid": 51001, "lines": 4.0, "max_voltage": 69.0, "source_id": "121576", "status": "IN SERVICE"}}, {"type": "Feature", "geometry": {"type": "Point", "coordinates": [-75.53967557899995, 37.988670013000046]}, "properties": {"facility_id": "hifld_ss_121577", "facility_name": "UNKNOWN121577", "year": 2026, "type": "substation", "geoid": 51001, "lines": 4.0, "max_voltage": 138.0, "source_id": "121577", "status": "IN SERVICE"}}, {"type": "Feature", "geometry": {"type": "Point", "coordinates": [-75.70276562099997, 37.70603558200003]}, "properties": {"facility_id": "hifld_ss_121578", "facility_name": "UNKNOWN121578", "year": 2026, "type": "substation", "geoid": 51001, "lines": 4.0, "max_voltage": 69.0, "source_id": "121578", "status": "IN SERVICE"}}, {"type": "Feature", "geometry": {"type": "Point", "coordinates": [-75.81801014499996, 37.53421615100007]}, "properties": {"facility_id": "hifld_ss_121579", "facility_name": "UNKNOWN121579", "year": 2026, "type": "substation", "geoid": 51131, "lines": 2.0, "max_voltage": 69.0, "source_id": "121579", "status": "IN SERVICE"}}, {"type": "Feature", "geometry": {"type": "Point", "coordinates": [-75.93975422699998, 37.32361045400006]}, "properties": {"facility_id": "hifld_ss_121580", "facility_name": "UNKNOWN121580", "year": 2026, "type": "substation", "geoid": 51131, "lines": 1.0, "max_voltage": 69.0, "source_id": "121580", "status": "IN SERVICE"}}, {"type": "Feature", "geometry": {"type": "Point", "coordinates": [-75.96784376399995, 37.27162161000007]}, "properties": {"facility_id": "hifld_ss_121581", "facility_name": "UNKNOWN121581", "year": 2026, "type": "substation", "geoid": 51131, "lines": 2.0, "max_voltage": 69.0, "source_id": "121581", "status": "IN SERVICE"}}, {"type": "Feature", "geometry": {"type": "Point", "coordinates": [-75.65477555999996, 37.78123556700007]}, "properties": {"facility_id": "hifld_ss_121582", "facility_name": "UNKNOWN121582", "year": 2026, "type": "substation", "geoid": 51001, "lines": 1.0, "source_id": "121582", "status": "IN SERVICE"}}, {"type": "Feature", "geometry": {"type": "Point", "coordinates": [-75.65997408799996, 37.74615660100005]}, "properties": {"facility_id": "hifld_ss_121583", "facility_name": "UNKNOWN121583", "year": 2026, "type": "substation", "geoid": 51001, "lines": 3.0, "max_voltage": 69.0, "source_id": "121583", "status": "IN SERVICE"}}, {"type": "Feature", "geometry": {"type": "Point", "coordinates": [-75.65576839099998, 37.74189181400004]}, "properties": {"facility_id": "hifld_ss_121584", "facility_name": "UNKNOWN121584", "year": 2026, "type": "substation", "geoid": 51001, "lines": 1.0, "max_voltage": 69.0, "source_id": "121584", "status": "IN SERVICE"}}, {"type": "Feature", "geometry": {"type": "Point", "coordinates": [-75.86697113399998, 37.448578035000025]}, "properties": {"facility_id": "hifld_ss_121585", "facility_name": "UNKNOWN121585", "year": 2026, "type": "substation", "geoid": 51131, "lines": 2.0, "max_voltage": 69.0, "source_id": "121585", "status": "IN SERVICE"}}, {"type": "Feature", "geometry": {"type": "Point", "coordinates": [-75.88467432399995, 37.45453620500007]}, "properties": {"facility_id": "hifld_ss_121586", "facility_name": "UNKNOWN121586", "year": 2026, "type": "substation", "geoid": 51131, "lines": 1.0, "max_voltage": 69.0, "source_id": "121586", "status": "IN SERVICE"}}, {"type": "Feature", "geometry": {"type": "Point", "coordinates": [-75.79083452899994, 37.54846185900004]}, "properties": {"facility_id": "hifld_ss_121587", "facility_name": "UNKNOWN121587", "year": 2026, "type": "substation", "geoid": 51001, "lines": 1.0, "max_voltage": 69.0, "source_id": "121587", "status": "IN SERVICE"}}, {"type": "Feature", "geometry": {"type": "Point", "coordinates": [-75.99154589999995, 37.82769090600004]}, "properties": {"facility_id": "hifld_ss_121588", "facility_name": "UNKNOWN121588", "year": 2026, "type": "substation", "geoid": 51001, "lines": 1.0, "source_id": "121588", "status": "IN SERVICE"}}, {"type": "Feature", "geometry": {"type": "Point", "coordinates": [-76.31356417299997, 36.79006418200004]}, "properties": {"facility_id": "hifld_ss_133781", "facility_name": "UNKNOWN133781", "year": 2026, "type": "substation", "geoid": 51550, "lines": 0.0, "source_id": "133781", "status": "IN SERVICE"}}, {"type": "Feature", "geometry": {"type": "Point", "coordinates": [-77.50474794199994, 39.11335736800004]}, "properties": {"facility_id": "hifld_ss_133865", "facility_name": "UNKNOWN133865", "year": 2026, "type": "substation", "geoid": 51107, "lines": 2.0, "max_voltage": 230.0, "source_id": "133865", "status": "IN SERVICE"}}, {"type": "Feature", "geometry": {"type": "Point", "coordinates": [-80.44799370199996, 36.66690969900003]}, "properties": {"facility_id": "hifld_ss_133866", "facility_name": "UNKNOWN133866", "year": 2026, "type": "substation", "geoid": 51141, "lines": 2.0, "max_voltage": 69.0, "source_id": "133866", "status": "IN SERVICE"}}, {"type": "Feature", "geometry": {"type": "Point", "coordinates": [-78.28227303999995, 37.04437137800005]}, "properties": {"facility_id": "hifld_ss_133870", "facility_name": "UNKNOWN133870", "year": 2026, "type": "substation", "geoid": 51111, "lines": 1.0, "max_voltage": 115.0, "source_id": "133870", "status": "IN SERVICE"}}, {"type": "Feature", "geometry": {"type": "Point", "coordinates": [-79.38592722699997, 37.90214406000007]}, "properties": {"facility_id": "hifld_ss_138723", "facility_name": "TAP138723", "year": 2026, "type": "substation", "geoid": 51163, "lines": 3.0, "max_voltage": 115.0, "source_id": "138723", "status": "IN SERVICE"}}, {"type": "Feature", "geometry": {"type": "Point", "coordinates": [-79.62706341799998, 38.01241617000005]}, "properties": {"facility_id": "hifld_ss_138763", "facility_name": "UNKNOWN138763", "year": 2026, "type": "substation", "geoid": 51017, "lines": 1.0, "source_id": "138763", "status": "IN SERVICE"}}, {"type": "Feature", "geometry": {"type": "Point", "coordinates": [-77.74494067399996, 37.87515908900008]}, "properties": {"facility_id": "hifld_ss_139186", "facility_name": "TAP139186", "year": 2026, "type": "substation", "geoid": 51109, "lines": 3.0, "source_id": "139186", "status": "IN SERVICE"}}, {"type": "Feature", "geometry": {"type": "Point", "coordinates": [-77.47351810899994, 38.22467024400004]}, "properties": {"facility_id": "hifld_ss_139187", "facility_name": "TAP139187", "year": 2026, "type": "substation", "geoid": 51177, "lines": 3.0, "max_voltage": 115.0, "source_id": "139187", "status": "IN SERVICE"}}, {"type": "Feature", "geometry": {"type": "Point", "coordinates": [-77.38907910899997, 38.445832936000045]}, "properties": {"facility_id": "hifld_ss_139188", "facility_name": "TAP139188", "year": 2026, "type": "substation", "geoid": 51179, "lines": 3.0, "max_voltage": 230.0, "source_id": "139188", "status": "IN SERVICE"}}, {"type": "Feature", "geometry": {"type": "Point", "coordinates": [-77.43759164499994, 38.09156319300007]}, "properties": {"facility_id": "hifld_ss_139189", "facility_name": "TAP139189", "year": 2026, "type": "substation", "geoid": 51033, "lines": 3.0, "max_voltage": 115.0, "source_id": "139189", "status": "IN SERVICE"}}, {"type": "Feature", "geometry": {"type": "Point", "coordinates": [-77.51024514399995, 38.01149440900008]}, "properties": {"facility_id": "hifld_ss_139190", "facility_name": "TAP139190", "year": 2026, "type": "substation", "geoid": 51033, "lines": 3.0, "max_voltage": 115.0, "source_id": "139190", "status": "IN SERVICE"}}, {"type": "Feature", "geometry": {"type": "Point", "coordinates": [-77.78264958499994, 38.23779886500006]}, "properties": {"facility_id": "hifld_ss_139191", "facility_name": "TAP139191", "year": 2026, "type": "substation", "geoid": 51177, "lines": 3.0, "max_voltage": 115.0, "source_id": "139191", "status": "IN SERVICE"}}, {"type": "Feature", "geometry": {"type": "Point", "coordinates": [-77.51726274399994, 38.06709756200007]}, "properties": {"facility_id": "hifld_ss_139192", "facility_name": "TAP139192", "year": 2026, "type": "substation", "geoid": 51033, "lines": 3.0, "max_voltage": 115.0, "source_id": "139192", "status": "IN SERVICE"}}, {"type": "Feature", "geometry": {"type": "Point", "coordinates": [-77.44121729799997, 37.84650083100007]}, "properties": {"facility_id": "hifld_ss_139193", "facility_name": "TAP139193", "year": 2026, "type": "substation", "geoid": 51085, "lines": 3.0, "max_voltage": 115.0, "source_id": "139193", "status": "IN SERVICE"}}, {"type": "Feature", "geometry": {"type": "Point", "coordinates": [-77.57716018099995, 38.59029410900007]}, "properties": {"facility_id": "hifld_ss_139194", "facility_name": "TAP139194", "year": 2026, "type": "substation", "geoid": 51061, "lines": 3.0, "max_voltage": 115.0, "source_id": "139194", "status": "IN SERVICE"}}, {"type": "Feature", "geometry": {"type": "Point", "coordinates": [-77.37617804899998, 38.76741469000007]}, "properties": {"facility_id": "hifld_ss_139195", "facility_name": "TAP139195", "year": 2026, "type": "substation", "geoid": 51059, "lines": 3.0, "max_voltage": 230.0, "source_id": "139195", "status": "IN SERVICE"}}, {"type": "Feature", "geometry": {"type": "Point", "coordinates": [-77.30179991499995, 38.641571089000024]}, "properties": {"facility_id": "hifld_ss_139196", "facility_name": "TAP139196", "year": 2026, "type": "substation", "geoid": 51153, "lines": 3.0, "max_voltage": 115.0, "source_id": "139196", "status": "IN SERVICE"}}, {"type": "Feature", "geometry": {"type": "Point", "coordinates": [-77.30178325899999, 38.64141928000004]}, "properties": {"facility_id": "hifld_ss_139197", "facility_name": "TAP139197", "year": 2026, "type": "substation", "geoid": 51153, "lines": 3.0, "max_voltage": 115.0, "source_id": "139197", "status": "IN SERVICE"}}, {"type": "Feature", "geometry": {"type": "Point", "coordinates": [-77.31951662099993, 38.60904584200006]}, "properties": {"facility_id": "hifld_ss_139198", "facility_name": "TAP139198", "year": 2026, "type": "substation", "geoid": 51153, "lines": 3.0, "max_voltage": 115.0, "source_id": "139198", "status": "IN SERVICE"}}, {"type": "Feature", "geometry": {"type": "Point", "coordinates": [-77.31933297799998, 38.60910234100004]}, "properties": {"facility_id": "hifld_ss_139199", "facility_name": "TAP139199", "year": 2026, "type": "substation", "geoid": 51153, "lines": 3.0, "max_voltage": 115.0, "source_id": "139199", "status": "IN SERVICE"}}, {"type": "Feature", "geometry": {"type": "Point", "coordinates": [-77.30892939799998, 38.62661070100006]}, "properties": {"facility_id": "hifld_ss_139200", "facility_name": "TAP139200", "year": 2026, "type": "substation", "geoid": 51153, "lines": 3.0, "max_voltage": 115.0, "source_id": "139200", "status": "IN SERVICE"}}, {"type": "Feature", "geometry": {"type": "Point", "coordinates": [-77.30889345599996, 38.62646030900004]}, "properties": {"facility_id": "hifld_ss_139201", "facility_name": "TAP139201", "year": 2026, "type": "substation", "geoid": 51153, "lines": 3.0, "max_voltage": 115.0, "source_id": "139201", "status": "IN SERVICE"}}, {"type": "Feature", "geometry": {"type": "Point", "coordinates": [-77.31012794499998, 38.62671319500003]}, "properties": {"facility_id": "hifld_ss_139202", "facility_name": "TAP139202", "year": 2026, "type": "substation", "geoid": 51153, "lines": 3.0, "max_voltage": 115.0, "source_id": "139202", "status": "IN SERVICE"}}, {"type": "Feature", "geometry": {"type": "Point", "coordinates": [-77.32387596599995, 38.532517238000025]}, "properties": {"facility_id": "hifld_ss_139203", "facility_name": "TAP139203", "year": 2026, "type": "substation", "geoid": 51153, "lines": 3.0, "max_voltage": 115.0, "source_id": "139203", "status": "IN SERVICE"}}, {"type": "Feature", "geometry": {"type": "Point", "coordinates": [-77.30660734299994, 38.58652752300003]}, "properties": {"facility_id": "hifld_ss_139204", "facility_name": "TAP139204", "year": 2026, "type": "substation", "geoid": 51153, "lines": 3.0, "max_voltage": 230.0, "source_id": "139204", "status": "IN SERVICE"}}, {"type": "Feature", "geometry": {"type": "Point", "coordinates": [-77.36977221099994, 38.646074318000046]}, "properties": {"facility_id": "hifld_ss_139205", "facility_name": "TAP139205", "year": 2026, "type": "substation", "geoid": 51153, "lines": 3.0, "max_voltage": 115.0, "source_id": "139205", "status": "IN SERVICE"}}, {"type": "Feature", "geometry": {"type": "Point", "coordinates": [-77.34865522899997, 38.65295183300003]}, "properties": {"facility_id": "hifld_ss_139206", "facility_name": "TAP139206", "year": 2026, "type": "substation", "geoid": 51153, "lines": 3.0, "max_voltage": 115.0, "source_id": "139206", "status": "IN SERVICE"}}, {"type": "Feature", "geometry": {"type": "Point", "coordinates": [-77.46101030799997, 38.63165778700005]}, "properties": {"facility_id": "hifld_ss_139207", "facility_name": "TAP139207", "year": 2026, "type": "substation", "geoid": 51153, "lines": 3.0, "max_voltage": 115.0, "source_id": "139207", "status": "IN SERVICE"}}, {"type": "Feature", "geometry": {"type": "Point", "coordinates": [-77.47101472999998, 38.87562500400003]}, "properties": {"facility_id": "hifld_ss_139208", "facility_name": "TAP139208", "year": 2026, "type": "substation", "geoid": 51059, "lines": 3.0, "max_voltage": 230.0, "source_id": "139208", "status": "IN SERVICE"}}, {"type": "Feature", "geometry": {"type": "Point", "coordinates": [-77.50916820999998, 38.85837416100003]}, "properties": {"facility_id": "hifld_ss_139209", "facility_name": "TAP139209", "year": 2026, "type": "substation", "geoid": 51059, "lines": 3.0, "max_voltage": 230.0, "source_id": "139209", "status": "IN SERVICE"}}, {"type": "Feature", "geometry": {"type": "Point", "coordinates": [-77.50214224399997, 38.85421639800006]}, "properties": {"facility_id": "hifld_ss_139210", "facility_name": "TAP139210", "year": 2026, "type": "substation", "geoid": 51059, "lines": 3.0, "max_voltage": 230.0, "source_id": "139210", "status": "IN SERVICE"}}, {"type": "Feature", "geometry": {"type": "Point", "coordinates": [-77.46675419999997, 38.83198007800007]}, "properties": {"facility_id": "hifld_ss_139211", "facility_name": "TAP139211", "year": 2026, "type": "substation", "geoid": 51059, "lines": 3.0, "max_voltage": 230.0, "source_id": "139211", "status": "IN SERVICE"}}, {"type": "Feature", "geometry": {"type": "Point", "coordinates": [-77.43611543599997, 38.81153148800007]}, "properties": {"facility_id": "hifld_ss_139212", "facility_name": "TAP139212", "year": 2026, "type": "substation", "geoid": 51059, "lines": 3.0, "max_voltage": 230.0, "source_id": "139212", "status": "IN SERVICE"}}, {"type": "Feature", "geometry": {"type": "Point", "coordinates": [-77.43604690799998, 38.81150674200006]}, "properties": {"facility_id": "hifld_ss_139213", "facility_name": "TAP139213", "year": 2026, "type": "substation", "geoid": 51059, "lines": 3.0, "max_voltage": 230.0, "source_id": "139213", "status": "IN SERVICE"}}, {"type": "Feature", "geometry": {"type": "Point", "coordinates": [-77.50678186299996, 38.74648886800003]}, "properties": {"facility_id": "hifld_ss_139216", "facility_name": "TAP139216", "year": 2026, "type": "substation", "geoid": 51683, "lines": 3.0, "max_voltage": 115.0, "source_id": "139216", "status": "IN SERVICE"}}, {"type": "Feature", "geometry": {"type": "Point", "coordinates": [-77.51006241499994, 38.746876816000054]}, "properties": {"facility_id": "hifld_ss_139217", "facility_name": "TAP139217", "year": 2026, "type": "substation", "geoid": 51683, "lines": 3.0, "max_voltage": 115.0, "source_id": "139217", "status": "IN SERVICE"}}, {"type": "Feature", "geometry": {"type": "Point", "coordinates": [-77.51007555999996, 38.74670280000004]}, "properties": {"facility_id": "hifld_ss_139218", "facility_name": "TAP139218", "year": 2026, "type": "substation", "geoid": 51683, "lines": 3.0, "max_voltage": 115.0, "source_id": "139218", "status": "IN SERVICE"}}, {"type": "Feature", "geometry": {"type": "Point", "coordinates": [-77.51292799899994, 38.75704702100006]}, "properties": {"facility_id": "hifld_ss_139219", "facility_name": "TAP139219", "year": 2026, "type": "substation", "geoid": 51153, "lines": 3.0, "max_voltage": 115.0, "source_id": "139219", "status": "IN SERVICE"}}, {"type": "Feature", "geometry": {"type": "Point", "coordinates": [-77.52924259799994, 38.76649977900007]}, "properties": {"facility_id": "hifld_ss_139220", "facility_name": "TAP139220", "year": 2026, "type": "substation", "geoid": 51153, "lines": 3.0, "max_voltage": 115.0, "source_id": "139220", "status": "IN SERVICE"}}, {"type": "Feature", "geometry": {"type": "Point", "coordinates": [-77.53022686099996, 38.77746790000003]}, "properties": {"facility_id": "hifld_ss_139222", "facility_name": "TAP139222", "year": 2026, "type": "substation", "geoid": 51153, "lines": 3.0, "max_voltage": 115.0, "source_id": "139222", "status": "IN SERVICE"}}, {"type": "Feature", "geometry": {"type": "Point", "coordinates": [-77.53447152099994, 38.79525797500003]}, "properties": {"facility_id": "hifld_ss_139223", "facility_name": "TAP139223", "year": 2026, "type": "substation", "geoid": 51153, "lines": 3.0, "max_voltage": 115.0, "source_id": "139223", "status": "IN SERVICE"}}, {"type": "Feature", "geometry": {"type": "Point", "coordinates": [-77.58070027199994, 38.784381207000024]}, "properties": {"facility_id": "hifld_ss_139225", "facility_name": "TAP139225", "year": 2026, "type": "substation", "geoid": 51153, "lines": 3.0, "max_voltage": 230.0, "source_id": "139225", "status": "IN SERVICE"}}, {"type": "Feature", "geometry": {"type": "Point", "coordinates": [-77.59276206399994, 38.777611715000035]}, "properties": {"facility_id": "hifld_ss_139226", "facility_name": "TAP139226", "year": 2026, "type": "substation", "geoid": 51153, "lines": 3.0, "max_voltage": 230.0, "source_id": "139226", "status": "IN SERVICE"}}, {"type": "Feature", "geometry": {"type": "Point", "coordinates": [-77.52392176499995, 38.77604089400006]}, "properties": {"facility_id": "hifld_ss_139227", "facility_name": "TAP139227", "year": 2026, "type": "substation", "geoid": 51153, "lines": 3.0, "max_voltage": 115.0, "source_id": "139227", "status": "IN SERVICE"}}, {"type": "Feature", "geometry": {"type": "Point", "coordinates": [-77.48028226199995, 38.767954864000046]}, "properties": {"facility_id": "hifld_ss_139228", "facility_name": "TAP139228", "year": 2026, "type": "substation", "geoid": 51683, "lines": 3.0, "max_voltage": 115.0, "source_id": "139228", "status": "IN SERVICE"}}, {"type": "Feature", "geometry": {"type": "Point", "coordinates": [-77.46185734199997, 38.80310876600004]}, "properties": {"facility_id": "hifld_ss_139229", "facility_name": "TAP139229", "year": 2026, "type": "substation", "geoid": 51059, "lines": 3.0, "max_voltage": 115.0, "source_id": "139229", "status": "IN SERVICE"}}, {"type": "Feature", "geometry": {"type": "Point", "coordinates": [-77.46169173599998, 38.80316249200007]}, "properties": {"facility_id": "hifld_ss_139230", "facility_name": "TAP139230", "year": 2026, "type": "substation", "geoid": 51059, "lines": 3.0, "max_voltage": 115.0, "source_id": "139230", "status": "IN SERVICE"}}, {"type": "Feature", "geometry": {"type": "Point", "coordinates": [-77.47370343199998, 38.79615175300006]}, "properties": {"facility_id": "hifld_ss_139231", "facility_name": "TAP139231", "year": 2026, "type": "substation", "geoid": 51153, "lines": 3.0, "max_voltage": 115.0, "source_id": "139231", "status": "IN SERVICE"}}, {"type": "Feature", "geometry": {"type": "Point", "coordinates": [-77.47450041399998, 38.79513913200003]}, "properties": {"facility_id": "hifld_ss_139232", "facility_name": "TAP139232", "year": 2026, "type": "substation", "geoid": 51153, "lines": 3.0, "max_voltage": 115.0, "source_id": "139232", "status": "IN SERVICE"}}, {"type": "Feature", "geometry": {"type": "Point", "coordinates": [-77.49798464299994, 38.787359028000026]}, "properties": {"facility_id": "hifld_ss_139233", "facility_name": "TAP139233", "year": 2026, "type": "substation", "geoid": 51153, "lines": 3.0, "max_voltage": 115.0, "source_id": "139233", "status": "IN SERVICE"}}, {"type": "Feature", "geometry": {"type": "Point", "coordinates": [-77.50799925999996, 38.78289454900005]}, "properties": {"facility_id": "hifld_ss_139234", "facility_name": "TAP139234", "year": 2026, "type": "substation", "geoid": 51153, "lines": 3.0, "max_voltage": 115.0, "source_id": "139234", "status": "IN SERVICE"}}, {"type": "Feature", "geometry": {"type": "Point", "coordinates": [-77.62550679199995, 38.93368714300004]}, "properties": {"facility_id": "hifld_ss_139235", "facility_name": "TAP139235", "year": 2026, "type": "substation", "geoid": 51107, "lines": 3.0, "max_voltage": 115.0, "source_id": "139235", "status": "IN SERVICE"}}, {"type": "Feature", "geometry": {"type": "Point", "coordinates": [-77.44096401899998, 38.65694765100005]}, "properties": {"facility_id": "hifld_ss_139236", "facility_name": "TAP139236", "year": 2026, "type": "substation", "geoid": 51153, "lines": 3.0, "max_voltage": 115.0, "source_id": "139236", "status": "IN SERVICE"}}, {"type": "Feature", "geometry": {"type": "Point", "coordinates": [-77.51529451099998, 38.799491329000034]}, "properties": {"facility_id": "hifld_ss_139237", "facility_name": "TAP139237", "year": 2026, "type": "substation", "geoid": 51153, "lines": 3.0, "max_voltage": 115.0, "source_id": "139237", "status": "IN SERVICE"}}, {"type": "Feature", "geometry": {"type": "Point", "coordinates": [-77.50529989099994, 39.11218158300005]}, "properties": {"facility_id": "hifld_ss_139243", "facility_name": "TAP139243", "year": 2026, "type": "substation", "geoid": 51107, "lines": 3.0, "max_voltage": 230.0, "source_id": "139243", "status": "IN SERVICE"}}, {"type": "Feature", "geometry": {"type": "Point", "coordinates": [-77.59206355899994, 38.73155303300007]}, "properties": {"facility_id": "hifld_ss_139245", "facility_name": "UNKNOWN139245", "year": 2026, "type": "substation", "geoid": 51153, "lines": 0.0, "source_id": "139245", "status": "IN SERVICE"}}, {"type": "Feature", "geometry": {"type": "Point", "coordinates": [-77.55679582099998, 39.10830812100005]}, "properties": {"facility_id": "hifld_ss_139256", "facility_name": "LEESBURG", "year": 2026, "type": "substation", "geoid": 51107, "lines": 1.0, "source_id": "139256", "status": "IN SERVICE"}}, {"type": "Feature", "geometry": {"type": "Point", "coordinates": [-77.43240274999994, 37.90896131000005]}, "properties": {"facility_id": "hifld_ss_139258", "facility_name": "UNKNOWN139258", "year": 2026, "type": "substation", "geoid": 51033, "lines": 0.0, "source_id": "139258", "status": "IN SERVICE"}}, {"type": "Feature", "geometry": {"type": "Point", "coordinates": [-78.00822299199996, 39.159904837000056]}, "properties": {"facility_id": "hifld_ss_139259", "facility_name": "TAP139259", "year": 2026, "type": "substation", "geoid": 51043, "lines": 3.0, "max_voltage": 138.0, "source_id": "139259", "status": "IN SERVICE"}}, {"type": "Feature", "geometry": {"type": "Point", "coordinates": [-77.23021406199996, 38.287083350000046]}, "properties": {"facility_id": "hifld_ss_139313", "facility_name": "TAP139313", "year": 2026, "type": "substation", "geoid": 51099, "lines": 3.0, "max_voltage": 230.0, "source_id": "139313", "status": "IN SERVICE"}}, {"type": "Feature", "geometry": {"type": "Point", "coordinates": [-77.14959188499995, 38.76301624100006]}, "properties": {"facility_id": "hifld_ss_139314", "facility_name": "TAP139314", "year": 2026, "type": "substation", "geoid": 51059, "lines": 3.0, "max_voltage": 230.0, "source_id": "139314", "status": "IN SERVICE"}}, {"type": "Feature", "geometry": {"type": "Point", "coordinates": [-77.08756192099997, 38.88654769300007]}, "properties": {"facility_id": "hifld_ss_139336", "facility_name": "UNKNOWN139336", "year": 2026, "type": "substation", "geoid": 51013, "lines": 0.0, "source_id": "139336", "status": "IN SERVICE"}}, {"type": "Feature", "geometry": {"type": "Point", "coordinates": [-77.07400303499998, 38.84254925700003]}, "properties": {"facility_id": "hifld_ss_139338", "facility_name": "UNKNOWN139338", "year": 2026, "type": "substation", "geoid": 51510, "lines": 0.0, "source_id": "139338", "status": "IN SERVICE"}}, {"type": "Feature", "geometry": {"type": "Point", "coordinates": [-77.18718593299997, 38.79833175300007]}, "properties": {"facility_id": "hifld_ss_139346", "facility_name": "UNKNOWN139346", "year": 2026, "type": "substation", "geoid": 51059, "lines": 0.0, "source_id": "139346", "status": "IN SERVICE"}}, {"type": "Feature", "geometry": {"type": "Point", "coordinates": [-75.59811178099994, 37.87578197800008]}, "properties": {"facility_id": "hifld_ss_139355", "facility_name": "TAP139355", "year": 2026, "type": "substation", "geoid": 51001, "lines": 3.0, "max_voltage": 69.0, "source_id": "139355", "status": "IN SERVICE"}}, {"type": "Feature", "geometry": {"type": "Point", "coordinates": [-75.50629507999997, 37.927768755000045]}, "properties": {"facility_id": "hifld_ss_139356", "facility_name": "TAP139356", "year": 2026, "type": "substation", "geoid": 51001, "lines": 3.0, "max_voltage": 69.0, "source_id": "139356", "status": "IN SERVICE"}}, {"type": "Feature", "geometry": {"type": "Point", "coordinates": [-79.04840527499994, 38.02438412400005]}, "properties": {"facility_id": "hifld_ss_139775", "facility_name": "TAP139775", "year": 2026, "type": "substation", "geoid": 51015, "lines": 3.0, "max_voltage": 115.0, "source_id": "139775", "status": "IN SERVICE"}}, {"type": "Feature", "geometry": {"type": "Point", "coordinates": [-79.00625098199998, 38.08221335500008]}, "properties": {"facility_id": "hifld_ss_139776", "facility_name": "TAP139776", "year": 2026, "type": "substation", "geoid": 51015, "lines": 3.0, "max_voltage": 115.0, "source_id": "139776", "status": "IN SERVICE"}}, {"type": "Feature", "geometry": {"type": "Point", "coordinates": [-78.88491626199993, 38.381522294000035]}, "properties": {"facility_id": "hifld_ss_139777", "facility_name": "TAP139777", "year": 2026, "type": "substation", "geoid": 51165, "lines": 3.0, "max_voltage": 115.0, "source_id": "139777", "status": "IN SERVICE"}}, {"type": "Feature", "geometry": {"type": "Point", "coordinates": [-78.93340396499997, 37.915622504000055]}, "properties": {"facility_id": "hifld_ss_139854", "facility_name": "UNKNOWN139854", "year": 2026, "type": "substation", "geoid": 51125, "lines": 0.0, "source_id": "139854", "status": "IN SERVICE"}}, {"type": "Feature", "geometry": {"type": "Point", "coordinates": [-78.88259625399996, 38.41225904100003]}, "properties": {"facility_id": "hifld_ss_139855", "facility_name": "UNKNOWN139855", "year": 2026, "type": "substation", "geoid": 51660, "lines": 4.0, "source_id": "139855", "status": "IN SERVICE"}}, {"type": "Feature", "geometry": {"type": "Point", "coordinates": [-78.70933339999993, 38.02490797800005]}, "properties": {"facility_id": "hifld_ss_140468", "facility_name": "TAP140468", "year": 2026, "type": "substation", "geoid": 51003, "lines": 3.0, "max_voltage": 115.0, "source_id": "140468", "status": "IN SERVICE"}}, {"type": "Feature", "geometry": {"type": "Point", "coordinates": [-78.69829139099994, 38.085100502000046]}, "properties": {"facility_id": "hifld_ss_140469", "facility_name": "TAP140469", "year": 2026, "type": "substation", "geoid": 51003, "lines": 3.0, "max_voltage": 230.0, "source_id": "140469", "status": "IN SERVICE"}}, {"type": "Feature", "geometry": {"type": "Point", "coordinates": [-78.69843403899995, 38.085270998000055]}, "properties": {"facility_id": "hifld_ss_140470", "facility_name": "TAP140470", "year": 2026, "type": "substation", "geoid": 51003, "lines": 3.0, "max_voltage": 230.0, "source_id": "140470", "status": "IN SERVICE"}}, {"type": "Feature", "geometry": {"type": "Point", "coordinates": [-78.53015219299994, 38.07125410100008]}, "properties": {"facility_id": "hifld_ss_140471", "facility_name": "TAP140471", "year": 2026, "type": "substation", "geoid": 51003, "lines": 3.0, "max_voltage": 230.0, "source_id": "140471", "status": "IN SERVICE"}}, {"type": "Feature", "geometry": {"type": "Point", "coordinates": [-78.53034730799999, 38.07136355600005]}, "properties": {"facility_id": "hifld_ss_140472", "facility_name": "TAP140472", "year": 2026, "type": "substation", "geoid": 51003, "lines": 3.0, "max_voltage": 230.0, "source_id": "140472", "status": "IN SERVICE"}}, {"type": "Feature", "geometry": {"type": "Point", "coordinates": [-78.62720551099994, 37.96645738900003]}, "properties": {"facility_id": "hifld_ss_140473", "facility_name": "TAP140473", "year": 2026, "type": "substation", "geoid": 51003, "lines": 3.0, "max_voltage": 115.0, "source_id": "140473", "status": "IN SERVICE"}}, {"type": "Feature", "geometry": {"type": "Point", "coordinates": [-78.78201772599994, 38.62815234600003]}, "properties": {"facility_id": "hifld_ss_140474", "facility_name": "TAP140474", "year": 2026, "type": "substation", "geoid": 51165, "lines": 3.0, "source_id": "140474", "status": "IN SERVICE"}}, {"type": "Feature", "geometry": {"type": "Point", "coordinates": [-78.60991525099996, 38.71151688900005]}, "properties": {"facility_id": "hifld_ss_140475", "facility_name": "TAP140475", "year": 2026, "type": "substation", "geoid": 51171, "lines": 3.0, "max_voltage": 115.0, "source_id": "140475", "status": "IN SERVICE"}}, {"type": "Feature", "geometry": {"type": "Point", "coordinates": [-78.65382677699995, 38.38468091100003]}, "properties": {"facility_id": "hifld_ss_140493", "facility_name": "UNKNOWN140493", "year": 2026, "type": "substation", "geoid": 51165, "lines": 0.0, "source_id": "140493", "status": "IN SERVICE"}}, {"type": "Feature", "geometry": {"type": "Point", "coordinates": [-78.65094889099998, 38.387378967000075]}, "properties": {"facility_id": "hifld_ss_140494", "facility_name": "UNKNOWN140494", "year": 2026, "type": "substation", "geoid": 51165, "lines": 0.0, "source_id": "140494", "status": "IN SERVICE"}}, {"type": "Feature", "geometry": {"type": "Point", "coordinates": [-78.49618732999994, 38.03143066300004]}, "properties": {"facility_id": "hifld_ss_140497", "facility_name": "UNKNOWN140497", "year": 2026, "type": "substation", "geoid": 51540, "lines": 0.0, "source_id": "140497", "status": "IN SERVICE"}}, {"type": "Feature", "geometry": {"type": "Point", "coordinates": [-78.32526320299996, 38.06503052600005]}, "properties": {"facility_id": "hifld_ss_140498", "facility_name": "TAP140498", "year": 2026, "type": "substation", "geoid": 51003, "lines": 3.0, "max_voltage": 230.0, "source_id": "140498", "status": "IN SERVICE"}}, {"type": "Feature", "geometry": {"type": "Point", "coordinates": [-78.41602277199996, 38.11892560100006]}, "properties": {"facility_id": "hifld_ss_140499", "facility_name": "TAP140499", "year": 2026, "type": "substation", "geoid": 51003, "lines": 3.0, "max_voltage": 230.0, "source_id": "140499", "status": "IN SERVICE"}}, {"type": "Feature", "geometry": {"type": "Point", "coordinates": [-78.22221064899998, 38.94192923800006]}, "properties": {"facility_id": "hifld_ss_140501", "facility_name": "TAP140501", "year": 2026, "type": "substation", "geoid": 51187, "lines": 3.0, "max_voltage": 138.0, "source_id": "140501", "status": "IN SERVICE"}}, {"type": "Feature", "geometry": {"type": "Point", "coordinates": [-78.17340075899995, 38.46064395000008]}, "properties": {"facility_id": "hifld_ss_140512", "facility_name": "UNKNOWN140512", "year": 2026, "type": "substation", "geoid": 51113, "lines": 2.0, "source_id": "140512", "status": "IN SERVICE"}}, {"type": "Feature", "geometry": {"type": "Point", "coordinates": [-78.18792181999999, 39.12614065900004]}, "properties": {"facility_id": "hifld_ss_140514", "facility_name": "UNKNOWN140514", "year": 2026, "type": "substation", "geoid": 51069, "lines": 0.0, "source_id": "140514", "status": "IN SERVICE"}}, {"type": "Feature", "geometry": {"type": "Point", "coordinates": [-77.93994261899996, 38.32766078000003]}, "properties": {"facility_id": "hifld_ss_140638", "facility_name": "TAP140638", "year": 2026, "type": "substation", "geoid": 51137, "lines": 3.0, "max_voltage": 115.0, "source_id": "140638", "status": "IN SERVICE"}}, {"type": "Feature", "geometry": {"type": "Point", "coordinates": [-78.10468566599997, 38.23740962000005]}, "properties": {"facility_id": "hifld_ss_140639", "facility_name": "TAP140639", "year": 2026, "type": "substation", "geoid": 51137, "lines": 3.0, "max_voltage": 115.0, "source_id": "140639", "status": "IN SERVICE"}}, {"type": "Feature", "geometry": {"type": "Point", "coordinates": [-77.81108904799999, 38.25434370000005]}, "properties": {"facility_id": "hifld_ss_140640", "facility_name": "TAP140640", "year": 2026, "type": "substation", "geoid": 51137, "lines": 3.0, "max_voltage": 115.0, "source_id": "140640", "status": "IN SERVICE"}}, {"type": "Feature", "geometry": {"type": "Point", "coordinates": [-78.02824615999998, 38.01017267200007]}, "properties": {"facility_id": "hifld_ss_140641", "facility_name": "TAP140641", "year": 2026, "type": "substation", "geoid": 51109, "lines": 3.0, "max_voltage": 230.0, "source_id": "140641", "status": "IN SERVICE"}}, {"type": "Feature", "geometry": {"type": "Point", "coordinates": [-78.09282811199995, 37.89531875500006]}, "properties": {"facility_id": "hifld_ss_140642", "facility_name": "TAP140642", "year": 2026, "type": "substation", "geoid": 51065, "lines": 3.0, "source_id": "140642", "status": "IN SERVICE"}}, {"type": "Feature", "geometry": {"type": "Point", "coordinates": [-77.78362742499996, 38.31356161300005]}, "properties": {"facility_id": "hifld_ss_140643", "facility_name": "TAP140643", "year": 2026, "type": "substation", "geoid": 51137, "lines": 3.0, "max_voltage": 115.0, "source_id": "140643", "status": "IN SERVICE"}}, {"type": "Feature", "geometry": {"type": "Point", "coordinates": [-77.98994888699997, 38.468649338000034]}, "properties": {"facility_id": "hifld_ss_140644", "facility_name": "TAP140644", "year": 2026, "type": "substation", "geoid": 51047, "lines": 3.0, "max_voltage": 115.0, "source_id": "140644", "status": "IN SERVICE"}}, {"type": "Feature", "geometry": {"type": "Point", "coordinates": [-77.97583515299993, 38.36198044400004]}, "properties": {"facility_id": "hifld_ss_140645", "facility_name": "TAP140645", "year": 2026, "type": "substation", "geoid": 51047, "lines": 3.0, "max_voltage": 115.0, "source_id": "140645", "status": "IN SERVICE"}}, {"type": "Feature", "geometry": {"type": "Point", "coordinates": [-75.50210516899995, 37.934802337000065]}, "properties": {"facility_id": "hifld_ss_144353", "facility_name": "WATTSVILLE", "year": 2026, "type": "substation", "geoid": 51001, "lines": 5.0, "max_voltage": 138.0, "source_id": "144353", "status": "IN SERVICE"}}, {"type": "Feature", "geometry": {"type": "Point", "coordinates": [-75.37815416499996, 37.934212236000064]}, "properties": {"facility_id": "hifld_ss_144354", "facility_name": "WALLOPS ISLAND", "year": 2026, "type": "substation", "geoid": 51001, "lines": 2.0, "max_voltage": 69.0, "source_id": "144354", "status": "IN SERVICE"}}, {"type": "Feature", "geometry": {"type": "Point", "coordinates": [-76.99863379899995, 38.18440516700008]}, "properties": {"facility_id": "hifld_ss_146170", "facility_name": "WESTMORELAND", "year": 2026, "type": "substation", "geoid": 51193, "lines": 2.0, "max_voltage": 230.0, "source_id": "146170", "status": "IN SERVICE"}}, {"type": "Feature", "geometry": {"type": "Point", "coordinates": [-77.04206785599996, 38.820891646000064]}, "properties": {"facility_id": "hifld_ss_146171", "facility_name": "POTOMAC RIVER", "year": 2026, "type": "substation", "geoid": 51510, "lines": 1.0, "max_voltage": 230.0, "source_id": "146171", "status": "IN SERVICE"}}, {"type": "Feature", "geometry": {"type": "Point", "coordinates": [-77.04946649299995, 38.86842435400007]}, "properties": {"facility_id": "hifld_ss_146172", "facility_name": "PENTAGON", "year": 2026, "type": "substation", "geoid": 51013, "lines": 2.0, "source_id": "146172", "status": "IN SERVICE"}}, {"type": "Feature", "geometry": {"type": "Point", "coordinates": [-77.04082498799994, 38.80056454400005]}, "properties": {"facility_id": "hifld_ss_146176", "facility_name": "UNKNOWN146176", "year": 2026, "type": "substation", "geoid": 51510, "lines": 0.0, "source_id": "146176", "status": "IN SERVICE"}}, {"type": "Feature", "geometry": {"type": "Point", "coordinates": [-77.05484794099993, 38.797078000000056]}, "properties": {"facility_id": "hifld_ss_146199", "facility_name": "JEFFERSON STREET", "year": 2026, "type": "substation", "geoid": 51510, "lines": 3.0, "max_voltage": 230.0, "source_id": "146199", "status": "IN SERVICE"}}, {"type": "Feature", "geometry": {"type": "Point", "coordinates": [-77.05461594399998, 38.841647684000066]}, "properties": {"facility_id": "hifld_ss_146200", "facility_name": "GLEBE", "year": 2026, "type": "substation", "geoid": 51013, "lines": 5.0, "max_voltage": 230.0, "source_id": "146200", "status": "IN SERVICE"}}, {"type": "Feature", "geometry": {"type": "Point", "coordinates": [-77.05086840899997, 38.84028264500006]}, "properties": {"facility_id": "hifld_ss_146201", "facility_name": "POTOMAC YARD", "year": 2026, "type": "substation", "geoid": 51510, "lines": 4.0, "max_voltage": 230.0, "source_id": "146201", "status": "IN SERVICE"}}, {"type": "Feature", "geometry": {"type": "Point", "coordinates": [-77.04857776399996, 38.869420158000025]}, "properties": {"facility_id": "hifld_ss_146202", "facility_name": "PENTAGON", "year": 2026, "type": "substation", "geoid": 51013, "lines": 0.0, "source_id": "146202", "status": "IN SERVICE"}}, {"type": "Feature", "geometry": {"type": "Point", "coordinates": [-77.47770264599995, 37.58088355000007]}, "properties": {"facility_id": "hifld_ss_146330", "facility_name": "TAP146330", "year": 2026, "type": "substation", "geoid": 51087, "lines": 3.0, "max_voltage": 115.0, "source_id": "146330", "status": "IN SERVICE"}}, {"type": "Feature", "geometry": {"type": "Point", "coordinates": [-77.50466853399996, 37.408621664000066]}, "properties": {"facility_id": "hifld_ss_146331", "facility_name": "IRON BRIDGE", "year": 2026, "type": "substation", "geoid": 51041, "lines": 4.0, "max_voltage": 230.0, "source_id": "146331", "status": "IN SERVICE"}}, {"type": "Feature", "geometry": {"type": "Point", "coordinates": [-77.54155697299996, 37.63046819300007]}, "properties": {"facility_id": "hifld_ss_146332", "facility_name": "NORTHWEST", "year": 2026, "type": "substation", "geoid": 51087, "lines": 6.0, "max_voltage": 230.0, "source_id": "146332", "status": "IN SERVICE"}}, {"type": "Feature", "geometry": {"type": "Point", "coordinates": [-77.53233239699995, 37.502079655000045]}, "properties": {"facility_id": "hifld_ss_146333", "facility_name": "SOUTHWEST", "year": 2026, "type": "substation", "geoid": 51041, "lines": 6.0, "max_voltage": 230.0, "source_id": "146333", "status": "IN SERVICE"}}, {"type": "Feature", "geometry": {"type": "Point", "coordinates": [-77.47818438099995, 37.49803978600005]}, "properties": {"facility_id": "hifld_ss_146334", "facility_name": "PLAZA", "year": 2026, "type": "substation", "geoid": 51760, "lines": 3.0, "max_voltage": 230.0, "source_id": "146334", "status": "IN SERVICE"}}, {"type": "Feature", "geometry": {"type": "Point", "coordinates": [-77.52191005499998, 37.67043029400003]}, "properties": {"facility_id": "hifld_ss_146335", "facility_name": "MOUNTAIN ROAD", "year": 2026, "type": "substation", "geoid": 51087, "lines": 4.0, "max_voltage": 230.0, "source_id": "146335", "status": "IN SERVICE"}}, {"type": "Feature", "geometry": {"type": "Point", "coordinates": [-77.48471146699995, 37.69779580000005]}, "properties": {"facility_id": "hifld_ss_146336", "facility_name": "ELMONT", "year": 2026, "type": "substation", "geoid": 51085, "lines": 13.0, "max_voltage": 500.0, "source_id": "146336", "status": "IN SERVICE"}}, {"type": "Feature", "geometry": {"type": "Point", "coordinates": [-77.47755035999995, 37.57993938000004]}, "properties": {"facility_id": "hifld_ss_146337", "facility_name": "ACCA", "year": 2026, "type": "substation", "geoid": 51087, "lines": 5.0, "max_voltage": 115.0, "source_id": "146337", "status": "IN SERVICE"}}, {"type": "Feature", "geometry": {"type": "Point", "coordinates": [-77.48324482599998, 38.30442241000003]}, "properties": {"facility_id": "hifld_ss_146338", "facility_name": "FREDERICKSBURG", "year": 2026, "type": "substation", "geoid": 51630, "lines": 5.0, "max_voltage": 230.0, "source_id": "146338", "status": "IN SERVICE"}}, {"type": "Feature", "geometry": {"type": "Point", "coordinates": [-77.51758860499996, 38.06684720900006]}, "properties": {"facility_id": "hifld_ss_146339", "facility_name": "LADYSMITH CT", "year": 2026, "type": "substation", "geoid": 51033, "lines": 1.0, "max_voltage": 115.0, "source_id": "146339", "status": "IN SERVICE"}}, {"type": "Feature", "geometry": {"type": "Point", "coordinates": [-77.50687321999999, 38.858593864000056]}, "properties": {"facility_id": "hifld_ss_146340", "facility_name": "PLEASANT VALLEY", "year": 2026, "type": "substation", "geoid": 51059, "lines": 1.0, "max_voltage": 230.0, "source_id": "146340", "status": "IN SERVICE"}}, {"type": "Feature", "geometry": {"type": "Point", "coordinates": [-77.47041094199994, 38.875095574000056]}, "properties": {"facility_id": "hifld_ss_146341", "facility_name": "CUB-RUN DP", "year": 2026, "type": "substation", "geoid": 51059, "lines": 1.0, "max_voltage": 230.0, "source_id": "146341", "status": "IN SERVICE"}}, {"type": "Feature", "geometry": {"type": "Point", "coordinates": [-77.54904210399997, 38.96355792600008]}, "properties": {"facility_id": "hifld_ss_146342", "facility_name": "BRAMBLETON", "year": 2026, "type": "substation", "geoid": 51107, "lines": 9.0, "max_voltage": 500.0, "source_id": "146342", "status": "IN SERVICE"}}, {"type": "Feature", "geometry": {"type": "Point", "coordinates": [-77.52943229299996, 39.07716711300003]}, "properties": {"facility_id": "hifld_ss_146343", "facility_name": "PLEASANT VIEW", "year": 2026, "type": "substation", "geoid": 51107, "lines": 1.0, "source_id": "146343", "status": "IN SERVICE"}}, {"type": "Feature", "geometry": {"type": "Point", "coordinates": [-77.52882220199996, 39.07590817100004]}, "properties": {"facility_id": "hifld_ss_146344", "facility_name": "PLEASANT VIEW", "year": 2026, "type": "substation", "geoid": 51107, "lines": 4.0, "max_voltage": 230.0, "source_id": "146344", "status": "IN SERVICE"}}, {"type": "Feature", "geometry": {"type": "Point", "coordinates": [-77.50301177799997, 38.744047747000025]}, "properties": {"facility_id": "hifld_ss_146345", "facility_name": "CANNON BRANCH", "year": 2026, "type": "substation", "geoid": 51683, "lines": 6.0, "max_voltage": 230.0, "source_id": "146345", "status": "IN SERVICE"}}, {"type": "Feature", "geometry": {"type": "Point", "coordinates": [-77.47959762899995, 39.004050421000045]}, "properties": {"facility_id": "hifld_ss_146346", "facility_name": "GREENWAY", "year": 2026, "type": "substation", "geoid": 51107, "lines": 4.0, "max_voltage": 230.0, "source_id": "146346", "status": "IN SERVICE"}}, {"type": "Feature", "geometry": {"type": "Point", "coordinates": [-77.48973413899995, 38.455679633000045]}, "properties": {"facility_id": "hifld_ss_146347", "facility_name": "GARRISONVILLE", "year": 2026, "type": "substation", "geoid": 51179, "lines": 2.0, "source_id": "146347", "status": "IN SERVICE"}}, {"type": "Feature", "geometry": {"type": "Point", "coordinates": [-77.49837049299998, 39.05139227300003]}, "properties": {"facility_id": "hifld_ss_146348", "facility_name": "ASHBURN", "year": 2026, "type": "substation", "geoid": 51107, "lines": 5.0, "max_voltage": 230.0, "source_id": "146348", "status": "IN SERVICE"}}, {"type": "Feature", "geometry": {"type": "Point", "coordinates": [-77.54531398399996, 37.52775573100007]}, "properties": {"facility_id": "hifld_ss_146350", "facility_name": "TAP146350", "year": 2026, "type": "substation", "geoid": 51041, "lines": 3.0, "max_voltage": 115.0, "source_id": "146350", "status": "IN SERVICE"}}, {"type": "Feature", "geometry": {"type": "Point", "coordinates": [-77.53860733299996, 39.06289889200008]}, "properties": {"facility_id": "hifld_ss_146357", "facility_name": "TAP146357", "year": 2026, "type": "substation", "geoid": 51107, "lines": 3.0, "max_voltage": 230.0, "source_id": "146357", "status": "IN SERVICE"}}, {"type": "Feature", "geometry": {"type": "Point", "coordinates": [-77.48039052299998, 39.002224143000035]}, "properties": {"facility_id": "hifld_ss_146358", "facility_name": "UNKNOWN146358", "year": 2026, "type": "substation", "geoid": 51107, "lines": 2.0, "max_voltage": 230.0, "source_id": "146358", "status": "IN SERVICE"}}, {"type": "Feature", "geometry": {"type": "Point", "coordinates": [-77.53996699999993, 39.06491400000005]}, "properties": {"facility_id": "hifld_ss_146359", "facility_name": "UNKNOWN146359", "year": 2026, "type": "substation", "geoid": 51107, "lines": 1.0, "max_voltage": 230.0, "source_id": "146359", "status": "IN SERVICE"}}, {"type": "Feature", "geometry": {"type": "Point", "coordinates": [-77.48038499999996, 39.016046000000074]}, "properties": {"facility_id": "hifld_ss_146360", "facility_name": "UNKNOWN146360", "year": 2026, "type": "substation", "geoid": 51107, "lines": 2.0, "max_voltage": 230.0, "source_id": "146360", "status": "IN SERVICE"}}, {"type": "Feature", "geometry": {"type": "Point", "coordinates": [-77.47199399999994, 38.99888100000004]}, "properties": {"facility_id": "hifld_ss_146361", "facility_name": "UNKNOWN146361", "year": 2026, "type": "substation", "geoid": 51107, "lines": 4.0, "max_voltage": 230.0, "source_id": "146361", "status": "IN SERVICE"}}, {"type": "Feature", "geometry": {"type": "Point", "coordinates": [-77.47591398399999, 38.250285904000066]}, "properties": {"facility_id": "hifld_ss_146362", "facility_name": "MINE ROAD", "year": 2026, "type": "substation", "geoid": 51177, "lines": 4.0, "max_voltage": 115.0, "source_id": "146362", "status": "IN SERVICE"}}, {"type": "Feature", "geometry": {"type": "Point", "coordinates": [-77.51306745299996, 38.07326885700007]}, "properties": {"facility_id": "hifld_ss_146363", "facility_name": "LADYSMITH CT", "year": 2026, "type": "substation", "geoid": 51033, "lines": 4.0, "max_voltage": 230.0, "source_id": "146363", "status": "IN SERVICE"}}, {"type": "Feature", "geometry": {"type": "Point", "coordinates": [-77.53057961799993, 38.77811428500007]}, "properties": {"facility_id": "hifld_ss_146364", "facility_name": "NOVEC PARADISE", "year": 2026, "type": "substation", "geoid": 51153, "lines": 1.0, "max_voltage": 115.0, "source_id": "146364", "status": "IN SERVICE"}}, {"type": "Feature", "geometry": {"type": "Point", "coordinates": [-77.57505912499994, 37.57391084200003]}, "properties": {"facility_id": "hifld_ss_146365", "facility_name": "TAP146365", "year": 2026, "type": "substation", "geoid": 51087, "lines": 3.0, "max_voltage": 230.0, "source_id": "146365", "status": "IN SERVICE"}}, {"type": "Feature", "geometry": {"type": "Point", "coordinates": [-77.57490804999998, 37.574083520000045]}, "properties": {"facility_id": "hifld_ss_146366", "facility_name": "TAP146366", "year": 2026, "type": "substation", "geoid": 51087, "lines": 3.0, "max_voltage": 230.0, "source_id": "146366", "status": "IN SERVICE"}}, {"type": "Feature", "geometry": {"type": "Point", "coordinates": [-77.57516789699997, 37.57442770200004]}, "properties": {"facility_id": "hifld_ss_146367", "facility_name": "RIVER ROAD", "year": 2026, "type": "substation", "geoid": 51087, "lines": 4.0, "max_voltage": 230.0, "source_id": "146367", "status": "IN SERVICE"}}, {"type": "Feature", "geometry": {"type": "Point", "coordinates": [-77.62363303999996, 37.65962425300006]}, "properties": {"facility_id": "hifld_ss_146368", "facility_name": "SHORT PUMP", "year": 2026, "type": "substation", "geoid": 51087, "lines": 2.0, "max_voltage": 230.0, "source_id": "146368", "status": "IN SERVICE"}}, {"type": "Feature", "geometry": {"type": "Point", "coordinates": [-77.57657806099996, 37.44443044700006]}, "properties": {"facility_id": "hifld_ss_146369", "facility_name": "HULL STREET ROAD", "year": 2026, "type": "substation", "geoid": 51041, "lines": 4.0, "max_voltage": 230.0, "source_id": "146369", "status": "IN SERVICE"}}, {"type": "Feature", "geometry": {"type": "Point", "coordinates": [-77.62899296499995, 37.507266506000065]}, "properties": {"facility_id": "hifld_ss_146370", "facility_name": "TRABUE", "year": 2026, "type": "substation", "geoid": 51041, "lines": 2.0, "max_voltage": 230.0, "source_id": "146370", "status": "IN SERVICE"}}, {"type": "Feature", "geometry": {"type": "Point", "coordinates": [-77.55027636499995, 38.04665279200003]}, "properties": {"facility_id": "hifld_ss_146371", "facility_name": "LADYSMITH", "year": 2026, "type": "substation", "geoid": 51033, "lines": 5.0, "max_voltage": 500.0, "source_id": "146371", "status": "IN SERVICE"}}, {"type": "Feature", "geometry": {"type": "Point", "coordinates": [-77.66591262199995, 38.24788530400008]}, "properties": {"facility_id": "hifld_ss_146372", "facility_name": "TODDS TAVERN DP", "year": 2026, "type": "substation", "geoid": 51177, "lines": 2.0, "max_voltage": 115.0, "source_id": "146372", "status": "IN SERVICE"}}, {"type": "Feature", "geometry": {"type": "Point", "coordinates": [-77.58614836999999, 38.243256459000065]}, "properties": {"facility_id": "hifld_ss_146373", "facility_name": "NI RIVER DP", "year": 2026, "type": "substation", "geoid": 51177, "lines": 2.0, "max_voltage": 115.0, "source_id": "146373", "status": "IN SERVICE"}}, {"type": "Feature", "geometry": {"type": "Point", "coordinates": [-77.58926237499998, 38.26225264400006]}, "properties": {"facility_id": "hifld_ss_146374", "facility_name": "CHANCELLOR", "year": 2026, "type": "substation", "geoid": 51177, "lines": 3.0, "max_voltage": 500.0, "source_id": "146374", "status": "IN SERVICE"}}, {"type": "Feature", "geometry": {"type": "Point", "coordinates": [-77.59554123999999, 38.56312074400006]}, "properties": {"facility_id": "hifld_ss_146375", "facility_name": "BRISTERS", "year": 2026, "type": "substation", "geoid": 51061, "lines": 5.0, "max_voltage": 500.0, "source_id": "146375", "status": "IN SERVICE"}}, {"type": "Feature", "geometry": {"type": "Point", "coordinates": [-77.56517207299999, 38.790845286000035]}, "properties": {"facility_id": "hifld_ss_146376", "facility_name": "GAINESVILLE", "year": 2026, "type": "substation", "geoid": 51153, "lines": 7.0, "max_voltage": 230.0, "source_id": "146376", "status": "IN SERVICE"}}, {"type": "Feature", "geometry": {"type": "Point", "coordinates": [-77.56820306399999, 38.89496859700006]}, "properties": {"facility_id": "hifld_ss_146377", "facility_name": "MOSBY", "year": 2026, "type": "substation", "geoid": 51107, "lines": 15.0, "max_voltage": 500.0, "source_id": "146377", "status": "IN SERVICE"}}, {"type": "Feature", "geometry": {"type": "Point", "coordinates": [-77.62540894599994, 38.93391329200006]}, "properties": {"facility_id": "hifld_ss_146378", "facility_name": "NEW ROAD", "year": 2026, "type": "substation", "geoid": 51107, "lines": 2.0, "max_voltage": 115.0, "source_id": "146378", "status": "IN SERVICE"}}, {"type": "Feature", "geometry": {"type": "Point", "coordinates": [-77.63267946799994, 39.29543159700006]}, "properties": {"facility_id": "hifld_ss_146379", "facility_name": "LOVETTSVILLE", "year": 2026, "type": "substation", "geoid": 51107, "lines": 2.0, "max_voltage": 138.0, "source_id": "146379", "status": "IN SERVICE"}}, {"type": "Feature", "geometry": {"type": "Point", "coordinates": [-77.63719862699998, 37.47304075000005]}, "properties": {"facility_id": "hifld_ss_146380", "facility_name": "TAP146380", "year": 2026, "type": "substation", "geoid": 51041, "lines": 2.0, "max_voltage": 230.0, "source_id": "146380", "status": "IN SERVICE"}}, {"type": "Feature", "geometry": {"type": "Point", "coordinates": [-77.63649631299995, 37.47248026600005]}, "properties": {"facility_id": "hifld_ss_146381", "facility_name": "TAP146381", "year": 2026, "type": "substation", "geoid": 51041, "lines": 3.0, "max_voltage": 230.0, "source_id": "146381", "status": "IN SERVICE"}}, {"type": "Feature", "geometry": {"type": "Point", "coordinates": [-77.63641164999996, 37.47251894900006]}, "properties": {"facility_id": "hifld_ss_146382", "facility_name": "TAP146382", "year": 2026, "type": "substation", "geoid": 51041, "lines": 3.0, "max_voltage": 230.0, "source_id": "146382", "status": "IN SERVICE"}}, {"type": "Feature", "geometry": {"type": "Point", "coordinates": [-77.56781339299994, 38.85472429300006]}, "properties": {"facility_id": "hifld_ss_146384", "facility_name": "TAP146384", "year": 2026, "type": "substation", "geoid": 51153, "lines": 3.0, "max_voltage": 115.0, "source_id": "146384", "status": "IN SERVICE"}}, {"type": "Feature", "geometry": {"type": "Point", "coordinates": [-77.57779073799998, 38.59129348300007]}, "properties": {"facility_id": "hifld_ss_146387", "facility_name": "SOWEGO DP", "year": 2026, "type": "substation", "geoid": 51061, "lines": 2.0, "max_voltage": 115.0, "source_id": "146387", "status": "IN SERVICE"}}, {"type": "Feature", "geometry": {"type": "Point", "coordinates": [-79.74049350199994, 36.68259739700005]}, "properties": {"facility_id": "hifld_ss_146388", "facility_name": "STOCKTON", "year": 2026, "type": "substation", "geoid": 51089, "lines": 2.0, "source_id": "146388", "status": "IN SERVICE"}}, {"type": "Feature", "geometry": {"type": "Point", "coordinates": [-79.79839528799994, 37.38548830600007]}, "properties": {"facility_id": "hifld_ss_146405", "facility_name": "BLUE RIDGE", "year": 2026, "type": "substation", "geoid": 51023, "lines": 1.0, "source_id": "146405", "status": "IN SERVICE"}}, {"type": "Feature", "geometry": {"type": "Point", "coordinates": [-79.85838455299995, 36.628361651000034]}, "properties": {"facility_id": "hifld_ss_146406", "facility_name": "TAP146406", "year": 2026, "type": "substation", "geoid": 51089, "lines": 3.0, "source_id": "146406", "status": "IN SERVICE"}}, {"type": "Feature", "geometry": {"type": "Point", "coordinates": [-79.89199139399994, 37.77652851600004]}, "properties": {"facility_id": "hifld_ss_146407", "facility_name": "LOWMOOR", "year": 2026, "type": "substation", "geoid": 51005, "lines": 5.0, "max_voltage": 230.0, "source_id": "146407", "status": "IN SERVICE"}}, {"type": "Feature", "geometry": {"type": "Point", "coordinates": [-79.83865419599994, 36.58641858800007]}, "properties": {"facility_id": "hifld_ss_146408", "facility_name": "RIDGEWAY", "year": 2026, "type": "substation", "geoid": 51089, "lines": 4.0, "max_voltage": 138.0, "source_id": "146408", "status": "IN SERVICE"}}, {"type": "Feature", "geometry": {"type": "Point", "coordinates": [-79.86572137099995, 37.05067776100003]}, "properties": {"facility_id": "hifld_ss_146409", "facility_name": "BLAINE", "year": 2026, "type": "substation", "geoid": 51067, "lines": 3.0, "max_voltage": 138.0, "source_id": "146409", "status": "IN SERVICE"}}, {"type": "Feature", "geometry": {"type": "Point", "coordinates": [-79.86295505499999, 37.268299246000026]}, "properties": {"facility_id": "hifld_ss_146410", "facility_name": "VINTON", "year": 2026, "type": "substation", "geoid": 51161, "lines": 2.0, "max_voltage": 138.0, "source_id": "146410", "status": "IN SERVICE"}}, {"type": "Feature", "geometry": {"type": "Point", "coordinates": [-79.82410489599994, 37.81240177500007]}, "properties": {"facility_id": "hifld_ss_146411", "facility_name": "CLIFTON FORGE", "year": 2026, "type": "substation", "geoid": 51005, "lines": 4.0, "max_voltage": 230.0, "source_id": "146411", "status": "IN SERVICE"}}, {"type": "Feature", "geometry": {"type": "Point", "coordinates": [-79.87011864199997, 37.33308426600007]}, "properties": {"facility_id": "hifld_ss_146412", "facility_name": "BONSACK", "year": 2026, "type": "substation", "geoid": 51023, "lines": 2.0, "max_voltage": 138.0, "source_id": "146412", "status": "IN SERVICE"}}, {"type": "Feature", "geometry": {"type": "Point", "coordinates": [-79.87277912099995, 37.34950126900003]}, "properties": {"facility_id": "hifld_ss_146413", "facility_name": "TAP146413", "year": 2026, "type": "substation", "geoid": 51023, "lines": 3.0, "source_id": "146413", "status": "IN SERVICE"}}, {"type": "Feature", "geometry": {"type": "Point", "coordinates": [-79.85765601199995, 36.73054466000008]}, "properties": {"facility_id": "hifld_ss_146414", "facility_name": "UNKNOWN146414", "year": 2026, "type": "substation", "geoid": 51089, "lines": 2.0, "source_id": "146414", "status": "IN SERVICE"}}, {"type": "Feature", "geometry": {"type": "Point", "coordinates": [-79.87690324399995, 37.787330481000026]}, "properties": {"facility_id": "hifld_ss_146415", "facility_name": "UNKNOWN146415", "year": 2026, "type": "substation", "geoid": 51005, "lines": 0.0, "source_id": "146415", "status": "IN SERVICE"}}, {"type": "Feature", "geometry": {"type": "Point", "coordinates": [-79.80867393399996, 37.656171433000054]}, "properties": {"facility_id": "hifld_ss_146424", "facility_name": "UNKNOWN146424", "year": 2026, "type": "substation", "geoid": 51023, "lines": 0.0, "source_id": "146424", "status": "IN SERVICE"}}, {"type": "Feature", "geometry": {"type": "Point", "coordinates": [-79.82624199999998, 37.99367700000005]}, "properties": {"facility_id": "hifld_ss_146425", "facility_name": "UNKNOWN146425", "year": 2026, "type": "substation", "geoid": 51017, "lines": 1.0, "source_id": "146425", "status": "IN SERVICE"}}, {"type": "Feature", "geometry": {"type": "Point", "coordinates": [-79.84733837999994, 37.37838469400003]}, "properties": {"facility_id": "hifld_ss_146434", "facility_name": "LAKE FOREST", "year": 2026, "type": "substation", "geoid": 51023, "lines": 2.0, "max_voltage": 138.0, "source_id": "146434", "status": "IN SERVICE"}}, {"type": "Feature", "geometry": {"type": "Point", "coordinates": [-78.35707428699999, 37.879784621000056]}, "properties": {"facility_id": "hifld_ss_146598", "facility_name": "TAP146598", "year": 2026, "type": "substation", "geoid": 51065, "lines": 3.0, "max_voltage": 230.0, "source_id": "146598", "status": "IN SERVICE"}}, {"type": "Feature", "geometry": {"type": "Point", "coordinates": [-78.37414531999997, 37.86864965700005]}, "properties": {"facility_id": "hifld_ss_146599", "facility_name": "CUNNINGHAM", "year": 2026, "type": "substation", "geoid": 51065, "lines": 4.0, "max_voltage": 500.0, "source_id": "146599", "status": "IN SERVICE"}}, {"type": "Feature", "geometry": {"type": "Point", "coordinates": [-78.37942772299994, 37.867357610000056]}, "properties": {"facility_id": "hifld_ss_146600", "facility_name": "FLUVANNA P.S.", "year": 2026, "type": "substation", "geoid": 51065, "lines": 3.0, "max_voltage": 500.0, "source_id": "146600", "status": "IN SERVICE"}}, {"type": "Feature", "geometry": {"type": "Point", "coordinates": [-78.26861638999998, 38.34863351700005]}, "properties": {"facility_id": "hifld_ss_146601", "facility_name": "PRATT'S", "year": 2026, "type": "substation", "geoid": 51113, "lines": 2.0, "max_voltage": 115.0, "source_id": "146601", "status": "IN SERVICE"}}, {"type": "Feature", "geometry": {"type": "Point", "coordinates": [-78.45782221399998, 38.04159285000003]}, "properties": {"facility_id": "hifld_ss_146602", "facility_name": "CHARLOTTESVILLE", "year": 2026, "type": "substation", "geoid": 51540, "lines": 5.0, "max_voltage": 230.0, "source_id": "146602", "status": "IN SERVICE"}}, {"type": "Feature", "geometry": {"type": "Point", "coordinates": [-78.50932863699995, 37.79546856700006]}, "properties": {"facility_id": "hifld_ss_146603", "facility_name": "SCOTTSVILLE", "year": 2026, "type": "substation", "geoid": 51003, "lines": 1.0, "source_id": "146603", "status": "IN SERVICE"}}, {"type": "Feature", "geometry": {"type": "Point", "coordinates": [-78.53607720399998, 38.83404614700004]}, "properties": {"facility_id": "hifld_ss_146604", "facility_name": "EDINBURG", "year": 2026, "type": "substation", "geoid": 51171, "lines": 2.0, "max_voltage": 138.0, "source_id": "146604", "status": "IN SERVICE"}}, {"type": "Feature", "geometry": {"type": "Point", "coordinates": [-78.35871381799996, 39.001643364000074]}, "properties": {"facility_id": "hifld_ss_146605", "facility_name": "STRASBURG", "year": 2026, "type": "substation", "geoid": 51171, "lines": 2.0, "max_voltage": 138.0, "source_id": "146605", "status": "IN SERVICE"}}, {"type": "Feature", "geometry": {"type": "Point", "coordinates": [-78.45205356499997, 38.66960229600005]}, "properties": {"facility_id": "hifld_ss_146606", "facility_name": "PAGE", "year": 2026, "type": "substation", "geoid": 51139, "lines": 3.0, "max_voltage": 138.0, "source_id": "146606", "status": "IN SERVICE"}}, {"type": "Feature", "geometry": {"type": "Point", "coordinates": [-78.62032400399994, 38.52692712800007]}, "properties": {"facility_id": "hifld_ss_146607", "facility_name": "NORTH SHENANDOAH", "year": 2026, "type": "substation", "geoid": 51139, "lines": 3.0, "max_voltage": 138.0, "source_id": "146607", "status": "IN SERVICE"}}, {"type": "Feature", "geometry": {"type": "Point", "coordinates": [-78.36873233699998, 37.799176266000075]}, "properties": {"facility_id": "hifld_ss_146608", "facility_name": "TAP146608", "year": 2026, "type": "substation", "geoid": 51065, "lines": 3.0, "max_voltage": 115.0, "source_id": "146608", "status": "IN SERVICE"}}, {"type": "Feature", "geometry": {"type": "Point", "coordinates": [-78.44855355299995, 37.426036268000075]}, "properties": {"facility_id": "hifld_ss_146610", "facility_name": "UNKNOWN146610", "year": 2026, "type": "substation", "geoid": 51029, "lines": 0.0, "source_id": "146610", "status": "IN SERVICE"}}, {"type": "Feature", "geometry": {"type": "Point", "coordinates": [-78.28432132099994, 37.697089661000064]}, "properties": {"facility_id": "hifld_ss_146618", "facility_name": "BEAR GARDEN", "year": 2026, "type": "substation", "geoid": 51029, "lines": 3.0, "max_voltage": 230.0, "source_id": "146618", "status": "IN SERVICE"}}, {"type": "Feature", "geometry": {"type": "Point", "coordinates": [-78.36834661899996, 37.79953752100005]}, "properties": {"facility_id": "hifld_ss_146619", "facility_name": "KIDDS STORE", "year": 2026, "type": "substation", "geoid": 51065, "lines": 1.0, "max_voltage": 115.0, "source_id": "146619", "status": "IN SERVICE"}}, {"type": "Feature", "geometry": {"type": "Point", "coordinates": [-78.62678057899996, 37.966764246000025]}, "properties": {"facility_id": "hifld_ss_146620", "facility_name": "RED HILL", "year": 2026, "type": "substation", "geoid": 51003, "lines": 1.0, "max_voltage": 115.0, "source_id": "146620", "status": "IN SERVICE"}}, {"type": "Feature", "geometry": {"type": "Point", "coordinates": [-78.52598848699995, 38.02126164200007]}, "properties": {"facility_id": "hifld_ss_146621", "facility_name": "SHERWOOD", "year": 2026, "type": "substation", "geoid": 51003, "lines": 2.0, "max_voltage": 115.0, "source_id": "146621", "status": "IN SERVICE"}}, {"type": "Feature", "geometry": {"type": "Point", "coordinates": [-78.41537936599997, 38.11857582100003]}, "properties": {"facility_id": "hifld_ss_146622", "facility_name": "PROFFIT", "year": 2026, "type": "substation", "geoid": 51003, "lines": 2.0, "max_voltage": 230.0, "source_id": "146622", "status": "IN SERVICE"}}, {"type": "Feature", "geometry": {"type": "Point", "coordinates": [-78.43377319399997, 38.12733997000004]}, "properties": {"facility_id": "hifld_ss_146623", "facility_name": "HOLLYMEAD", "year": 2026, "type": "substation", "geoid": 51003, "lines": 1.0, "max_voltage": 230.0, "source_id": "146623", "status": "IN SERVICE"}}, {"type": "Feature", "geometry": {"type": "Point", "coordinates": [-79.29093032799994, 37.42575300900006]}, "properties": {"facility_id": "hifld_ss_146690", "facility_name": "IVY HILL", "year": 2026, "type": "substation", "geoid": 51019, "lines": 2.0, "max_voltage": 138.0, "source_id": "146690", "status": "IN SERVICE"}}, {"type": "Feature", "geometry": {"type": "Point", "coordinates": [-79.25305613699999, 37.05422683100005]}, "properties": {"facility_id": "hifld_ss_146691", "facility_name": "OTTER RIVER", "year": 2026, "type": "substation", "geoid": 51143, "lines": 1.0, "max_voltage": 115.0, "source_id": "146691", "status": "IN SERVICE"}}, {"type": "Feature", "geometry": {"type": "Point", "coordinates": [-79.27844263699996, 37.130063731000064]}, "properties": {"facility_id": "hifld_ss_146692", "facility_name": "ALTAVISTA", "year": 2026, "type": "substation", "geoid": 51031, "lines": 6.0, "max_voltage": 138.0, "source_id": "146692", "status": "IN SERVICE"}}, {"type": "Feature", "geometry": {"type": "Point", "coordinates": [-79.28041261199996, 37.14295547800003]}, "properties": {"facility_id": "hifld_ss_146693", "facility_name": "OTTER", "year": 2026, "type": "substation", "geoid": 51031, "lines": 1.0, "max_voltage": 138.0, "source_id": "146693", "status": "IN SERVICE"}}, {"type": "Feature", "geometry": {"type": "Point", "coordinates": [-79.30200924099995, 37.24017235700006]}, "properties": {"facility_id": "hifld_ss_146694", "facility_name": "EVINGTON", "year": 2026, "type": "substation", "geoid": 51031, "lines": 1.0, "max_voltage": 115.0, "source_id": "146694", "status": "IN SERVICE"}}, {"type": "Feature", "geometry": {"type": "Point", "coordinates": [-79.35164297299997, 37.52011721300005]}, "properties": {"facility_id": "hifld_ss_146695", "facility_name": "SKIMMER", "year": 2026, "type": "substation", "geoid": 51019, "lines": 4.0, "max_voltage": 115.0, "source_id": "146695", "status": "IN SERVICE"}}, {"type": "Feature", "geometry": {"type": "Point", "coordinates": [-79.30879958299994, 37.329108709000025]}, "properties": {"facility_id": "hifld_ss_146696", "facility_name": "NEW LONDON", "year": 2026, "type": "substation", "geoid": 51019, "lines": 3.0, "max_voltage": 138.0, "source_id": "146696", "status": "IN SERVICE"}}, {"type": "Feature", "geometry": {"type": "Point", "coordinates": [-79.25871095899998, 37.32299812100007]}, "properties": {"facility_id": "hifld_ss_146697", "facility_name": "BRUSH TAVERN", "year": 2026, "type": "substation", "geoid": 51031, "lines": 1.0, "max_voltage": 138.0, "source_id": "146697", "status": "IN SERVICE"}}, {"type": "Feature", "geometry": {"type": "Point", "coordinates": [-79.22913218599996, 37.43295364800008]}, "properties": {"facility_id": "hifld_ss_146698", "facility_name": "BOONSBORO", "year": 2026, "type": "substation", "geoid": 51680, "lines": 2.0, "max_voltage": 138.0, "source_id": "146698", "status": "IN SERVICE"}}, {"type": "Feature", "geometry": {"type": "Point", "coordinates": [-79.18913003599994, 37.46222181200005]}, "properties": {"facility_id": "hifld_ss_146699", "facility_name": "REUSENS", "year": 2026, "type": "substation", "geoid": 51680, "lines": 10.0, "max_voltage": 138.0, "source_id": "146699", "status": "IN SERVICE"}}, {"type": "Feature", "geometry": {"type": "Point", "coordinates": [-79.29310554499995, 37.363450768000064]}, "properties": {"facility_id": "hifld_ss_146700", "facility_name": "FOREST", "year": 2026, "type": "substation", "geoid": 51019, "lines": 2.0, "max_voltage": 138.0, "source_id": "146700", "status": "IN SERVICE"}}, {"type": "Feature", "geometry": {"type": "Point", "coordinates": [-79.20443788099999, 37.37363957200006]}, "properties": {"facility_id": "hifld_ss_146701", "facility_name": "BROOKVILLE", "year": 2026, "type": "substation", "geoid": 51680, "lines": 2.0, "max_voltage": 138.0, "source_id": "146701", "status": "IN SERVICE"}}, {"type": "Feature", "geometry": {"type": "Point", "coordinates": [-79.23619670499994, 37.39562630700004]}, "properties": {"facility_id": "hifld_ss_146702", "facility_name": "GRAVES MILL", "year": 2026, "type": "substation", "geoid": 51019, "lines": 2.0, "max_voltage": 138.0, "source_id": "146702", "status": "IN SERVICE"}}, {"type": "Feature", "geometry": {"type": "Point", "coordinates": [-79.30672404499995, 37.87050639700004]}, "properties": {"facility_id": "hifld_ss_146703", "facility_name": "FAIRFIELD", "year": 2026, "type": "substation", "geoid": 51163, "lines": 1.0, "max_voltage": 115.0, "source_id": "146703", "status": "IN SERVICE"}}, {"type": "Feature", "geometry": {"type": "Point", "coordinates": [-79.22211588899995, 37.080153901000074]}, "properties": {"facility_id": "hifld_ss_146711", "facility_name": "TAP146711", "year": 2026, "type": "substation", "geoid": 51143, "lines": 3.0, "max_voltage": 115.0, "source_id": "146711", "status": "IN SERVICE"}}, {"type": "Feature", "geometry": {"type": "Point", "coordinates": [-79.30566256899994, 37.00758244200006]}, "properties": {"facility_id": "hifld_ss_146712", "facility_name": "TAP146712", "year": 2026, "type": "substation", "geoid": 51143, "lines": 3.0, "max_voltage": 115.0, "source_id": "146712", "status": "IN SERVICE"}}, {"type": "Feature", "geometry": {"type": "Point", "coordinates": [-79.27980418399994, 37.14293825100003]}, "properties": {"facility_id": "hifld_ss_146713", "facility_name": "TAP146713", "year": 2026, "type": "substation", "geoid": 51031, "lines": 3.0, "max_voltage": 138.0, "source_id": "146713", "status": "IN SERVICE"}}, {"type": "Feature", "geometry": {"type": "Point", "coordinates": [-79.30222815199994, 37.239858268000035]}, "properties": {"facility_id": "hifld_ss_146714", "facility_name": "TAP146714", "year": 2026, "type": "substation", "geoid": 51031, "lines": 3.0, "max_voltage": 115.0, "source_id": "146714", "status": "IN SERVICE"}}, {"type": "Feature", "geometry": {"type": "Point", "coordinates": [-79.27598721399994, 37.10370229700004]}, "properties": {"facility_id": "hifld_ss_146715", "facility_name": "TAP146715", "year": 2026, "type": "substation", "geoid": 51143, "lines": 3.0, "max_voltage": 115.0, "source_id": "146715", "status": "IN SERVICE"}}, {"type": "Feature", "geometry": {"type": "Point", "coordinates": [-79.26921468699999, 37.11308417200007]}, "properties": {"facility_id": "hifld_ss_146717", "facility_name": "TAP146717", "year": 2026, "type": "substation", "geoid": 51143, "lines": 3.0, "max_voltage": 115.0, "source_id": "146717", "status": "IN SERVICE"}}, {"type": "Feature", "geometry": {"type": "Point", "coordinates": [-79.31369427899995, 36.60464396200007]}, "properties": {"facility_id": "hifld_ss_146718", "facility_name": "UNKNOWN146718", "year": 2026, "type": "substation", "geoid": 51143, "lines": 2.0, "source_id": "146718", "status": "IN SERVICE"}}, {"type": "Feature", "geometry": {"type": "Point", "coordinates": [-79.22825523199998, 37.51025066300008]}, "properties": {"facility_id": "hifld_ss_146724", "facility_name": "UNKNOWN146724", "year": 2026, "type": "substation", "geoid": 51009, "lines": 0.0, "source_id": "146724", "status": "IN SERVICE"}}, {"type": "Feature", "geometry": {"type": "Point", "coordinates": [-79.21652199999994, 38.13780000000003]}, "properties": {"facility_id": "hifld_ss_146727", "facility_name": "UNKNOWN146727", "year": 2026, "type": "substation", "geoid": 51015, "lines": 0.0, "source_id": "146727", "status": "IN SERVICE"}}, {"type": "Feature", "geometry": {"type": "Point", "coordinates": [-79.34794619499996, 36.60368389400003]}, "properties": {"facility_id": "hifld_ss_146728", "facility_name": "EAST DANVILLE", "year": 2026, "type": "substation", "geoid": 51143, "lines": 8.0, "max_voltage": 230.0, "source_id": "146728", "status": "IN SERVICE"}}, {"type": "Feature", "geometry": {"type": "Point", "coordinates": [-77.28851676099998, 38.723786053000026]}, "properties": {"facility_id": "hifld_ss_146768", "facility_name": "OX", "year": 2026, "type": "substation", "geoid": 51059, "lines": 9.0, "max_voltage": 500.0, "source_id": "146768", "status": "IN SERVICE"}}, {"type": "Feature", "geometry": {"type": "Point", "coordinates": [-77.30372449799995, 38.931664831000035]}, "properties": {"facility_id": "hifld_ss_146769", "facility_name": "CLARK", "year": 2026, "type": "substation", "geoid": 51059, "lines": 2.0, "max_voltage": 230.0, "source_id": "146769", "status": "IN SERVICE"}}, {"type": "Feature", "geometry": {"type": "Point", "coordinates": [-77.30230777199995, 38.641571113000055]}, "properties": {"facility_id": "hifld_ss_146770", "facility_name": "NOVEC SMOKETOWN", "year": 2026, "type": "substation", "geoid": 51153, "lines": 4.0, "max_voltage": 230.0, "source_id": "146770", "status": "IN SERVICE"}}, {"type": "Feature", "geometry": {"type": "Point", "coordinates": [-77.30593510199998, 38.58730618300007]}, "properties": {"facility_id": "hifld_ss_146771", "facility_name": "DUMFRIES", "year": 2026, "type": "substation", "geoid": 51153, "lines": 1.0, "max_voltage": 230.0, "source_id": "146771", "status": "IN SERVICE"}}, {"type": "Feature", "geometry": {"type": "Point", "coordinates": [-77.31904236299994, 38.60890217100007]}, "properties": {"facility_id": "hifld_ss_146772", "facility_name": "NOVEC COUNTRY CLUB", "year": 2026, "type": "substation", "geoid": 51153, "lines": 2.0, "max_voltage": 115.0, "source_id": "146772", "status": "IN SERVICE"}}, {"type": "Feature", "geometry": {"type": "Point", "coordinates": [-77.31050120899994, 38.62708117400007]}, "properties": {"facility_id": "hifld_ss_146773", "facility_name": "NOVEC GARBAR", "year": 2026, "type": "substation", "geoid": 51153, "lines": 1.0, "max_voltage": 115.0, "source_id": "146773", "status": "IN SERVICE"}}, {"type": "Feature", "geometry": {"type": "Point", "coordinates": [-77.39880676299998, 38.78120873100005]}, "properties": {"facility_id": "hifld_ss_146774", "facility_name": "CLIFTON", "year": 2026, "type": "substation", "geoid": 51059, "lines": 7.0, "max_voltage": 500.0, "source_id": "146774", "status": "IN SERVICE"}}, {"type": "Feature", "geometry": {"type": "Point", "coordinates": [-77.46574692099995, 38.832033437000064]}, "properties": {"facility_id": "hifld_ss_146775", "facility_name": "JOHNSON DP", "year": 2026, "type": "substation", "geoid": 51059, "lines": 1.0, "max_voltage": 230.0, "source_id": "146775", "status": "IN SERVICE"}}, {"type": "Feature", "geometry": {"type": "Point", "coordinates": [-77.44486688299997, 38.81793186900006]}, "properties": {"facility_id": "hifld_ss_146776", "facility_name": "BULL RUN", "year": 2026, "type": "substation", "geoid": 51059, "lines": 6.0, "max_voltage": 230.0, "source_id": "146776", "status": "IN SERVICE"}}, {"type": "Feature", "geometry": {"type": "Point", "coordinates": [-77.45771849899995, 38.75276318900006]}, "properties": {"facility_id": "hifld_ss_146777", "facility_name": "BATTERY HEIGHTS DP", "year": 2026, "type": "substation", "geoid": 51683, "lines": 2.0, "max_voltage": 230.0, "source_id": "146777", "status": "IN SERVICE"}}, {"type": "Feature", "geometry": {"type": "Point", "coordinates": [-77.34561860999997, 38.952913591000026]}, "properties": {"facility_id": "hifld_ss_146778", "facility_name": "RESTON", "year": 2026, "type": "substation", "geoid": 51059, "lines": 7.0, "max_voltage": 230.0, "source_id": "146778", "status": "IN SERVICE"}}, {"type": "Feature", "geometry": {"type": "Point", "coordinates": [-77.32836392899998, 38.94811967100003]}, "properties": {"facility_id": "hifld_ss_146779", "facility_name": "HUNTER", "year": 2026, "type": "substation", "geoid": 51059, "lines": 0.0, "source_id": "146779", "status": "IN SERVICE"}}, {"type": "Feature", "geometry": {"type": "Point", "coordinates": [-77.43175954499998, 38.94537623400004]}, "properties": {"facility_id": "hifld_ss_146780", "facility_name": "DULLES", "year": 2026, "type": "substation", "geoid": 51059, "lines": 2.0, "max_voltage": 230.0, "source_id": "146780", "status": "IN SERVICE"}}, {"type": "Feature", "geometry": {"type": "Point", "coordinates": [-77.42839290499995, 38.91977204400007]}, "properties": {"facility_id": "hifld_ss_146781", "facility_name": "SULLY", "year": 2026, "type": "substation", "geoid": 51059, "lines": 2.0, "max_voltage": 230.0, "source_id": "146781", "status": "IN SERVICE"}}, {"type": "Feature", "geometry": {"type": "Point", "coordinates": [-77.41158522599994, 38.89365580400005]}, "properties": {"facility_id": "hifld_ss_146782", "facility_name": "WALNEY", "year": 2026, "type": "substation", "geoid": 51059, "lines": 2.0, "max_voltage": 230.0, "source_id": "146782", "status": "IN SERVICE"}}, {"type": "Feature", "geometry": {"type": "Point", "coordinates": [-77.42076953899993, 38.994681135000064]}, "properties": {"facility_id": "hifld_ss_146783", "facility_name": "STERLING PARK", "year": 2026, "type": "substation", "geoid": 51107, "lines": 2.0, "max_voltage": 230.0, "source_id": "146783", "status": "IN SERVICE"}}, {"type": "Feature", "geometry": {"type": "Point", "coordinates": [-77.45640089699998, 39.026158430000066]}, "properties": {"facility_id": "hifld_ss_146784", "facility_name": "BEAUMEADE", "year": 2026, "type": "substation", "geoid": 51107, "lines": 7.0, "max_voltage": 230.0, "source_id": "146784", "status": "IN SERVICE"}}, {"type": "Feature", "geometry": {"type": "Point", "coordinates": [-77.43713271499996, 39.02455766700007]}, "properties": {"facility_id": "hifld_ss_146785", "facility_name": "BECO", "year": 2026, "type": "substation", "geoid": 51107, "lines": 3.0, "max_voltage": 230.0, "source_id": "146785", "status": "IN SERVICE"}}, {"type": "Feature", "geometry": {"type": "Point", "coordinates": [-77.36155865399996, 38.97939787700005]}, "properties": {"facility_id": "hifld_ss_146786", "facility_name": "DRANESVILLE", "year": 2026, "type": "substation", "geoid": 51059, "lines": 2.0, "max_voltage": 230.0, "source_id": "146786", "status": "IN SERVICE"}}, {"type": "Feature", "geometry": {"type": "Point", "coordinates": [-77.29637919399994, 38.79823070300006]}, "properties": {"facility_id": "hifld_ss_146787", "facility_name": "SIDEBURN", "year": 2026, "type": "substation", "geoid": 51059, "lines": 1.0, "max_voltage": 230.0, "source_id": "146787", "status": "IN SERVICE"}}, {"type": "Feature", "geometry": {"type": "Point", "coordinates": [-77.38663865999996, 38.81119854900004]}, "properties": {"facility_id": "hifld_ss_146790", "facility_name": "UNKNOWN146790", "year": 2026, "type": "substation", "geoid": 51059, "lines": 0.0, "source_id": "146790", "status": "IN SERVICE"}}, {"type": "Feature", "geometry": {"type": "Point", "coordinates": [-77.37907566999996, 38.966076670000064]}, "properties": {"facility_id": "hifld_ss_146791", "facility_name": "HEMDON", "year": 2026, "type": "substation", "geoid": 51059, "lines": 0.0, "source_id": "146791", "status": "IN SERVICE"}}, {"type": "Feature", "geometry": {"type": "Point", "coordinates": [-77.27127031499998, 38.90718245700003]}, "properties": {"facility_id": "hifld_ss_146796", "facility_name": "CLARK", "year": 2026, "type": "substation", "geoid": 51059, "lines": 3.0, "max_voltage": 230.0, "source_id": "146796", "status": "IN SERVICE"}}, {"type": "Feature", "geometry": {"type": "Point", "coordinates": [-77.29486848599998, 38.69243137800004]}, "properties": {"facility_id": "hifld_ss_146797", "facility_name": "LAKERIDGE", "year": 2026, "type": "substation", "geoid": 51153, "lines": 4.0, "max_voltage": 230.0, "source_id": "146797", "status": "IN SERVICE"}}, {"type": "Feature", "geometry": {"type": "Point", "coordinates": [-77.28250909699995, 38.65474501700004]}, "properties": {"facility_id": "hifld_ss_146798", "facility_name": "WOODBRIDGE", "year": 2026, "type": "substation", "geoid": 51153, "lines": 4.0, "max_voltage": 230.0, "source_id": "146798", "status": "IN SERVICE"}}, {"type": "Feature", "geometry": {"type": "Point", "coordinates": [-77.34834909999995, 38.65266973000007]}, "properties": {"facility_id": "hifld_ss_146799", "facility_name": "LINDENDALE D.P.", "year": 2026, "type": "substation", "geoid": 51153, "lines": 2.0, "max_voltage": 115.0, "source_id": "146799", "status": "IN SERVICE"}}, {"type": "Feature", "geometry": {"type": "Point", "coordinates": [-77.46074686699995, 38.63250082400003]}, "properties": {"facility_id": "hifld_ss_146800", "facility_name": "INDEPENDENT HILL D.P.", "year": 2026, "type": "substation", "geoid": 51153, "lines": 2.0, "max_voltage": 115.0, "source_id": "146800", "status": "IN SERVICE"}}, {"type": "Feature", "geometry": {"type": "Point", "coordinates": [-77.46050049199994, 39.02340638500005]}, "properties": {"facility_id": "hifld_ss_146801", "facility_name": "NIVO", "year": 2026, "type": "substation", "geoid": 51107, "lines": 2.0, "source_id": "146801", "status": "IN SERVICE"}}, {"type": "Feature", "geometry": {"type": "Point", "coordinates": [-78.92984966599994, 36.74305067600005]}, "properties": {"facility_id": "hifld_ss_146903", "facility_name": "SINAI", "year": 2026, "type": "substation", "geoid": 51083, "lines": 2.0, "max_voltage": 115.0, "source_id": "146903", "status": "IN SERVICE"}}, {"type": "Feature", "geometry": {"type": "Point", "coordinates": [-78.92382081699998, 36.78069287100004]}, "properties": {"facility_id": "hifld_ss_146904", "facility_name": "HALIFAX", "year": 2026, "type": "substation", "geoid": 51083, "lines": 6.0, "max_voltage": 230.0, "source_id": "146904", "status": "IN SERVICE"}}, {"type": "Feature", "geometry": {"type": "Point", "coordinates": [-78.91301086999994, 36.70029514600003]}, "properties": {"facility_id": "hifld_ss_146905", "facility_name": "SOUTH BOSTON", "year": 2026, "type": "substation", "geoid": 51083, "lines": 2.0, "max_voltage": 115.0, "source_id": "146905", "status": "IN SERVICE"}}, {"type": "Feature", "geometry": {"type": "Point", "coordinates": [-78.87641442299997, 36.697712986000056]}, "properties": {"facility_id": "hifld_ss_146906", "facility_name": "REEDY CREEK", "year": 2026, "type": "substation", "geoid": 51083, "lines": 3.0, "max_voltage": 115.0, "source_id": "146906", "status": "IN SERVICE"}}, {"type": "Feature", "geometry": {"type": "Point", "coordinates": [-78.92009335099993, 36.67196559100006]}, "properties": {"facility_id": "hifld_ss_146907", "facility_name": "WELCO", "year": 2026, "type": "substation", "geoid": 51083, "lines": 1.0, "max_voltage": 115.0, "source_id": "146907", "status": "IN SERVICE"}}, {"type": "Feature", "geometry": {"type": "Point", "coordinates": [-78.91198682599997, 37.51112949600008]}, "properties": {"facility_id": "hifld_ss_146908", "facility_name": "RIVERVILLE", "year": 2026, "type": "substation", "geoid": 51009, "lines": 1.0, "max_voltage": 138.0, "source_id": "146908", "status": "IN SERVICE"}}, {"type": "Feature", "geometry": {"type": "Point", "coordinates": [-78.88228050099997, 38.411324156000035]}, "properties": {"facility_id": "hifld_ss_146909", "facility_name": "HARRISONBURG", "year": 2026, "type": "substation", "geoid": 51165, "lines": 10.0, "max_voltage": 230.0, "source_id": "146909", "status": "IN SERVICE"}}, {"type": "Feature", "geometry": {"type": "Point", "coordinates": [-78.92815214699993, 38.40984016500005]}, "properties": {"facility_id": "hifld_ss_146910", "facility_name": "DAYTON", "year": 2026, "type": "substation", "geoid": 51165, "lines": 2.0, "max_voltage": 230.0, "source_id": "146910", "status": "IN SERVICE"}}, {"type": "Feature", "geometry": {"type": "Point", "coordinates": [-78.90590834899996, 38.28289370600004]}, "properties": {"facility_id": "hifld_ss_146911", "facility_name": "WEYERS CAVE", "year": 2026, "type": "substation", "geoid": 51015, "lines": 2.0, "max_voltage": 115.0, "source_id": "146911", "status": "IN SERVICE"}}, {"type": "Feature", "geometry": {"type": "Point", "coordinates": [-78.88548044999999, 38.381443793000074]}, "properties": {"facility_id": "hifld_ss_146912", "facility_name": "PEACH GROVE D.P.", "year": 2026, "type": "substation", "geoid": 51165, "lines": 1.0, "max_voltage": 115.0, "source_id": "146912", "status": "IN SERVICE"}}, {"type": "Feature", "geometry": {"type": "Point", "coordinates": [-78.89656326599999, 38.347596742000064]}, "properties": {"facility_id": "hifld_ss_146913", "facility_name": "NORTH RIVER D.P.", "year": 2026, "type": "substation", "geoid": 51165, "lines": 2.0, "max_voltage": 115.0, "source_id": "146913", "status": "IN SERVICE"}}, {"type": "Feature", "geometry": {"type": "Point", "coordinates": [-78.93911152099997, 36.84097012500007]}, "properties": {"facility_id": "hifld_ss_146923", "facility_name": "TAP146923", "year": 2026, "type": "substation", "geoid": 51083, "lines": 3.0, "max_voltage": 115.0, "source_id": "146923", "status": "IN SERVICE"}}, {"type": "Feature", "geometry": {"type": "Point", "coordinates": [-78.93524943999995, 36.82526647700007]}, "properties": {"facility_id": "hifld_ss_146924", "facility_name": "TAP146924", "year": 2026, "type": "substation", "geoid": 51083, "lines": 3.0, "max_voltage": 115.0, "source_id": "146924", "status": "IN SERVICE"}}, {"type": "Feature", "geometry": {"type": "Point", "coordinates": [-78.87994886299998, 38.06026196800008]}, "properties": {"facility_id": "hifld_ss_146946", "facility_name": "WAYNESBORO", "year": 2026, "type": "substation", "geoid": 51820, "lines": 2.0, "max_voltage": 115.0, "source_id": "146946", "status": "IN SERVICE"}}, {"type": "Feature", "geometry": {"type": "Point", "coordinates": [-78.88086204099994, 38.06119229700005]}, "properties": {"facility_id": "hifld_ss_146947", "facility_name": "DUPONT WAYNESBORO", "year": 2026, "type": "substation", "geoid": 51820, "lines": 4.0, "max_voltage": 115.0, "source_id": "146947", "status": "IN SERVICE"}}, {"type": "Feature", "geometry": {"type": "Point", "coordinates": [-79.57128067799994, 37.13219084000008]}, "properties": {"facility_id": "hifld_ss_146985", "facility_name": "ROCKCASTLE", "year": 2026, "type": "substation", "geoid": 51019, "lines": 4.0, "max_voltage": 138.0, "source_id": "146985", "status": "IN SERVICE"}}, {"type": "Feature", "geometry": {"type": "Point", "coordinates": [-79.70719375599998, 36.63514933600004]}, "properties": {"facility_id": "hifld_ss_146986", "facility_name": "AXTON", "year": 2026, "type": "substation", "geoid": 51089, "lines": 4.0, "source_id": "146986", "status": "IN SERVICE"}}, {"type": "Feature", "geometry": {"type": "Point", "coordinates": [-79.61653232199996, 36.97884840700005]}, "properties": {"facility_id": "hifld_ss_146987", "facility_name": "PENHOOK", "year": 2026, "type": "substation", "geoid": 51067, "lines": 2.0, "max_voltage": 138.0, "source_id": "146987", "status": "IN SERVICE"}}, {"type": "Feature", "geometry": {"type": "Point", "coordinates": [-79.61744947099999, 37.19526387800005]}, "properties": {"facility_id": "hifld_ss_146988", "facility_name": "MONETA", "year": 2026, "type": "substation", "geoid": 51019, "lines": 2.0, "max_voltage": 138.0, "source_id": "146988", "status": "IN SERVICE"}}, {"type": "Feature", "geometry": {"type": "Point", "coordinates": [-79.56578352599996, 37.35232938800005]}, "properties": {"facility_id": "hifld_ss_146989", "facility_name": "MOSELEY", "year": 2026, "type": "substation", "geoid": 51019, "lines": 3.0, "max_voltage": 138.0, "source_id": "146989", "status": "IN SERVICE"}}, {"type": "Feature", "geometry": {"type": "Point", "coordinates": [-79.54347990699995, 37.751277867000056]}, "properties": {"facility_id": "hifld_ss_146997", "facility_name": "TAP146997", "year": 2026, "type": "substation", "geoid": 51163, "lines": 3.0, "max_voltage": 115.0, "source_id": "146997", "status": "IN SERVICE"}}, {"type": "Feature", "geometry": {"type": "Point", "coordinates": [-79.66961530599997, 36.54597466000007]}, "properties": {"facility_id": "hifld_ss_146998", "facility_name": "TAP146998", "year": 2026, "type": "substation", "geoid": 51143, "lines": 3.0, "source_id": "146998", "status": "IN SERVICE"}}, {"type": "Feature", "geometry": {"type": "Point", "coordinates": [-79.70477890099994, 36.63455030700004]}, "properties": {"facility_id": "hifld_ss_147028", "facility_name": "AXTON", "year": 2026, "type": "substation", "geoid": 51089, "lines": 1.0, "max_voltage": 765.0, "source_id": "147028", "status": "IN SERVICE"}}, {"type": "Feature", "geometry": {"type": "Point", "coordinates": [-76.29298898699994, 36.76572165500005]}, "properties": {"facility_id": "hifld_ss_147030", "facility_name": "TAP147030", "year": 2026, "type": "substation", "geoid": 51550, "lines": 3.0, "max_voltage": 115.0, "source_id": "147030", "status": "IN SERVICE"}}, {"type": "Feature", "geometry": {"type": "Point", "coordinates": [-76.13204571799997, 36.899849878000055]}, "properties": {"facility_id": "hifld_ss_147031", "facility_name": "TAP147031", "year": 2026, "type": "substation", "geoid": 51810, "lines": 3.0, "max_voltage": 115.0, "source_id": "147031", "status": "IN SERVICE"}}, {"type": "Feature", "geometry": {"type": "Point", "coordinates": [-76.62220274999999, 36.72468114900005]}, "properties": {"facility_id": "hifld_ss_147032", "facility_name": "OAK RIDGE", "year": 2026, "type": "substation", "geoid": 51800, "lines": 3.0, "max_voltage": 230.0, "source_id": "147032", "status": "IN SERVICE"}}, {"type": "Feature", "geometry": {"type": "Point", "coordinates": [-76.60233969099994, 36.78430359700008]}, "properties": {"facility_id": "hifld_ss_147033", "facility_name": "KINGS FORK", "year": 2026, "type": "substation", "geoid": 51800, "lines": 3.0, "max_voltage": 230.0, "source_id": "147033", "status": "IN SERVICE"}}, {"type": "Feature", "geometry": {"type": "Point", "coordinates": [-76.58636097899995, 36.895704384000055]}, "properties": {"facility_id": "hifld_ss_147034", "facility_name": "CHUCKATUCK", "year": 2026, "type": "substation", "geoid": 51093, "lines": 3.0, "max_voltage": 230.0, "source_id": "147034", "status": "IN SERVICE"}}, {"type": "Feature", "geometry": {"type": "Point", "coordinates": [-76.52505958599994, 36.883442726000055]}, "properties": {"facility_id": "hifld_ss_147035", "facility_name": "CRITTENDEN", "year": 2026, "type": "substation", "geoid": 51800, "lines": 1.0, "max_voltage": 230.0, "source_id": "147035", "status": "IN SERVICE"}}, {"type": "Feature", "geometry": {"type": "Point", "coordinates": [-76.58046886899996, 36.71032210000004]}, "properties": {"facility_id": "hifld_ss_147036", "facility_name": "SUFFOLK", "year": 2026, "type": "substation", "geoid": 51800, "lines": 10.0, "max_voltage": 500.0, "source_id": "147036", "status": "IN SERVICE"}}, {"type": "Feature", "geometry": {"type": "Point", "coordinates": [-76.35471475799994, 36.76297904100005]}, "properties": {"facility_id": "hifld_ss_147037", "facility_name": "YADKIN", "year": 2026, "type": "substation", "geoid": 51550, "lines": 13.0, "max_voltage": 500.0, "source_id": "147037", "status": "IN SERVICE"}}, {"type": "Feature", "geometry": {"type": "Point", "coordinates": [-76.37693634599998, 36.87106756500003]}, "properties": {"facility_id": "hifld_ss_147038", "facility_name": "CHURCHLAND", "year": 2026, "type": "substation", "geoid": 51740, "lines": 6.0, "max_voltage": 230.0, "source_id": "147038", "status": "IN SERVICE"}}, {"type": "Feature", "geometry": {"type": "Point", "coordinates": [-76.19002866699998, 36.69045415700003]}, "properties": {"facility_id": "hifld_ss_147039", "facility_name": "FENTRESS", "year": 2026, "type": "substation", "geoid": 51550, "lines": 7.0, "max_voltage": 500.0, "source_id": "147039", "status": "IN SERVICE"}}, {"type": "Feature", "geometry": {"type": "Point", "coordinates": [-76.23691794299998, 36.64364792300006]}, "properties": {"facility_id": "hifld_ss_147040", "facility_name": "HICKORY", "year": 2026, "type": "substation", "geoid": 51550, "lines": 3.0, "max_voltage": 230.0, "source_id": "147040", "status": "IN SERVICE"}}, {"type": "Feature", "geometry": {"type": "Point", "coordinates": [-76.34346027899994, 36.76429758400008]}, "properties": {"facility_id": "hifld_ss_147041", "facility_name": "DEEP CREEK", "year": 2026, "type": "substation", "geoid": 51550, "lines": 2.0, "max_voltage": 115.0, "source_id": "147041", "status": "IN SERVICE"}}, {"type": "Feature", "geometry": {"type": "Point", "coordinates": [-76.30347599999999, 36.77100000100006]}, "properties": {"facility_id": "hifld_ss_147042", "facility_name": "CHESAPEAKE ENERGY CENTER", "year": 2026, "type": "substation", "geoid": 51550, "lines": 10.0, "max_voltage": 230.0, "source_id": "147042", "status": "IN SERVICE"}}, {"type": "Feature", "geometry": {"type": "Point", "coordinates": [-76.31207237899997, 36.794827018000035]}, "properties": {"facility_id": "hifld_ss_147043", "facility_name": "GOSPORT", "year": 2026, "type": "substation", "geoid": 51550, "lines": 3.0, "max_voltage": 115.0, "source_id": "147043", "status": "IN SERVICE"}}, {"type": "Feature", "geometry": {"type": "Point", "coordinates": [-76.35373283299998, 36.87016777900004]}, "properties": {"facility_id": "hifld_ss_147044", "facility_name": "LAKE KINGMAN", "year": 2026, "type": "substation", "geoid": 51740, "lines": 2.0, "max_voltage": 230.0, "source_id": "147044", "status": "IN SERVICE"}}, {"type": "Feature", "geometry": {"type": "Point", "coordinates": [-76.34499394199997, 36.89411041100004]}, "properties": {"facility_id": "hifld_ss_147045", "facility_name": "CRANEY ISLAND", "year": 2026, "type": "substation", "geoid": 51740, "lines": 2.0, "max_voltage": 230.0, "source_id": "147045", "status": "IN SERVICE"}}, {"type": "Feature", "geometry": {"type": "Point", "coordinates": [-76.27318095399994, 36.84204058500006]}, "properties": {"facility_id": "hifld_ss_147046", "facility_name": "REEVES AVE", "year": 2026, "type": "substation", "geoid": 51710, "lines": 7.0, "max_voltage": 230.0, "source_id": "147046", "status": "IN SERVICE"}}, {"type": "Feature", "geometry": {"type": "Point", "coordinates": [-76.24852727899997, 36.86389966200005]}, "properties": {"facility_id": "hifld_ss_147047", "facility_name": "INDUSTRIAL PARK", "year": 2026, "type": "substation", "geoid": 51710, "lines": 4.0, "max_voltage": 230.0, "source_id": "147047", "status": "IN SERVICE"}}, {"type": "Feature", "geometry": {"type": "Point", "coordinates": [-76.17497997399994, 36.84176561800007]}, "properties": {"facility_id": "hifld_ss_147048", "facility_name": "GREENWICH", "year": 2026, "type": "substation", "geoid": 51810, "lines": 9.0, "max_voltage": 230.0, "source_id": "147048", "status": "IN SERVICE"}}, {"type": "Feature", "geometry": {"type": "Point", "coordinates": [-76.13444538599998, 36.83951015700006]}, "properties": {"facility_id": "hifld_ss_147049", "facility_name": "THALIA", "year": 2026, "type": "substation", "geoid": 51810, "lines": 2.0, "max_voltage": 230.0, "source_id": "147049", "status": "IN SERVICE"}}, {"type": "Feature", "geometry": {"type": "Point", "coordinates": [-76.10728467099995, 36.79792286500003]}, "properties": {"facility_id": "hifld_ss_147050", "facility_name": "GREEN RUN", "year": 2026, "type": "substation", "geoid": 51810, "lines": 2.0, "max_voltage": 230.0, "source_id": "147050", "status": "IN SERVICE"}}, {"type": "Feature", "geometry": {"type": "Point", "coordinates": [-76.07525627299998, 36.83837512900004]}, "properties": {"facility_id": "hifld_ss_147051", "facility_name": "LYNNHAVEN", "year": 2026, "type": "substation", "geoid": 51810, "lines": 4.0, "max_voltage": 230.0, "source_id": "147051", "status": "IN SERVICE"}}, {"type": "Feature", "geometry": {"type": "Point", "coordinates": [-76.01968104099996, 36.771956114000034]}, "properties": {"facility_id": "hifld_ss_147052", "facility_name": "LONDON BRIDGE", "year": 2026, "type": "substation", "geoid": 51810, "lines": 1.0, "max_voltage": 230.0, "source_id": "147052", "status": "IN SERVICE"}}, {"type": "Feature", "geometry": {"type": "Point", "coordinates": [-75.99842104199996, 36.79038605100004]}, "properties": {"facility_id": "hifld_ss_147053", "facility_name": "PENDLETON", "year": 2026, "type": "substation", "geoid": 51810, "lines": 2.0, "max_voltage": 230.0, "source_id": "147053", "status": "IN SERVICE"}}, {"type": "Feature", "geometry": {"type": "Point", "coordinates": [-76.25806708199997, 36.90006169100008]}, "properties": {"facility_id": "hifld_ss_147054", "facility_name": "THOLE STREET", "year": 2026, "type": "substation", "geoid": 51710, "lines": 4.0, "source_id": "147054", "status": "IN SERVICE"}}, {"type": "Feature", "geometry": {"type": "Point", "coordinates": [-76.23733450099996, 36.90978868000008]}, "properties": {"facility_id": "hifld_ss_147055", "facility_name": "OAKWOOD", "year": 2026, "type": "substation", "geoid": 51710, "lines": 4.0, "source_id": "147055", "status": "IN SERVICE"}}, {"type": "Feature", "geometry": {"type": "Point", "coordinates": [-76.32257378999998, 36.90582665100004]}, "properties": {"facility_id": "hifld_ss_147056", "facility_name": "TANNERS POINT", "year": 2026, "type": "substation", "geoid": 51710, "lines": 2.0, "source_id": "147056", "status": "IN SERVICE"}}, {"type": "Feature", "geometry": {"type": "Point", "coordinates": [-76.29850469299998, 36.87418604100003]}, "properties": {"facility_id": "hifld_ss_147057", "facility_name": "MCLAUGHLIN", "year": 2026, "type": "substation", "geoid": 51710, "lines": 1.0, "source_id": "147057", "status": "IN SERVICE"}}, {"type": "Feature", "geometry": {"type": "Point", "coordinates": [-76.52534483699998, 36.88265899000004]}, "properties": {"facility_id": "hifld_ss_147063", "facility_name": "TAP147063", "year": 2026, "type": "substation", "geoid": 51800, "lines": 3.0, "max_voltage": 230.0, "source_id": "147063", "status": "IN SERVICE"}}, {"type": "Feature", "geometry": {"type": "Point", "coordinates": [-76.39761308999994, 36.79435366000007]}, "properties": {"facility_id": "hifld_ss_147064", "facility_name": "TAP147064", "year": 2026, "type": "substation", "geoid": 51550, "lines": 3.0, "source_id": "147064", "status": "IN SERVICE"}}, {"type": "Feature", "geometry": {"type": "Point", "coordinates": [-76.41991747499998, 36.82866608400008]}, "properties": {"facility_id": "hifld_ss_147065", "facility_name": "TAP147065", "year": 2026, "type": "substation", "geoid": 51550, "lines": 3.0, "source_id": "147065", "status": "IN SERVICE"}}, {"type": "Feature", "geometry": {"type": "Point", "coordinates": [-76.34375906099996, 36.764203837000025]}, "properties": {"facility_id": "hifld_ss_147066", "facility_name": "TAP147066", "year": 2026, "type": "substation", "geoid": 51550, "lines": 3.0, "max_voltage": 115.0, "source_id": "147066", "status": "IN SERVICE"}}, {"type": "Feature", "geometry": {"type": "Point", "coordinates": [-76.34380505199994, 36.76436982800004]}, "properties": {"facility_id": "hifld_ss_147067", "facility_name": "TAP147067", "year": 2026, "type": "substation", "geoid": 51550, "lines": 3.0, "max_voltage": 115.0, "source_id": "147067", "status": "IN SERVICE"}}, {"type": "Feature", "geometry": {"type": "Point", "coordinates": [-76.25274498399995, 36.791129185000045]}, "properties": {"facility_id": "hifld_ss_147070", "facility_name": "TAP147070", "year": 2026, "type": "substation", "geoid": 51550, "lines": 3.0, "max_voltage": 115.0, "source_id": "147070", "status": "IN SERVICE"}}, {"type": "Feature", "geometry": {"type": "Point", "coordinates": [-76.01909569299994, 36.77110902600003]}, "properties": {"facility_id": "hifld_ss_147075", "facility_name": "TAP147075", "year": 2026, "type": "substation", "geoid": 51810, "lines": 3.0, "max_voltage": 230.0, "source_id": "147075", "status": "IN SERVICE"}}, {"type": "Feature", "geometry": {"type": "Point", "coordinates": [-76.18193246099997, 36.90409185400006]}, "properties": {"facility_id": "hifld_ss_147076", "facility_name": "TAP147076", "year": 2026, "type": "substation", "geoid": 51810, "lines": 3.0, "max_voltage": 115.0, "source_id": "147076", "status": "IN SERVICE"}}, {"type": "Feature", "geometry": {"type": "Point", "coordinates": [-76.07079348999997, 36.90993144700008]}, "properties": {"facility_id": "hifld_ss_147077", "facility_name": "TAP147077", "year": 2026, "type": "substation", "geoid": 51810, "lines": 3.0, "max_voltage": 115.0, "source_id": "147077", "status": "IN SERVICE"}}, {"type": "Feature", "geometry": {"type": "Point", "coordinates": [-76.30524925099996, 36.767566739000074]}, "properties": {"facility_id": "hifld_ss_147078", "facility_name": "TAP147078", "year": 2026, "type": "substation", "geoid": 51550, "lines": 3.0, "max_voltage": 115.0, "source_id": "147078", "status": "IN SERVICE"}}, {"type": "Feature", "geometry": {"type": "Point", "coordinates": [-76.30577720999997, 36.76610535900005]}, "properties": {"facility_id": "hifld_ss_147080", "facility_name": "TAP147080", "year": 2026, "type": "substation", "geoid": 51550, "lines": 2.0, "max_voltage": 230.0, "source_id": "147080", "status": "NOT AVAILABLE"}}, {"type": "Feature", "geometry": {"type": "Point", "coordinates": [-76.08418902799997, 36.77825959400008]}, "properties": {"facility_id": "hifld_ss_147081", "facility_name": "TAP147081", "year": 2026, "type": "substation", "geoid": 51810, "lines": 3.0, "max_voltage": 230.0, "source_id": "147081", "status": "IN SERVICE"}}, {"type": "Feature", "geometry": {"type": "Point", "coordinates": [-76.19386056099995, 36.81288997400003]}, "properties": {"facility_id": "hifld_ss_147083", "facility_name": "UNKNOWN147083", "year": 2026, "type": "substation", "geoid": 51810, "lines": 1.0, "max_voltage": 115.0, "source_id": "147083", "status": "IN SERVICE"}}, {"type": "Feature", "geometry": {"type": "Point", "coordinates": [-76.02442576599998, 36.80839524000004]}, "properties": {"facility_id": "hifld_ss_147084", "facility_name": "UNKNOWN147084", "year": 2026, "type": "substation", "geoid": 51810, "lines": 0.0, "source_id": "147084", "status": "IN SERVICE"}}, {"type": "Feature", "geometry": {"type": "Point", "coordinates": [-76.00617984299998, 36.80003350100003]}, "properties": {"facility_id": "hifld_ss_147085", "facility_name": "UNKNOWN147085", "year": 2026, "type": "substation", "geoid": 51810, "lines": 0.0, "source_id": "147085", "status": "IN SERVICE"}}, {"type": "Feature", "geometry": {"type": "Point", "coordinates": [-76.30091073399996, 36.93986510700006]}, "properties": {"facility_id": "hifld_ss_147086", "facility_name": "UNKNOWN147086", "year": 2026, "type": "substation", "geoid": 51710, "lines": 0.0, "source_id": "147086", "status": "IN SERVICE"}}, {"type": "Feature", "geometry": {"type": "Point", "coordinates": [-76.25358212399993, 36.875225226000055]}, "properties": {"facility_id": "hifld_ss_147087", "facility_name": "UNKNOWN147087", "year": 2026, "type": "substation", "geoid": 51710, "lines": 0.0, "source_id": "147087", "status": "NOT AVAILABLE"}}, {"type": "Feature", "geometry": {"type": "Point", "coordinates": [-76.18336999799999, 36.88616883900005]}, "properties": {"facility_id": "hifld_ss_147088", "facility_name": "DIAMOND SPRINGS", "year": 2026, "type": "substation", "geoid": 51810, "lines": 1.0, "source_id": "147088", "status": "IN SERVICE"}}, {"type": "Feature", "geometry": {"type": "Point", "coordinates": [-76.13020069699996, 36.913213830000075]}, "properties": {"facility_id": "hifld_ss_147089", "facility_name": "UNKNOWN147089", "year": 2026, "type": "substation", "geoid": 51810, "lines": 0.0, "source_id": "147089", "status": "IN SERVICE"}}, {"type": "Feature", "geometry": {"type": "Point", "coordinates": [-76.00154705599994, 36.82147138700003]}, "properties": {"facility_id": "hifld_ss_147090", "facility_name": "UNKNOWN147090", "year": 2026, "type": "substation", "geoid": 51810, "lines": 0.0, "source_id": "147090", "status": "IN SERVICE"}}, {"type": "Feature", "geometry": {"type": "Point", "coordinates": [-75.97650656299999, 36.84570528700005]}, "properties": {"facility_id": "hifld_ss_147091", "facility_name": "UNKNOWN147091", "year": 2026, "type": "substation", "geoid": 51810, "lines": 0.0, "source_id": "147091", "status": "IN SERVICE"}}, {"type": "Feature", "geometry": {"type": "Point", "coordinates": [-76.57584929699993, 36.91301800300005]}, "properties": {"facility_id": "hifld_ss_147092", "facility_name": "BENNS CHURCH", "year": 2026, "type": "substation", "geoid": 51093, "lines": 0.0, "source_id": "147092", "status": "IN SERVICE"}}, {"type": "Feature", "geometry": {"type": "Point", "coordinates": [-76.24016887799996, 36.759262396000054]}, "properties": {"facility_id": "hifld_ss_147097", "facility_name": "THRASHER", "year": 2026, "type": "substation", "geoid": 51550, "lines": 6.0, "max_voltage": 230.0, "source_id": "147097", "status": "IN SERVICE"}}, {"type": "Feature", "geometry": {"type": "Point", "coordinates": [-76.25825674099997, 36.81938786000006]}, "properties": {"facility_id": "hifld_ss_147098", "facility_name": "RURITAN", "year": 2026, "type": "substation", "geoid": 51550, "lines": 2.0, "max_voltage": 230.0, "source_id": "147098", "status": "IN SERVICE"}}, {"type": "Feature", "geometry": {"type": "Point", "coordinates": [-76.09216279999998, 36.77130203000007]}, "properties": {"facility_id": "hifld_ss_147099", "facility_name": "LANDSTOWN", "year": 2026, "type": "substation", "geoid": 51810, "lines": 7.0, "max_voltage": 230.0, "source_id": "147099", "status": "IN SERVICE"}}, {"type": "Feature", "geometry": {"type": "Point", "coordinates": [-76.15755976299994, 36.77946912900006]}, "properties": {"facility_id": "hifld_ss_147100", "facility_name": "STUMPY LAKE", "year": 2026, "type": "substation", "geoid": 51810, "lines": 4.0, "max_voltage": 230.0, "source_id": "147100", "status": "IN SERVICE"}}, {"type": "Feature", "geometry": {"type": "Point", "coordinates": [-76.31858041599997, 36.93102593200007]}, "properties": {"facility_id": "hifld_ss_147101", "facility_name": "SEWELL'S POINT", "year": 2026, "type": "substation", "geoid": 51710, "lines": 4.0, "source_id": "147101", "status": "IN SERVICE"}}, {"type": "Feature", "geometry": {"type": "Point", "coordinates": [-78.60001453199999, 36.809582470000066]}, "properties": {"facility_id": "hifld_ss_147159", "facility_name": "BARNES JUNCTION", "year": 2026, "type": "substation", "geoid": 51037, "lines": 1.0, "max_voltage": 115.0, "source_id": "147159", "status": "IN SERVICE"}}, {"type": "Feature", "geometry": {"type": "Point", "coordinates": [-78.53820329799998, 36.72655024300008]}, "properties": {"facility_id": "hifld_ss_147164", "facility_name": "TAP147164", "year": 2026, "type": "substation", "geoid": 51117, "lines": 3.0, "max_voltage": 115.0, "source_id": "147164", "status": "IN SERVICE"}}, {"type": "Feature", "geometry": {"type": "Point", "coordinates": [-78.56426838399994, 36.62618629000008]}, "properties": {"facility_id": "hifld_ss_147165", "facility_name": "TAP147165", "year": 2026, "type": "substation", "geoid": 51117, "lines": 3.0, "max_voltage": 115.0, "source_id": "147165", "status": "IN SERVICE"}}, {"type": "Feature", "geometry": {"type": "Point", "coordinates": [-78.57151777899998, 36.99508548900008]}, "properties": {"facility_id": "hifld_ss_147166", "facility_name": "TAP147166", "year": 2026, "type": "substation", "geoid": 51037, "lines": 3.0, "max_voltage": 115.0, "source_id": "147166", "status": "IN SERVICE"}}, {"type": "Feature", "geometry": {"type": "Point", "coordinates": [-78.58104243999998, 36.99324022300004]}, "properties": {"facility_id": "hifld_ss_147167", "facility_name": "TAP147167", "year": 2026, "type": "substation", "geoid": 51037, "lines": 3.0, "max_voltage": 115.0, "source_id": "147167", "status": "IN SERVICE"}}, {"type": "Feature", "geometry": {"type": "Point", "coordinates": [-78.58137663899998, 37.016315819000056]}, "properties": {"facility_id": "hifld_ss_147168", "facility_name": "TAP147168", "year": 2026, "type": "substation", "geoid": 51037, "lines": 3.0, "max_voltage": 115.0, "source_id": "147168", "status": "IN SERVICE"}}, {"type": "Feature", "geometry": {"type": "Point", "coordinates": [-78.54568669099996, 36.60094236100008]}, "properties": {"facility_id": "hifld_ss_147169", "facility_name": "TAP147169", "year": 2026, "type": "substation", "geoid": 51117, "lines": 3.0, "max_voltage": 115.0, "source_id": "147169", "status": "IN SERVICE"}}, {"type": "Feature", "geometry": {"type": "Point", "coordinates": [-78.54762532699993, 36.599547604000065]}, "properties": {"facility_id": "hifld_ss_147170", "facility_name": "TAP147170", "year": 2026, "type": "substation", "geoid": 51117, "lines": 3.0, "max_voltage": 115.0, "source_id": "147170", "status": "IN SERVICE"}}, {"type": "Feature", "geometry": {"type": "Point", "coordinates": [-78.59983674099999, 36.81019484600006]}, "properties": {"facility_id": "hifld_ss_147171", "facility_name": "TAP147171", "year": 2026, "type": "substation", "geoid": 51037, "lines": 3.0, "max_voltage": 115.0, "source_id": "147171", "status": "IN SERVICE"}}, {"type": "Feature", "geometry": {"type": "Point", "coordinates": [-78.65527999099999, 37.18665534300004]}, "properties": {"facility_id": "hifld_ss_147193", "facility_name": "TAP147193", "year": 2026, "type": "substation", "geoid": 51037, "lines": 3.0, "max_voltage": 115.0, "source_id": "147193", "status": "IN SERVICE"}}, {"type": "Feature", "geometry": {"type": "Point", "coordinates": [-79.89768418599994, 37.38126233200006]}, "properties": {"facility_id": "hifld_ss_147329", "facility_name": "CLOVERDALE", "year": 2026, "type": "substation", "geoid": 51023, "lines": 13.0, "max_voltage": 345.0, "source_id": "147329", "status": "IN SERVICE"}}, {"type": "Feature", "geometry": {"type": "Point", "coordinates": [-79.96992234499999, 37.36126086500008]}, "properties": {"facility_id": "hifld_ss_147330", "facility_name": "BURLINGTON", "year": 2026, "type": "substation", "geoid": 51161, "lines": 2.0, "max_voltage": 138.0, "source_id": "147330", "status": "IN SERVICE"}}, {"type": "Feature", "geometry": {"type": "Point", "coordinates": [-80.02633097799998, 37.331915449000064]}, "properties": {"facility_id": "hifld_ss_147331", "facility_name": "CATAWBA", "year": 2026, "type": "substation", "geoid": 51161, "lines": 7.0, "max_voltage": 138.0, "source_id": "147331", "status": "IN SERVICE"}}, {"type": "Feature", "geometry": {"type": "Point", "coordinates": [-79.92085909999997, 37.250391310000055]}, "properties": {"facility_id": "hifld_ss_147332", "facility_name": "ROANOKE", "year": 2026, "type": "substation", "geoid": 51770, "lines": 8.0, "max_voltage": 138.0, "source_id": "147332", "status": "IN SERVICE"}}, {"type": "Feature", "geometry": {"type": "Point", "coordinates": [-79.93011713899995, 37.308572592000075]}, "properties": {"facility_id": "hifld_ss_147333", "facility_name": "BENNINGTON", "year": 2026, "type": "substation", "geoid": 51770, "lines": 6.0, "max_voltage": 138.0, "source_id": "147333", "status": "IN SERVICE"}}, {"type": "Feature", "geometry": {"type": "Point", "coordinates": [-79.92794802299994, 37.31602458800006]}, "properties": {"facility_id": "hifld_ss_147334", "facility_name": "HUNTINGTON COURT", "year": 2026, "type": "substation", "geoid": 51770, "lines": 1.0, "source_id": "147334", "status": "IN SERVICE"}}, {"type": "Feature", "geometry": {"type": "Point", "coordinates": [-79.98723539799994, 37.21172207700005]}, "properties": {"facility_id": "hifld_ss_147335", "facility_name": "STARKEY", "year": 2026, "type": "substation", "geoid": 51161, "lines": 2.0, "max_voltage": 138.0, "source_id": "147335", "status": "IN SERVICE"}}, {"type": "Feature", "geometry": {"type": "Point", "coordinates": [-79.95315671599997, 37.21969440000004]}, "properties": {"facility_id": "hifld_ss_147336", "facility_name": "CLEARBROOK", "year": 2026, "type": "substation", "geoid": 51770, "lines": 2.0, "max_voltage": 138.0, "source_id": "147336", "status": "IN SERVICE"}}, {"type": "Feature", "geometry": {"type": "Point", "coordinates": [-79.91481693699996, 36.70585549800006]}, "properties": {"facility_id": "hifld_ss_147337", "facility_name": "FIELDALE", "year": 2026, "type": "substation", "geoid": 51089, "lines": 1.0, "source_id": "147337", "status": "IN SERVICE"}}, {"type": "Feature", "geometry": {"type": "Point", "coordinates": [-80.01751278799998, 36.76979022900008]}, "properties": {"facility_id": "hifld_ss_147338", "facility_name": "WEST BASSETT", "year": 2026, "type": "substation", "geoid": 51089, "lines": 5.0, "max_voltage": 138.0, "source_id": "147338", "status": "IN SERVICE"}}, {"type": "Feature", "geometry": {"type": "Point", "coordinates": [-79.99904598099994, 37.275608067000064]}, "properties": {"facility_id": "hifld_ss_147339", "facility_name": "ROANOKE ELECTRIC STEEL", "year": 2026, "type": "substation", "geoid": 51770, "lines": 2.0, "source_id": "147339", "status": "IN SERVICE"}}, {"type": "Feature", "geometry": {"type": "Point", "coordinates": [-79.92403450599994, 36.92493005600005]}, "properties": {"facility_id": "hifld_ss_147340", "facility_name": "THORNTON", "year": 2026, "type": "substation", "geoid": 51067, "lines": 2.0, "max_voltage": 138.0, "source_id": "147340", "status": "IN SERVICE"}}, {"type": "Feature", "geometry": {"type": "Point", "coordinates": [-79.91829925199994, 36.98346249700006]}, "properties": {"facility_id": "hifld_ss_147341", "facility_name": "FRANKLIN", "year": 2026, "type": "substation", "geoid": 51067, "lines": 3.0, "max_voltage": 138.0, "source_id": "147341", "status": "IN SERVICE"}}, {"type": "Feature", "geometry": {"type": "Point", "coordinates": [-79.89815497299998, 37.00202306600005]}, "properties": {"facility_id": "hifld_ss_147342", "facility_name": "TANK HILL", "year": 2026, "type": "substation", "geoid": 51067, "lines": 1.0, "max_voltage": 138.0, "source_id": "147342", "status": "IN SERVICE"}}, {"type": "Feature", "geometry": {"type": "Point", "coordinates": [-79.93027797399998, 36.82143926600003]}, "properties": {"facility_id": "hifld_ss_147343", "facility_name": "OAK LEVEL", "year": 2026, "type": "substation", "geoid": 51067, "lines": 2.0, "max_voltage": 138.0, "source_id": "147343", "status": "IN SERVICE"}}, {"type": "Feature", "geometry": {"type": "Point", "coordinates": [-80.00804393399994, 37.78013625400007]}, "properties": {"facility_id": "hifld_ss_147344", "facility_name": "FUDGE HOLLOW", "year": 2026, "type": "substation", "geoid": 51005, "lines": 5.0, "max_voltage": 138.0, "source_id": "147344", "status": "IN SERVICE"}}, {"type": "Feature", "geometry": {"type": "Point", "coordinates": [-79.92844743099994, 37.31611973100007]}, "properties": {"facility_id": "hifld_ss_147345", "facility_name": "TAP147345", "year": 2026, "type": "substation", "geoid": 51770, "lines": 3.0, "source_id": "147345", "status": "IN SERVICE"}}, {"type": "Feature", "geometry": {"type": "Point", "coordinates": [-79.91743235199993, 37.34031127000003]}, "properties": {"facility_id": "hifld_ss_147346", "facility_name": "TAP147346", "year": 2026, "type": "substation", "geoid": 51161, "lines": 3.0, "source_id": "147346", "status": "IN SERVICE"}}, {"type": "Feature", "geometry": {"type": "Point", "coordinates": [-79.91511585899997, 36.70564356700004]}, "properties": {"facility_id": "hifld_ss_147347", "facility_name": "TAP147347", "year": 2026, "type": "substation", "geoid": 51089, "lines": 3.0, "source_id": "147347", "status": "IN SERVICE"}}, {"type": "Feature", "geometry": {"type": "Point", "coordinates": [-79.91327704299994, 37.003326713000035]}, "properties": {"facility_id": "hifld_ss_147348", "facility_name": "TAP147348", "year": 2026, "type": "substation", "geoid": 51067, "lines": 3.0, "max_voltage": 138.0, "source_id": "147348", "status": "IN SERVICE"}}, {"type": "Feature", "geometry": {"type": "Point", "coordinates": [-79.96125093199998, 37.768170621000024]}, "properties": {"facility_id": "hifld_ss_147349", "facility_name": "TAP147349", "year": 2026, "type": "substation", "geoid": 51005, "lines": 3.0, "max_voltage": 138.0, "source_id": "147349", "status": "IN SERVICE"}}, {"type": "Feature", "geometry": {"type": "Point", "coordinates": [-79.99378416599995, 37.45948274600005]}, "properties": {"facility_id": "hifld_ss_147350", "facility_name": "UNKNOWN147350", "year": 2026, "type": "substation", "geoid": 51023, "lines": 0.0, "source_id": "147350", "status": "IN SERVICE"}}, {"type": "Feature", "geometry": {"type": "Point", "coordinates": [-79.99894311799994, 37.78702566900006]}, "properties": {"facility_id": "hifld_ss_147351", "facility_name": "UNKNOWN147351", "year": 2026, "type": "substation", "geoid": 51580, "lines": 0.0, "source_id": "147351", "status": "IN SERVICE"}}, {"type": "Feature", "geometry": {"type": "Point", "coordinates": [-79.99843792799999, 37.76155567500007]}, "properties": {"facility_id": "hifld_ss_147352", "facility_name": "UNKNOWN147352", "year": 2026, "type": "substation", "geoid": 51580, "lines": 0.0, "source_id": "147352", "status": "IN SERVICE"}}, {"type": "Feature", "geometry": {"type": "Point", "coordinates": [-79.99262409099998, 37.46116698900005]}, "properties": {"facility_id": "hifld_ss_147355", "facility_name": "UNKNOWN147355", "year": 2026, "type": "substation", "geoid": 51023, "lines": 0.0, "source_id": "147355", "status": "IN SERVICE"}}, {"type": "Feature", "geometry": {"type": "Point", "coordinates": [-79.90058705999996, 37.374471166000035]}, "properties": {"facility_id": "hifld_ss_147356", "facility_name": "CLOVERDALE 765KV", "year": 2026, "type": "substation", "geoid": 51023, "lines": 4.0, "max_voltage": 765.0, "source_id": "147356", "status": "IN SERVICE"}}, {"type": "Feature", "geometry": {"type": "Point", "coordinates": [-79.92031606399996, 37.344526737000024]}, "properties": {"facility_id": "hifld_ss_147357", "facility_name": "INGERSOLL RAND", "year": 2026, "type": "substation", "geoid": 51161, "lines": 1.0, "source_id": "147357", "status": "IN SERVICE"}}, {"type": "Feature", "geometry": {"type": "Point", "coordinates": [-79.93445629099995, 36.70912543900005]}, "properties": {"facility_id": "hifld_ss_147358", "facility_name": "FIELDALE", "year": 2026, "type": "substation", "geoid": 51089, "lines": 11.0, "max_voltage": 138.0, "source_id": "147358", "status": "IN SERVICE"}}, {"type": "Feature", "geometry": {"type": "Point", "coordinates": [-80.74842047799996, 36.758585862000075]}, "properties": {"facility_id": "hifld_ss_147362", "facility_name": "PIPERS GAP", "year": 2026, "type": "substation", "geoid": 51035, "lines": 2.0, "max_voltage": 138.0, "source_id": "147362", "status": "IN SERVICE"}}, {"type": "Feature", "geometry": {"type": "Point", "coordinates": [-80.71930200999998, 36.777301141000066]}, "properties": {"facility_id": "hifld_ss_147363", "facility_name": "HUFFMAN", "year": 2026, "type": "substation", "geoid": 51035, "lines": 3.0, "max_voltage": 138.0, "source_id": "147363", "status": "IN SERVICE"}}, {"type": "Feature", "geometry": {"type": "Point", "coordinates": [-80.74781265399997, 37.04844348300003]}, "properties": {"facility_id": "hifld_ss_147364", "facility_name": "PEAK CREEK", "year": 2026, "type": "substation", "geoid": 51155, "lines": 2.0, "max_voltage": 138.0, "source_id": "147364", "status": "IN SERVICE"}}, {"type": "Feature", "geometry": {"type": "Point", "coordinates": [-80.71740544799997, 37.074692550000066]}, "properties": {"facility_id": "hifld_ss_147365", "facility_name": "WURNO", "year": 2026, "type": "substation", "geoid": 51155, "lines": 2.0, "max_voltage": 138.0, "source_id": "147365", "status": "IN SERVICE"}}, {"type": "Feature", "geometry": {"type": "Point", "coordinates": [-78.77872877699997, 38.62739253700005]}, "properties": {"facility_id": "hifld_ss_147371", "facility_name": "TIMBERVILLE", "year": 2026, "type": "substation", "geoid": 51165, "lines": 2.0, "max_voltage": 115.0, "source_id": "147371", "status": "IN SERVICE"}}, {"type": "Feature", "geometry": {"type": "Point", "coordinates": [-78.66631320399995, 38.35300380100006]}, "properties": {"facility_id": "hifld_ss_147372", "facility_name": "ELKTON D.P.", "year": 2026, "type": "substation", "geoid": 51165, "lines": 2.0, "max_voltage": 115.0, "source_id": "147372", "status": "IN SERVICE"}}, {"type": "Feature", "geometry": {"type": "Point", "coordinates": [-78.66172980299996, 38.72436542100007]}, "properties": {"facility_id": "hifld_ss_147373", "facility_name": "MOUNT JACKSON", "year": 2026, "type": "substation", "geoid": 51171, "lines": 2.0, "max_voltage": 115.0, "source_id": "147373", "status": "IN SERVICE"}}, {"type": "Feature", "geometry": {"type": "Point", "coordinates": [-78.67194482899998, 38.747089274000075]}, "properties": {"facility_id": "hifld_ss_147374", "facility_name": "MOUNT JACKSON D.P.", "year": 2026, "type": "substation", "geoid": 51171, "lines": 1.0, "max_voltage": 115.0, "source_id": "147374", "status": "IN SERVICE"}}, {"type": "Feature", "geometry": {"type": "Point", "coordinates": [-78.73600976599994, 36.820047042000056]}, "properties": {"facility_id": "hifld_ss_147383", "facility_name": "DRYBURG", "year": 2026, "type": "substation", "geoid": 51083, "lines": 2.0, "max_voltage": 115.0, "source_id": "147383", "status": "IN SERVICE"}}, {"type": "Feature", "geometry": {"type": "Point", "coordinates": [-78.81133378499999, 36.670500935000064]}, "properties": {"facility_id": "hifld_ss_147384", "facility_name": "OMEGA DP", "year": 2026, "type": "substation", "geoid": 51083, "lines": 1.0, "max_voltage": 115.0, "source_id": "147384", "status": "IN SERVICE"}}, {"type": "Feature", "geometry": {"type": "Point", "coordinates": [-78.70654367999998, 36.86621143200006]}, "properties": {"facility_id": "hifld_ss_147385", "facility_name": "CLOVER", "year": 2026, "type": "substation", "geoid": 51083, "lines": 6.0, "max_voltage": 500.0, "source_id": "147385", "status": "IN SERVICE"}}, {"type": "Feature", "geometry": {"type": "Point", "coordinates": [-78.85163391399999, 37.36208652500005]}, "properties": {"facility_id": "hifld_ss_147386", "facility_name": "SOUTH CREEK", "year": 2026, "type": "substation", "geoid": 51011, "lines": 1.0, "max_voltage": 115.0, "source_id": "147386", "status": "IN SERVICE"}}, {"type": "Feature", "geometry": {"type": "Point", "coordinates": [-78.84909717799997, 38.107034569000064]}, "properties": {"facility_id": "hifld_ss_147387", "facility_name": "DOOMS", "year": 2026, "type": "substation", "geoid": 51015, "lines": 10.0, "max_voltage": 500.0, "source_id": "147387", "status": "IN SERVICE"}}, {"type": "Feature", "geometry": {"type": "Point", "coordinates": [-78.81281928199996, 38.26606908400004]}, "properties": {"facility_id": "hifld_ss_147388", "facility_name": "GROTTOES", "year": 2026, "type": "substation", "geoid": 51165, "lines": 3.0, "max_voltage": 230.0, "source_id": "147388", "status": "IN SERVICE"}}, {"type": "Feature", "geometry": {"type": "Point", "coordinates": [-78.81123256199999, 36.670768870000074]}, "properties": {"facility_id": "hifld_ss_147393", "facility_name": "TAP147393", "year": 2026, "type": "substation", "geoid": 51083, "lines": 3.0, "max_voltage": 115.0, "source_id": "147393", "status": "IN SERVICE"}}, {"type": "Feature", "geometry": {"type": "Point", "coordinates": [-78.67907886399996, 37.25492882000003]}, "properties": {"facility_id": "hifld_ss_147421", "facility_name": "TAP147421", "year": 2026, "type": "substation", "geoid": 51147, "lines": 3.0, "max_voltage": 115.0, "source_id": "147421", "status": "IN SERVICE"}}, {"type": "Feature", "geometry": {"type": "Point", "coordinates": [-78.74840782999996, 37.23191755500005]}, "properties": {"facility_id": "hifld_ss_147422", "facility_name": "TAP147422", "year": 2026, "type": "substation", "geoid": 51011, "lines": 3.0, "max_voltage": 115.0, "source_id": "147422", "status": "IN SERVICE"}}, {"type": "Feature", "geometry": {"type": "Point", "coordinates": [-78.70715991099996, 38.026582123000026]}, "properties": {"facility_id": "hifld_ss_147434", "facility_name": "MIDWAY", "year": 2026, "type": "substation", "geoid": 51003, "lines": 2.0, "max_voltage": 115.0, "source_id": "147434", "status": "IN SERVICE"}}, {"type": "Feature", "geometry": {"type": "Point", "coordinates": [-79.15561081399994, 37.32657349800007]}, "properties": {"facility_id": "hifld_ss_147437", "facility_name": "CANDLERS MOUNTAIN", "year": 2026, "type": "substation", "geoid": 51031, "lines": 3.0, "max_voltage": 138.0, "source_id": "147437", "status": "IN SERVICE"}}, {"type": "Feature", "geometry": {"type": "Point", "coordinates": [-79.03242540899998, 37.59345529200005]}, "properties": {"facility_id": "hifld_ss_147438", "facility_name": "BOXWOOD", "year": 2026, "type": "substation", "geoid": 51009, "lines": 3.0, "max_voltage": 138.0, "source_id": "147438", "status": "IN SERVICE"}}, {"type": "Feature", "geometry": {"type": "Point", "coordinates": [-79.12426126999998, 37.45648547800005]}, "properties": {"facility_id": "hifld_ss_147439", "facility_name": "MONEL", "year": 2026, "type": "substation", "geoid": 51009, "lines": 2.0, "max_voltage": 138.0, "source_id": "147439", "status": "IN SERVICE"}}, {"type": "Feature", "geometry": {"type": "Point", "coordinates": [-79.08461771999998, 37.42663252800003]}, "properties": {"facility_id": "hifld_ss_147440", "facility_name": "GOMINGO", "year": 2026, "type": "substation", "geoid": 51009, "lines": 3.0, "max_voltage": 138.0, "source_id": "147440", "status": "IN SERVICE"}}, {"type": "Feature", "geometry": {"type": "Point", "coordinates": [-79.07704308299998, 37.40639887100008]}, "properties": {"facility_id": "hifld_ss_147441", "facility_name": "JOSHUA FALLS", "year": 2026, "type": "substation", "geoid": 51009, "lines": 6.0, "max_voltage": 138.0, "source_id": "147441", "status": "IN SERVICE"}}, {"type": "Feature", "geometry": {"type": "Point", "coordinates": [-79.10762811999996, 37.37260850200005]}, "properties": {"facility_id": "hifld_ss_147442", "facility_name": "OPOSSUM CREEK", "year": 2026, "type": "substation", "geoid": 51031, "lines": 5.0, "max_voltage": 138.0, "source_id": "147442", "status": "IN SERVICE"}}, {"type": "Feature", "geometry": {"type": "Point", "coordinates": [-79.12208623299995, 37.389466662000075]}, "properties": {"facility_id": "hifld_ss_147443", "facility_name": "PEAKSVIEW", "year": 2026, "type": "substation", "geoid": 51680, "lines": 7.0, "max_voltage": 138.0, "source_id": "147443", "status": "IN SERVICE"}}, {"type": "Feature", "geometry": {"type": "Point", "coordinates": [-79.17982079399997, 37.36193424600003]}, "properties": {"facility_id": "hifld_ss_147444", "facility_name": "SOUTH LYNCHBURG", "year": 2026, "type": "substation", "geoid": 51680, "lines": 5.0, "max_voltage": 138.0, "source_id": "147444", "status": "IN SERVICE"}}, {"type": "Feature", "geometry": {"type": "Point", "coordinates": [-79.10626851799998, 37.27718257600003]}, "properties": {"facility_id": "hifld_ss_147445", "facility_name": "RUSTBURG", "year": 2026, "type": "substation", "geoid": 51031, "lines": 1.0, "max_voltage": 138.0, "source_id": "147445", "status": "IN SERVICE"}}, {"type": "Feature", "geometry": {"type": "Point", "coordinates": [-79.11384111799998, 38.19376575300004]}, "properties": {"facility_id": "hifld_ss_147446", "facility_name": "WEST STAUNTON", "year": 2026, "type": "substation", "geoid": 51015, "lines": 2.0, "max_voltage": 230.0, "source_id": "147446", "status": "IN SERVICE"}}, {"type": "Feature", "geometry": {"type": "Point", "coordinates": [-79.12691149599993, 37.40066116300005]}, "properties": {"facility_id": "hifld_ss_147459", "facility_name": "TAP147459", "year": 2026, "type": "substation", "geoid": 51680, "lines": 3.0, "source_id": "147459", "status": "IN SERVICE"}}, {"type": "Feature", "geometry": {"type": "Point", "coordinates": [-79.18306746199994, 37.32730768000005]}, "properties": {"facility_id": "hifld_ss_147460", "facility_name": "GEORGE STREET", "year": 2026, "type": "substation", "geoid": 51031, "lines": 2.0, "source_id": "147460", "status": "IN SERVICE"}}, {"type": "Feature", "geometry": {"type": "Point", "coordinates": [-79.14431631399998, 37.41934201300006]}, "properties": {"facility_id": "hifld_ss_147466", "facility_name": "UNKNOWN147466", "year": 2026, "type": "substation", "geoid": 51680, "lines": 0.0, "source_id": "147466", "status": "IN SERVICE"}}, {"type": "Feature", "geometry": {"type": "Point", "coordinates": [-79.03621226499996, 37.42539439400008]}, "properties": {"facility_id": "hifld_ss_147470", "facility_name": "JOSHUA FALLS", "year": 2026, "type": "substation", "geoid": 51031, "lines": 4.0, "max_voltage": 765.0, "source_id": "147470", "status": "IN SERVICE"}}, {"type": "Feature", "geometry": {"type": "Point", "coordinates": [-79.06615965399999, 38.14781858900005]}, "properties": {"facility_id": "hifld_ss_147472", "facility_name": "STAUNTON", "year": 2026, "type": "substation", "geoid": 51790, "lines": 3.0, "max_voltage": 115.0, "source_id": "147472", "status": "IN SERVICE"}}, {"type": "Feature", "geometry": {"type": "Point", "coordinates": [-78.12776140299997, 37.65702131300003]}, "properties": {"facility_id": "hifld_ss_147522", "facility_name": "CARTERSVILLE", "year": 2026, "type": "substation", "geoid": 51049, "lines": 1.0, "max_voltage": 115.0, "source_id": "147522", "status": "IN SERVICE"}}, {"type": "Feature", "geometry": {"type": "Point", "coordinates": [-78.23822107899997, 37.662972747000026]}, "properties": {"facility_id": "hifld_ss_147523", "facility_name": "TRICES LAKE", "year": 2026, "type": "substation", "geoid": 51049, "lines": 1.0, "source_id": "147523", "status": "IN SERVICE"}}, {"type": "Feature", "geometry": {"type": "Point", "coordinates": [-77.99374171499994, 38.36749297800003]}, "properties": {"facility_id": "hifld_ss_147524", "facility_name": "OAK GREEN", "year": 2026, "type": "substation", "geoid": 51047, "lines": 1.0, "max_voltage": 115.0, "source_id": "147524", "status": "IN SERVICE"}}, {"type": "Feature", "geometry": {"type": "Point", "coordinates": [-78.22154913499998, 38.12654775300007]}, "properties": {"facility_id": "hifld_ss_147525", "facility_name": "GORDONSVILLE", "year": 2026, "type": "substation", "geoid": 51003, "lines": 4.0, "max_voltage": 230.0, "source_id": "147525", "status": "IN SERVICE"}}, {"type": "Feature", "geometry": {"type": "Point", "coordinates": [-78.25340576499997, 39.05806093000007]}, "properties": {"facility_id": "hifld_ss_147526", "facility_name": "MEADOW BROOK", "year": 2026, "type": "substation", "geoid": 51069, "lines": 11.0, "max_voltage": 500.0, "source_id": "147526", "status": "IN SERVICE"}}, {"type": "Feature", "geometry": {"type": "Point", "coordinates": [-78.13704876799994, 39.061349052000025]}, "properties": {"facility_id": "hifld_ss_147527", "facility_name": "DOUBLE TOLL GATE", "year": 2026, "type": "substation", "geoid": 51043, "lines": 5.0, "max_voltage": 138.0, "source_id": "147527", "status": "IN SERVICE"}}, {"type": "Feature", "geometry": {"type": "Point", "coordinates": [-78.00807123399994, 39.15975987100006]}, "properties": {"facility_id": "hifld_ss_147528", "facility_name": "OLD CHAPEL", "year": 2026, "type": "substation", "geoid": 51043, "lines": 1.0, "max_voltage": 138.0, "source_id": "147528", "status": "IN SERVICE"}}, {"type": "Feature", "geometry": {"type": "Point", "coordinates": [-78.17746335799995, 38.96852935200008]}, "properties": {"facility_id": "hifld_ss_147529", "facility_name": "FRONT ROYAL", "year": 2026, "type": "substation", "geoid": 51187, "lines": 2.0, "max_voltage": 500.0, "source_id": "147529", "status": "IN SERVICE"}}, {"type": "Feature", "geometry": {"type": "Point", "coordinates": [-78.13499187599996, 39.211971650000066]}, "properties": {"facility_id": "hifld_ss_147530", "facility_name": "REDBUD", "year": 2026, "type": "substation", "geoid": 51069, "lines": 2.0, "max_voltage": 138.0, "source_id": "147530", "status": "IN SERVICE"}}, {"type": "Feature", "geometry": {"type": "Point", "coordinates": [-78.13148502699994, 39.15236609300007]}, "properties": {"facility_id": "hifld_ss_147531", "facility_name": "GREENWOOD", "year": 2026, "type": "substation", "geoid": 51069, "lines": 2.0, "max_voltage": 138.0, "source_id": "147531", "status": "IN SERVICE"}}, {"type": "Feature", "geometry": {"type": "Point", "coordinates": [-78.08308507299995, 39.27297633300003]}, "properties": {"facility_id": "hifld_ss_147532", "facility_name": "STONEWALL", "year": 2026, "type": "substation", "geoid": 51069, "lines": 4.0, "max_voltage": 138.0, "source_id": "147532", "status": "IN SERVICE"}}, {"type": "Feature", "geometry": {"type": "Point", "coordinates": [-78.08836906199997, 39.244900280000024]}, "properties": {"facility_id": "hifld_ss_147533", "facility_name": "STEPHENSON", "year": 2026, "type": "substation", "geoid": 51069, "lines": 2.0, "max_voltage": 138.0, "source_id": "147533", "status": "IN SERVICE"}}, {"type": "Feature", "geometry": {"type": "Point", "coordinates": [-78.22062418599995, 38.65846951000003]}, "properties": {"facility_id": "hifld_ss_147534", "facility_name": "SPERRYVILLE", "year": 2026, "type": "substation", "geoid": 51157, "lines": 3.0, "max_voltage": 138.0, "source_id": "147534", "status": "IN SERVICE"}}, {"type": "Feature", "geometry": {"type": "Point", "coordinates": [-78.12806871099997, 37.656750428000066]}, "properties": {"facility_id": "hifld_ss_147535", "facility_name": "TAP147535", "year": 2026, "type": "substation", "geoid": 51049, "lines": 3.0, "max_voltage": 115.0, "source_id": "147535", "status": "IN SERVICE"}}, {"type": "Feature", "geometry": {"type": "Point", "coordinates": [-78.17462439899998, 37.75956161300007]}, "properties": {"facility_id": "hifld_ss_147536", "facility_name": "TAP147536", "year": 2026, "type": "substation", "geoid": 51065, "lines": 3.0, "source_id": "147536", "status": "IN SERVICE"}}, {"type": "Feature", "geometry": {"type": "Point", "coordinates": [-78.19515273499997, 39.13023799700005]}, "properties": {"facility_id": "hifld_ss_147542", "facility_name": "BARTONSVILLE", "year": 2026, "type": "substation", "geoid": 51069, "lines": 0.0, "source_id": "147542", "status": "IN SERVICE"}}, {"type": "Feature", "geometry": {"type": "Point", "coordinates": [-78.10589299999998, 38.755757000000074]}, "properties": {"facility_id": "hifld_ss_147543", "facility_name": "UNKNOWN147543", "year": 2026, "type": "substation", "geoid": 51157, "lines": 2.0, "source_id": "147543", "status": "IN SERVICE"}}, {"type": "Feature", "geometry": {"type": "Point", "coordinates": [-78.15018799999996, 38.95580200000006]}, "properties": {"facility_id": "hifld_ss_147545", "facility_name": "UNKNOWN147545", "year": 2026, "type": "substation", "geoid": 51187, "lines": 0.0, "source_id": "147545", "status": "IN SERVICE"}}, {"type": "Feature", "geometry": {"type": "Point", "coordinates": [-78.17341752899995, 37.76092745300008]}, "properties": {"facility_id": "hifld_ss_147553", "facility_name": "COLUMBIA", "year": 2026, "type": "substation", "geoid": 51065, "lines": 2.0, "source_id": "147553", "status": "IN SERVICE"}}, {"type": "Feature", "geometry": {"type": "Point", "coordinates": [-78.10540539099998, 37.93150951200005]}, "properties": {"facility_id": "hifld_ss_147554", "facility_name": "FERNCLIFF", "year": 2026, "type": "substation", "geoid": 51109, "lines": 2.0, "source_id": "147554", "status": "IN SERVICE"}}, {"type": "Feature", "geometry": {"type": "Point", "coordinates": [-78.04595555699996, 37.88256715000006]}, "properties": {"facility_id": "hifld_ss_147555", "facility_name": "SHANNON HILL", "year": 2026, "type": "substation", "geoid": 51075, "lines": 1.0, "source_id": "147555", "status": "IN SERVICE"}}, {"type": "Feature", "geometry": {"type": "Point", "coordinates": [-78.25515660699995, 39.05412251000007]}, "properties": {"facility_id": "hifld_ss_147556", "facility_name": "MEADOW BROOK", "year": 2026, "type": "substation", "geoid": 51069, "lines": 2.0, "max_voltage": 138.0, "source_id": "147556", "status": "IN SERVICE"}}, {"type": "Feature", "geometry": {"type": "Point", "coordinates": [-78.17722791099999, 38.96540747900008]}, "properties": {"facility_id": "hifld_ss_147557", "facility_name": "RIVERTON", "year": 2026, "type": "substation", "geoid": 51187, "lines": 4.0, "max_voltage": 138.0, "source_id": "147557", "status": "IN SERVICE"}}, {"type": "Feature", "geometry": {"type": "Point", "coordinates": [-78.20752685699995, 39.12957186800003]}, "properties": {"facility_id": "hifld_ss_147558", "facility_name": "WEST WINCHESTER", "year": 2026, "type": "substation", "geoid": 51069, "lines": 2.0, "max_voltage": 138.0, "source_id": "147558", "status": "IN SERVICE"}}, {"type": "Feature", "geometry": {"type": "Point", "coordinates": [-77.15852328799997, 37.43737619700005]}, "properties": {"facility_id": "hifld_ss_147559", "facility_name": "CHICKAHOMINY", "year": 2026, "type": "substation", "geoid": 51036, "lines": 10.0, "max_voltage": 500.0, "source_id": "147559", "status": "IN SERVICE"}}, {"type": "Feature", "geometry": {"type": "Point", "coordinates": [-77.24706625099998, 37.48611995600004]}, "properties": {"facility_id": "hifld_ss_147560", "facility_name": "WHITE OAK", "year": 2026, "type": "substation", "geoid": 51087, "lines": 2.0, "max_voltage": 230.0, "source_id": "147560", "status": "IN SERVICE"}}, {"type": "Feature", "geometry": {"type": "Point", "coordinates": [-77.23744482599994, 37.47725916500008]}, "properties": {"facility_id": "hifld_ss_147561", "facility_name": "ELKO", "year": 2026, "type": "substation", "geoid": 51087, "lines": 4.0, "max_voltage": 230.0, "source_id": "147561", "status": "IN SERVICE"}}, {"type": "Feature", "geometry": {"type": "Point", "coordinates": [-77.25058771299996, 37.63455995900006]}, "properties": {"facility_id": "hifld_ss_147562", "facility_name": "OLD CHURCH", "year": 2026, "type": "substation", "geoid": 51085, "lines": 1.0, "max_voltage": 230.0, "source_id": "147562", "status": "IN SERVICE"}}, {"type": "Feature", "geometry": {"type": "Point", "coordinates": [-77.23107826899997, 38.28668181700005]}, "properties": {"facility_id": "hifld_ss_147563", "facility_name": "BIRCHWOOD", "year": 2026, "type": "substation", "geoid": 51099, "lines": 1.0, "max_voltage": 230.0, "source_id": "147563", "status": "IN SERVICE"}}, {"type": "Feature", "geometry": {"type": "Point", "coordinates": [-77.20435370899997, 38.27994231100007]}, "properties": {"facility_id": "hifld_ss_147564", "facility_name": "COMORN DP", "year": 2026, "type": "substation", "geoid": 51099, "lines": 2.0, "max_voltage": 230.0, "source_id": "147564", "status": "IN SERVICE"}}, {"type": "Feature", "geometry": {"type": "Point", "coordinates": [-77.26906376599999, 38.713156353000045]}, "properties": {"facility_id": "hifld_ss_147565", "facility_name": "OCCOQUAN", "year": 2026, "type": "substation", "geoid": 51059, "lines": 3.0, "max_voltage": 230.0, "source_id": "147565", "status": "IN SERVICE"}}, {"type": "Feature", "geometry": {"type": "Point", "coordinates": [-77.22356113899997, 38.821865297000045]}, "properties": {"facility_id": "hifld_ss_147566", "facility_name": "BRADDOCK", "year": 2026, "type": "substation", "geoid": 51059, "lines": 7.0, "max_voltage": 230.0, "source_id": "147566", "status": "IN SERVICE"}}, {"type": "Feature", "geometry": {"type": "Point", "coordinates": [-77.21914411499995, 38.85442876600007]}, "properties": {"facility_id": "hifld_ss_147567", "facility_name": "GALLOWS ROAD", "year": 2026, "type": "substation", "geoid": 51059, "lines": 4.0, "max_voltage": 230.0, "source_id": "147567", "status": "IN SERVICE"}}, {"type": "Feature", "geometry": {"type": "Point", "coordinates": [-77.20960834599998, 38.88564243800005]}, "properties": {"facility_id": "hifld_ss_147568", "facility_name": "IDYLWOOD", "year": 2026, "type": "substation", "geoid": 51059, "lines": 8.0, "max_voltage": 230.0, "source_id": "147568", "status": "IN SERVICE"}}, {"type": "Feature", "geometry": {"type": "Point", "coordinates": [-77.26349494599998, 38.77393307300008]}, "properties": {"facility_id": "hifld_ss_147569", "facility_name": "KEENE MILL", "year": 2026, "type": "substation", "geoid": 51059, "lines": 4.0, "max_voltage": 230.0, "source_id": "147569", "status": "IN SERVICE"}}, {"type": "Feature", "geometry": {"type": "Point", "coordinates": [-77.24370307599997, 38.796751853000046]}, "properties": {"facility_id": "hifld_ss_147570", "facility_name": "RAVENSWORTH", "year": 2026, "type": "substation", "geoid": 51059, "lines": 5.0, "max_voltage": 230.0, "source_id": "147570", "status": "IN SERVICE"}}, {"type": "Feature", "geometry": {"type": "Point", "coordinates": [-77.09848679999999, 38.88498273700003]}, "properties": {"facility_id": "hifld_ss_147571", "facility_name": "BALLSTON", "year": 2026, "type": "substation", "geoid": 51013, "lines": 2.0, "source_id": "147571", "status": "IN SERVICE"}}, {"type": "Feature", "geometry": {"type": "Point", "coordinates": [-77.10463893599996, 38.884959597000034]}, "properties": {"facility_id": "hifld_ss_147572", "facility_name": "CLARENDON", "year": 2026, "type": "substation", "geoid": 51013, "lines": 4.0, "source_id": "147572", "status": "IN SERVICE"}}, {"type": "Feature", "geometry": {"type": "Point", "coordinates": [-77.12929084599995, 38.86952651200005]}, "properties": {"facility_id": "hifld_ss_147573", "facility_name": "GLEN CARLYN", "year": 2026, "type": "substation", "geoid": 51013, "lines": 5.0, "max_voltage": 230.0, "source_id": "147573", "status": "IN SERVICE"}}, {"type": "Feature", "geometry": {"type": "Point", "coordinates": [-77.09782624199994, 38.84769082300005]}, "properties": {"facility_id": "hifld_ss_147574", "facility_name": "ARLINGTON", "year": 2026, "type": "substation", "geoid": 51013, "lines": 4.0, "max_voltage": 230.0, "source_id": "147574", "status": "IN SERVICE"}}, {"type": "Feature", "geometry": {"type": "Point", "coordinates": [-77.23689132099997, 38.932028209000066]}, "properties": {"facility_id": "hifld_ss_147575", "facility_name": "TYSONS", "year": 2026, "type": "substation", "geoid": 51059, "lines": 2.0, "max_voltage": 230.0, "source_id": "147575", "status": "IN SERVICE"}}, {"type": "Feature", "geometry": {"type": "Point", "coordinates": [-77.19950261199995, 38.95016604700004]}, "properties": {"facility_id": "hifld_ss_147576", "facility_name": "SWINKS MILL", "year": 2026, "type": "substation", "geoid": 51059, "lines": 2.0, "max_voltage": 230.0, "source_id": "147576", "status": "IN SERVICE"}}, {"type": "Feature", "geometry": {"type": "Point", "coordinates": [-77.14816745299999, 38.95044621100004]}, "properties": {"facility_id": "hifld_ss_147577", "facility_name": "CIA", "year": 2026, "type": "substation", "geoid": 51059, "lines": 2.0, "max_voltage": 230.0, "source_id": "147577", "status": "IN SERVICE"}}, {"type": "Feature", "geometry": {"type": "Point", "coordinates": [-77.08253236299998, 38.88597774400006]}, "properties": {"facility_id": "hifld_ss_147578", "facility_name": "RADNOR HEIGHTS", "year": 2026, "type": "substation", "geoid": 51013, "lines": 2.0, "source_id": "147578", "status": "IN SERVICE"}}, {"type": "Feature", "geometry": {"type": "Point", "coordinates": [-77.07153605399998, 38.89607909000006]}, "properties": {"facility_id": "hifld_ss_147579", "facility_name": "ROSSLYN", "year": 2026, "type": "substation", "geoid": 51013, "lines": 2.0, "source_id": "147579", "status": "NOT AVAILABLE"}}, {"type": "Feature", "geometry": {"type": "Point", "coordinates": [-77.25093502199996, 37.63454904800005]}, "properties": {"facility_id": "hifld_ss_147581", "facility_name": "TAP147581", "year": 2026, "type": "substation", "geoid": 51085, "lines": 3.0, "max_voltage": 230.0, "source_id": "147581", "status": "IN SERVICE"}}, {"type": "Feature", "geometry": {"type": "Point", "coordinates": [-77.26294736299997, 38.873057043000074]}, "properties": {"facility_id": "hifld_ss_147583", "facility_name": "UNKNOWN147583", "year": 2026, "type": "substation", "geoid": 51059, "lines": 0.0, "source_id": "147583", "status": "IN SERVICE"}}, {"type": "Feature", "geometry": {"type": "Point", "coordinates": [-77.10904236999994, 38.81863724100003]}, "properties": {"facility_id": "hifld_ss_147584", "facility_name": "UNKNOWN147584", "year": 2026, "type": "substation", "geoid": 51510, "lines": 0.0, "source_id": "147584", "status": "IN SERVICE"}}, {"type": "Feature", "geometry": {"type": "Point", "coordinates": [-77.18488342799998, 38.84798996800003]}, "properties": {"facility_id": "hifld_ss_147585", "facility_name": "UNKNOWN147585", "year": 2026, "type": "substation", "geoid": 51059, "lines": 0.0, "source_id": "147585", "status": "IN SERVICE"}}, {"type": "Feature", "geometry": {"type": "Point", "coordinates": [-77.26465747599997, 38.90082577500005]}, "properties": {"facility_id": "hifld_ss_147586", "facility_name": "UNKNOWN147586", "year": 2026, "type": "substation", "geoid": 51059, "lines": 0.0, "source_id": "147586", "status": "IN SERVICE"}}, {"type": "Feature", "geometry": {"type": "Point", "coordinates": [-77.08931274899999, 38.74867082400005]}, "properties": {"facility_id": "hifld_ss_147608", "facility_name": "GUM SPRINGS", "year": 2026, "type": "substation", "geoid": 51059, "lines": 2.0, "max_voltage": 230.0, "source_id": "147608", "status": "IN SERVICE"}}, {"type": "Feature", "geometry": {"type": "Point", "coordinates": [-79.53246602999997, 37.040345381000066]}, "properties": {"facility_id": "hifld_ss_147612", "facility_name": "SMITH MOUNTAIN", "year": 2026, "type": "substation", "geoid": 51019, "lines": 6.0, "max_voltage": 138.0, "source_id": "147612", "status": "IN SERVICE"}}, {"type": "Feature", "geometry": {"type": "Point", "coordinates": [-79.48069516299995, 37.62484234400006]}, "properties": {"facility_id": "hifld_ss_147613", "facility_name": "GLASGOW", "year": 2026, "type": "substation", "geoid": 51163, "lines": 2.0, "max_voltage": 115.0, "source_id": "147613", "status": "IN SERVICE"}}, {"type": "Feature", "geometry": {"type": "Point", "coordinates": [-79.46209560799997, 36.846711490000075]}, "properties": {"facility_id": "hifld_ss_147614", "facility_name": "BEARSKIN", "year": 2026, "type": "substation", "geoid": 51143, "lines": 1.0, "max_voltage": 115.0, "source_id": "147614", "status": "IN SERVICE"}}, {"type": "Feature", "geometry": {"type": "Point", "coordinates": [-79.47077897499997, 36.84785331400008]}, "properties": {"facility_id": "hifld_ss_147615", "facility_name": "BEARSKIN", "year": 2026, "type": "substation", "geoid": 51143, "lines": 1.0, "max_voltage": 115.0, "source_id": "147615", "status": "IN SERVICE"}}, {"type": "Feature", "geometry": {"type": "Point", "coordinates": [-79.50922470199998, 37.96834451900003]}, "properties": {"facility_id": "hifld_ss_147616", "facility_name": "GOSHEN", "year": 2026, "type": "substation", "geoid": 51163, "lines": 4.0, "max_voltage": 115.0, "source_id": "147616", "status": "IN SERVICE"}}, {"type": "Feature", "geometry": {"type": "Point", "coordinates": [-79.50196995099998, 37.37459519500004]}, "properties": {"facility_id": "hifld_ss_147617", "facility_name": "CENTERVILLE", "year": 2026, "type": "substation", "geoid": 51019, "lines": 5.0, "max_voltage": 138.0, "source_id": "147617", "status": "IN SERVICE"}}, {"type": "Feature", "geometry": {"type": "Point", "coordinates": [-79.46260803299998, 36.84860585800004]}, "properties": {"facility_id": "hifld_ss_147623", "facility_name": "TAP147623", "year": 2026, "type": "substation", "geoid": 51143, "lines": 3.0, "max_voltage": 115.0, "source_id": "147623", "status": "IN SERVICE"}}, {"type": "Feature", "geometry": {"type": "Point", "coordinates": [-79.52237635599994, 37.335614931000066]}, "properties": {"facility_id": "hifld_ss_147624", "facility_name": "UNKNOWN147624", "year": 2026, "type": "substation", "geoid": 51019, "lines": 1.0, "max_voltage": 138.0, "source_id": "147624", "status": "IN SERVICE"}}, {"type": "Feature", "geometry": {"type": "Point", "coordinates": [-79.37877599199999, 36.57708751300004]}, "properties": {"facility_id": "hifld_ss_147629", "facility_name": "UNKNOWN147629", "year": 2026, "type": "substation", "geoid": 51590, "lines": 4.0, "max_voltage": 138.0, "source_id": "147629", "status": "IN SERVICE"}}, {"type": "Feature", "geometry": {"type": "Point", "coordinates": [-79.42041902199998, 37.86765102900006]}, "properties": {"facility_id": "hifld_ss_147630", "facility_name": "LEXINGTON", "year": 2026, "type": "substation", "geoid": 51163, "lines": 9.0, "max_voltage": 500.0, "source_id": "147630", "status": "IN SERVICE"}}, {"type": "Feature", "geometry": {"type": "Point", "coordinates": [-79.39643321999995, 36.61519785200005]}, "properties": {"facility_id": "hifld_ss_147631", "facility_name": "DANVILLE", "year": 2026, "type": "substation", "geoid": 51590, "lines": 10.0, "max_voltage": 138.0, "source_id": "147631", "status": "IN SERVICE"}}, {"type": "Feature", "geometry": {"type": "Point", "coordinates": [-79.36244030899996, 36.93689887700003]}, "properties": {"facility_id": "hifld_ss_147632", "facility_name": "MT AIRY", "year": 2026, "type": "substation", "geoid": 51143, "lines": 1.0, "max_voltage": 115.0, "source_id": "147632", "status": "IN SERVICE"}}, {"type": "Feature", "geometry": {"type": "Point", "coordinates": [-79.40617251799995, 36.750520755000025]}, "properties": {"facility_id": "hifld_ss_147633", "facility_name": "BANISTER", "year": 2026, "type": "substation", "geoid": 51143, "lines": 2.0, "max_voltage": 138.0, "source_id": "147633", "status": "IN SERVICE"}}, {"type": "Feature", "geometry": {"type": "Point", "coordinates": [-79.38763529299996, 36.84947604700005]}, "properties": {"facility_id": "hifld_ss_147634", "facility_name": "CHATHAM", "year": 2026, "type": "substation", "geoid": 51143, "lines": 1.0, "max_voltage": 115.0, "source_id": "147634", "status": "IN SERVICE"}}, {"type": "Feature", "geometry": {"type": "Point", "coordinates": [-79.38044882799994, 37.592885344000024]}, "properties": {"facility_id": "hifld_ss_147635", "facility_name": "CUSHAW", "year": 2026, "type": "substation", "geoid": 51009, "lines": 4.0, "max_voltage": 115.0, "source_id": "147635", "status": "IN SERVICE"}}, {"type": "Feature", "geometry": {"type": "Point", "coordinates": [-79.43682389599996, 37.62131493000004]}, "properties": {"facility_id": "hifld_ss_147636", "facility_name": "BALCONY FALLS", "year": 2026, "type": "substation", "geoid": 51163, "lines": 5.0, "max_voltage": 115.0, "source_id": "147636", "status": "IN SERVICE"}}, {"type": "Feature", "geometry": {"type": "Point", "coordinates": [-79.40655217599993, 36.616036017000056]}, "properties": {"facility_id": "hifld_ss_147644", "facility_name": "TAP147644", "year": 2026, "type": "substation", "geoid": 51590, "lines": 3.0, "source_id": "147644", "status": "IN SERVICE"}}, {"type": "Feature", "geometry": {"type": "Point", "coordinates": [-79.41343022299998, 36.60252895800005]}, "properties": {"facility_id": "hifld_ss_147645", "facility_name": "TAP147645", "year": 2026, "type": "substation", "geoid": 51590, "lines": 3.0, "max_voltage": 69.0, "source_id": "147645", "status": "IN SERVICE"}}, {"type": "Feature", "geometry": {"type": "Point", "coordinates": [-79.37424561699999, 36.567149536000045]}, "properties": {"facility_id": "hifld_ss_147646", "facility_name": "TAP147646", "year": 2026, "type": "substation", "geoid": 51590, "lines": 3.0, "max_voltage": 138.0, "source_id": "147646", "status": "IN SERVICE"}}, {"type": "Feature", "geometry": {"type": "Point", "coordinates": [-79.42097495499996, 36.54230811000008]}, "properties": {"facility_id": "hifld_ss_147647", "facility_name": "TAP147647", "year": 2026, "type": "substation", "geoid": 51590, "lines": 3.0, "source_id": "147647", "status": "IN SERVICE"}}, {"type": "Feature", "geometry": {"type": "Point", "coordinates": [-79.42812536299994, 36.57371171800003]}, "properties": {"facility_id": "hifld_ss_147648", "facility_name": "TAP147648", "year": 2026, "type": "substation", "geoid": 51590, "lines": 3.0, "source_id": "147648", "status": "IN SERVICE"}}, {"type": "Feature", "geometry": {"type": "Point", "coordinates": [-79.41255761399998, 37.79912774400003]}, "properties": {"facility_id": "hifld_ss_147650", "facility_name": "TAP147650", "year": 2026, "type": "substation", "geoid": 51163, "lines": 3.0, "max_voltage": 115.0, "source_id": "147650", "status": "IN SERVICE"}}, {"type": "Feature", "geometry": {"type": "Point", "coordinates": [-79.35957233699997, 36.935123469000075]}, "properties": {"facility_id": "hifld_ss_147652", "facility_name": "TAP147652", "year": 2026, "type": "substation", "geoid": 51143, "lines": 3.0, "max_voltage": 115.0, "source_id": "147652", "status": "IN SERVICE"}}, {"type": "Feature", "geometry": {"type": "Point", "coordinates": [-79.38819443899996, 36.85346275400008]}, "properties": {"facility_id": "hifld_ss_147653", "facility_name": "TAP147653", "year": 2026, "type": "substation", "geoid": 51143, "lines": 3.0, "max_voltage": 115.0, "source_id": "147653", "status": "IN SERVICE"}}, {"type": "Feature", "geometry": {"type": "Point", "coordinates": [-79.38804549699995, 36.85272100700007]}, "properties": {"facility_id": "hifld_ss_147654", "facility_name": "TAP147654", "year": 2026, "type": "substation", "geoid": 51143, "lines": 3.0, "max_voltage": 115.0, "source_id": "147654", "status": "IN SERVICE"}}, {"type": "Feature", "geometry": {"type": "Point", "coordinates": [-79.40332372999995, 37.09398001100004]}, "properties": {"facility_id": "hifld_ss_147656", "facility_name": "LEESVILLE", "year": 2026, "type": "substation", "geoid": 51031, "lines": 0.0, "source_id": "147656", "status": "IN SERVICE"}}, {"type": "Feature", "geometry": {"type": "Point", "coordinates": [-79.38484133499998, 38.082851763000065]}, "properties": {"facility_id": "hifld_ss_147662", "facility_name": "CRAIGSVILLE", "year": 2026, "type": "substation", "geoid": 51015, "lines": 2.0, "source_id": "147662", "status": "IN SERVICE"}}, {"type": "Feature", "geometry": {"type": "Point", "coordinates": [-79.00402362099999, 37.013663019000035]}, "properties": {"facility_id": "hifld_ss_147663", "facility_name": "PERTH", "year": 2026, "type": "substation", "geoid": 51083, "lines": 2.0, "max_voltage": 115.0, "source_id": "147663", "status": "IN SERVICE"}}, {"type": "Feature", "geometry": {"type": "Point", "coordinates": [-79.01210207999998, 37.69493354200006]}, "properties": {"facility_id": "hifld_ss_147664", "facility_name": "CLIFFORD", "year": 2026, "type": "substation", "geoid": 51009, "lines": 4.0, "max_voltage": 138.0, "source_id": "147664", "status": "IN SERVICE"}}, {"type": "Feature", "geometry": {"type": "Point", "coordinates": [-78.97081061799997, 38.314341598000055]}, "properties": {"facility_id": "hifld_ss_147665", "facility_name": "VALLEY", "year": 2026, "type": "substation", "geoid": 51015, "lines": 6.0, "max_voltage": 500.0, "source_id": "147665", "status": "IN SERVICE"}}, {"type": "Feature", "geometry": {"type": "Point", "coordinates": [-78.98580918199997, 38.189896805000046]}, "properties": {"facility_id": "hifld_ss_147666", "facility_name": "VERONA", "year": 2026, "type": "substation", "geoid": 51015, "lines": 2.0, "max_voltage": 115.0, "source_id": "147666", "status": "IN SERVICE"}}, {"type": "Feature", "geometry": {"type": "Point", "coordinates": [-78.94650684599998, 37.71045345400006]}, "properties": {"facility_id": "hifld_ss_147667", "facility_name": "COLLEEN", "year": 2026, "type": "substation", "geoid": 51125, "lines": 1.0, "max_voltage": 138.0, "source_id": "147667", "status": "IN SERVICE"}}, {"type": "Feature", "geometry": {"type": "Point", "coordinates": [-78.94886423499997, 37.710444206000034]}, "properties": {"facility_id": "hifld_ss_147677", "facility_name": "TAP147677", "year": 2026, "type": "substation", "geoid": 51125, "lines": 3.0, "max_voltage": 138.0, "source_id": "147677", "status": "IN SERVICE"}}, {"type": "Feature", "geometry": {"type": "Point", "coordinates": [-79.01571536799997, 37.699085215000025]}, "properties": {"facility_id": "hifld_ss_147678", "facility_name": "TAP147678", "year": 2026, "type": "substation", "geoid": 51009, "lines": 2.0, "source_id": "147678", "status": "IN SERVICE"}}, {"type": "Feature", "geometry": {"type": "Point", "coordinates": [-78.95571892399994, 38.09569252500006]}, "properties": {"facility_id": "hifld_ss_147692", "facility_name": "FISHERSVILLE", "year": 2026, "type": "substation", "geoid": 51015, "lines": 2.0, "max_voltage": 115.0, "source_id": "147692", "status": "IN SERVICE"}}, {"type": "Feature", "geometry": {"type": "Point", "coordinates": [-80.16760809799996, 37.231619531000035]}, "properties": {"facility_id": "hifld_ss_147788", "facility_name": "MATT FUNK", "year": 2026, "type": "substation", "geoid": 51161, "lines": 7.0, "max_voltage": 138.0, "source_id": "147788", "status": "IN SERVICE"}}, {"type": "Feature", "geometry": {"type": "Point", "coordinates": [-80.02305440799995, 37.267446422000035]}, "properties": {"facility_id": "hifld_ss_147789", "facility_name": "HANCOCK", "year": 2026, "type": "substation", "geoid": 51775, "lines": 8.0, "max_voltage": 138.0, "source_id": "147789", "status": "IN SERVICE"}}, {"type": "Feature", "geometry": {"type": "Point", "coordinates": [-80.11946680499994, 37.17836790300004]}, "properties": {"facility_id": "hifld_ss_147790", "facility_name": "BENT MOUNTAIN", "year": 2026, "type": "substation", "geoid": 51161, "lines": 2.0, "max_voltage": 138.0, "source_id": "147790", "status": "IN SERVICE"}}, {"type": "Feature", "geometry": {"type": "Point", "coordinates": [-80.00854957699994, 37.22845743900007]}, "properties": {"facility_id": "hifld_ss_147791", "facility_name": "CAVE SPRING", "year": 2026, "type": "substation", "geoid": 51161, "lines": 4.0, "max_voltage": 138.0, "source_id": "147791", "status": "IN SERVICE"}}, {"type": "Feature", "geometry": {"type": "Point", "coordinates": [-80.03465020399995, 37.19948276400004]}, "properties": {"facility_id": "hifld_ss_147792", "facility_name": "POAGES MILL", "year": 2026, "type": "substation", "geoid": 51161, "lines": 2.0, "max_voltage": 138.0, "source_id": "147792", "status": "IN SERVICE"}}, {"type": "Feature", "geometry": {"type": "Point", "coordinates": [-80.26555338599997, 37.14759537000003]}, "properties": {"facility_id": "hifld_ss_147793", "facility_name": "SHAWSVILLE", "year": 2026, "type": "substation", "geoid": 51121, "lines": 2.0, "max_voltage": 138.0, "source_id": "147793", "status": "IN SERVICE"}}, {"type": "Feature", "geometry": {"type": "Point", "coordinates": [-80.17753990999995, 37.23690882000005]}, "properties": {"facility_id": "hifld_ss_147794", "facility_name": "KUMIS", "year": 2026, "type": "substation", "geoid": 51161, "lines": 1.0, "max_voltage": 138.0, "source_id": "147794", "status": "IN SERVICE"}}, {"type": "Feature", "geometry": {"type": "Point", "coordinates": [-80.12589238099997, 37.29987475100006]}, "properties": {"facility_id": "hifld_ss_147795", "facility_name": "WEST SALEM", "year": 2026, "type": "substation", "geoid": 51161, "lines": 2.0, "max_voltage": 138.0, "source_id": "147795", "status": "IN SERVICE"}}, {"type": "Feature", "geometry": {"type": "Point", "coordinates": [-80.03029313699994, 37.279585490000045]}, "properties": {"facility_id": "hifld_ss_147802", "facility_name": "TAP147802", "year": 2026, "type": "substation", "geoid": 51775, "lines": 3.0, "source_id": "147802", "status": "IN SERVICE"}}, {"type": "Feature", "geometry": {"type": "Point", "coordinates": [-79.99965162399997, 37.294792081000026]}, "properties": {"facility_id": "hifld_ss_147803", "facility_name": "TAP147803", "year": 2026, "type": "substation", "geoid": 51770, "lines": 3.0, "source_id": "147803", "status": "IN SERVICE"}}, {"type": "Feature", "geometry": {"type": "Point", "coordinates": [-80.01517844299997, 37.460082113000055]}, "properties": {"facility_id": "hifld_ss_147805", "facility_name": "MT. UNION", "year": 2026, "type": "substation", "geoid": 51023, "lines": 0.0, "source_id": "147805", "status": "IN SERVICE"}}, {"type": "Feature", "geometry": {"type": "Point", "coordinates": [-80.02717068199996, 36.77607146100007]}, "properties": {"facility_id": "hifld_ss_147807", "facility_name": "PHILPOTT", "year": 2026, "type": "substation", "geoid": 51089, "lines": 3.0, "max_voltage": 138.0, "source_id": "147807", "status": "IN SERVICE"}}, {"type": "Feature", "geometry": {"type": "Point", "coordinates": [-81.99495034499995, 36.91485393600004]}, "properties": {"facility_id": "hifld_ss_147809", "facility_name": "TAP147809", "year": 2026, "type": "substation", "geoid": 51167, "lines": 3.0, "max_voltage": 138.0, "source_id": "147809", "status": "IN SERVICE"}}, {"type": "Feature", "geometry": {"type": "Point", "coordinates": [-80.76819536199997, 37.34679793700008]}, "properties": {"facility_id": "hifld_ss_147812", "facility_name": "CELANESE", "year": 2026, "type": "substation", "geoid": 51071, "lines": 2.0, "max_voltage": 138.0, "source_id": "147812", "status": "IN SERVICE"}}, {"type": "Feature", "geometry": {"type": "Point", "coordinates": [-82.11014350399995, 37.29956868800008]}, "properties": {"facility_id": "hifld_ss_147815", "facility_name": "TAP147815", "year": 2026, "type": "substation", "geoid": 51027, "lines": 3.0, "max_voltage": 69.0, "source_id": "147815", "status": "IN SERVICE"}}, {"type": "Feature", "geometry": {"type": "Point", "coordinates": [-77.43877406499996, 37.881898825000064]}, "properties": {"facility_id": "hifld_ss_147819", "facility_name": "TAP147819", "year": 2026, "type": "substation", "geoid": 51085, "lines": 3.0, "max_voltage": 115.0, "source_id": "147819", "status": "IN SERVICE"}}, {"type": "Feature", "geometry": {"type": "Point", "coordinates": [-77.36935750499998, 37.49903852700004]}, "properties": {"facility_id": "hifld_ss_147820", "facility_name": "DARBYTOWN CTS", "year": 2026, "type": "substation", "geoid": 51087, "lines": 3.0, "max_voltage": 230.0, "source_id": "147820", "status": "IN SERVICE"}}, {"type": "Feature", "geometry": {"type": "Point", "coordinates": [-77.40747615699996, 37.38896584900005]}, "properties": {"facility_id": "hifld_ss_147821", "facility_name": "REYMET", "year": 2026, "type": "substation", "geoid": 51041, "lines": 2.0, "max_voltage": 115.0, "source_id": "147821", "status": "IN SERVICE"}}, {"type": "Feature", "geometry": {"type": "Point", "coordinates": [-77.38259825799997, 37.38180343300007]}, "properties": {"facility_id": "hifld_ss_147822", "facility_name": "CHESTERFIELD", "year": 2026, "type": "substation", "geoid": 51041, "lines": 14.0, "max_voltage": 230.0, "source_id": "147822", "status": "IN SERVICE"}}, {"type": "Feature", "geometry": {"type": "Point", "coordinates": [-77.38719180799995, 37.381196671000055]}, "properties": {"facility_id": "hifld_ss_147823", "facility_name": "CHESTERFIELD", "year": 2026, "type": "substation", "geoid": 51041, "lines": 14.0, "max_voltage": 230.0, "source_id": "147823", "status": "IN SERVICE"}}, {"type": "Feature", "geometry": {"type": "Point", "coordinates": [-77.38524778799996, 37.38150897500003]}, "properties": {"facility_id": "hifld_ss_147824", "facility_name": "CHESTERFIELD", "year": 2026, "type": "substation", "geoid": 51041, "lines": 2.0, "max_voltage": 230.0, "source_id": "147824", "status": "IN SERVICE"}}, {"type": "Feature", "geometry": {"type": "Point", "coordinates": [-77.42762435899994, 37.552801438000074]}, "properties": {"facility_id": "hifld_ss_147825", "facility_name": "SHOCKOE", "year": 2026, "type": "substation", "geoid": 51760, "lines": 2.0, "max_voltage": 115.0, "source_id": "147825", "status": "IN SERVICE"}}, {"type": "Feature", "geometry": {"type": "Point", "coordinates": [-77.44835885399993, 37.55573234900004]}, "properties": {"facility_id": "hifld_ss_147826", "facility_name": "CARVER", "year": 2026, "type": "substation", "geoid": 51760, "lines": 2.0, "source_id": "147826", "status": "IN SERVICE"}}, {"type": "Feature", "geometry": {"type": "Point", "coordinates": [-77.42595270299995, 37.521676307000064]}, "properties": {"facility_id": "hifld_ss_147827", "facility_name": "PIPELINE", "year": 2026, "type": "substation", "geoid": 51760, "lines": 1.0, "max_voltage": 115.0, "source_id": "147827", "status": "IN SERVICE"}}, {"type": "Feature", "geometry": {"type": "Point", "coordinates": [-77.43218906399994, 37.49546269000007]}, "properties": {"facility_id": "hifld_ss_147828", "facility_name": "MANCHESTER", "year": 2026, "type": "substation", "geoid": 51760, "lines": 2.0, "max_voltage": 230.0, "source_id": "147828", "status": "IN SERVICE"}}, {"type": "Feature", "geometry": {"type": "Point", "coordinates": [-77.43984126799995, 37.533573422000075]}, "properties": {"facility_id": "hifld_ss_147829", "facility_name": "TWELVTH STREET", "year": 2026, "type": "substation", "geoid": 51760, "lines": 3.0, "max_voltage": 115.0, "source_id": "147829", "status": "IN SERVICE"}}, {"type": "Feature", "geometry": {"type": "Point", "coordinates": [-77.43845776399996, 37.45327138100003]}, "properties": {"facility_id": "hifld_ss_147830", "facility_name": "DUPONT", "year": 2026, "type": "substation", "geoid": 51041, "lines": 2.0, "source_id": "147830", "status": "IN SERVICE"}}, {"type": "Feature", "geometry": {"type": "Point", "coordinates": [-77.43269173499993, 37.41737780600005]}, "properties": {"facility_id": "hifld_ss_147831", "facility_name": "BELLWOOD", "year": 2026, "type": "substation", "geoid": 51041, "lines": 2.0, "max_voltage": 115.0, "source_id": "147831", "status": "IN SERVICE"}}, {"type": "Feature", "geometry": {"type": "Point", "coordinates": [-77.43748999299999, 37.450055055000064]}, "properties": {"facility_id": "hifld_ss_147832", "facility_name": "KEVLAR", "year": 2026, "type": "substation", "geoid": 51041, "lines": 2.0, "source_id": "147832", "status": "IN SERVICE"}}, {"type": "Feature", "geometry": {"type": "Point", "coordinates": [-77.39523909099995, 37.35109094000006]}, "properties": {"facility_id": "hifld_ss_147833", "facility_name": "TYLER", "year": 2026, "type": "substation", "geoid": 51041, "lines": 6.0, "max_voltage": 230.0, "source_id": "147833", "status": "IN SERVICE"}}, {"type": "Feature", "geometry": {"type": "Point", "coordinates": [-77.41912398699998, 37.29185053600003]}, "properties": {"facility_id": "hifld_ss_147834", "facility_name": "HARROWGATE", "year": 2026, "type": "substation", "geoid": 51041, "lines": 6.0, "max_voltage": 230.0, "source_id": "147834", "status": "IN SERVICE"}}, {"type": "Feature", "geometry": {"type": "Point", "coordinates": [-77.28109658299996, 37.33627018300007]}, "properties": {"facility_id": "hifld_ss_147835", "facility_name": "ALPINE", "year": 2026, "type": "substation", "geoid": 51041, "lines": 3.0, "max_voltage": 230.0, "source_id": "147835", "status": "IN SERVICE"}}, {"type": "Feature", "geometry": {"type": "Point", "coordinates": [-77.28266628399996, 37.290060485000026]}, "properties": {"facility_id": "hifld_ss_147836", "facility_name": "HOPEWELL", "year": 2026, "type": "substation", "geoid": 51670, "lines": 7.0, "max_voltage": 230.0, "source_id": "147836", "status": "IN SERVICE"}}, {"type": "Feature", "geometry": {"type": "Point", "coordinates": [-77.37924538799996, 37.671245655000064]}, "properties": {"facility_id": "hifld_ss_147837", "facility_name": "PEARSONS", "year": 2026, "type": "substation", "geoid": 51085, "lines": 2.0, "max_voltage": 230.0, "source_id": "147837", "status": "IN SERVICE"}}, {"type": "Feature", "geometry": {"type": "Point", "coordinates": [-77.36232330399997, 37.55070133900006]}, "properties": {"facility_id": "hifld_ss_147838", "facility_name": "NORTHEAST", "year": 2026, "type": "substation", "geoid": 51087, "lines": 6.0, "max_voltage": 230.0, "source_id": "147838", "status": "IN SERVICE"}}, {"type": "Feature", "geometry": {"type": "Point", "coordinates": [-77.43067208599996, 37.49209700900008]}, "properties": {"facility_id": "hifld_ss_147839", "facility_name": "BASIN", "year": 2026, "type": "substation", "geoid": 51760, "lines": 9.0, "max_voltage": 230.0, "source_id": "147839", "status": "IN SERVICE"}}, {"type": "Feature", "geometry": {"type": "Point", "coordinates": [-77.46011623799996, 37.61688513200005]}, "properties": {"facility_id": "hifld_ss_147840", "facility_name": "LAKESIDE", "year": 2026, "type": "substation", "geoid": 51087, "lines": 5.0, "max_voltage": 230.0, "source_id": "147840", "status": "IN SERVICE"}}, {"type": "Feature", "geometry": {"type": "Point", "coordinates": [-77.42938599699994, 37.45453351400005]}, "properties": {"facility_id": "hifld_ss_147841", "facility_name": "SPRUANCE NUG", "year": 2026, "type": "substation", "geoid": 51760, "lines": 2.0, "max_voltage": 230.0, "source_id": "147841", "status": "IN SERVICE"}}, {"type": "Feature", "geometry": {"type": "Point", "coordinates": [-77.43489524199998, 37.47400670600007]}, "properties": {"facility_id": "hifld_ss_147842", "facility_name": "MARLBORO", "year": 2026, "type": "substation", "geoid": 51760, "lines": 2.0, "max_voltage": 115.0, "source_id": "147842", "status": "IN SERVICE"}}, {"type": "Feature", "geometry": {"type": "Point", "coordinates": [-77.32325939099997, 37.33964443900004]}, "properties": {"facility_id": "hifld_ss_147843", "facility_name": "NATIONAL WELDERS IND", "year": 2026, "type": "substation", "geoid": 51041, "lines": 2.0, "max_voltage": 230.0, "source_id": "147843", "status": "IN SERVICE"}}, {"type": "Feature", "geometry": {"type": "Point", "coordinates": [-77.29775811299999, 37.33836845300005]}, "properties": {"facility_id": "hifld_ss_147844", "facility_name": "ALLIED", "year": 2026, "type": "substation", "geoid": 51041, "lines": 1.0, "max_voltage": 230.0, "source_id": "147844", "status": "IN SERVICE"}}, {"type": "Feature", "geometry": {"type": "Point", "coordinates": [-77.27067635699996, 37.29232243400003]}, "properties": {"facility_id": "hifld_ss_147845", "facility_name": "COGENTRIX", "year": 2026, "type": "substation", "geoid": 51670, "lines": 2.0, "max_voltage": 230.0, "source_id": "147845", "status": "IN SERVICE"}}, {"type": "Feature", "geometry": {"type": "Point", "coordinates": [-77.28344422699996, 37.29817939800006]}, "properties": {"facility_id": "hifld_ss_147846", "facility_name": "POLYESTER PS", "year": 2026, "type": "substation", "geoid": 51670, "lines": 2.0, "max_voltage": 230.0, "source_id": "147846", "status": "IN SERVICE"}}, {"type": "Feature", "geometry": {"type": "Point", "coordinates": [-77.27296079799999, 37.29786665700004]}, "properties": {"facility_id": "hifld_ss_147847", "facility_name": "HCF", "year": 2026, "type": "substation", "geoid": 51670, "lines": 0.0, "source_id": "147847", "status": "IN SERVICE"}}, {"type": "Feature", "geometry": {"type": "Point", "coordinates": [-77.39916863299999, 37.30339617000004]}, "properties": {"facility_id": "hifld_ss_147848", "facility_name": "WALTHALL", "year": 2026, "type": "substation", "geoid": 51041, "lines": 1.0, "max_voltage": 115.0, "source_id": "147848", "status": "IN SERVICE"}}, {"type": "Feature", "geometry": {"type": "Point", "coordinates": [-77.46122386099995, 37.88319272700005]}, "properties": {"facility_id": "hifld_ss_147849", "facility_name": "NORTH DOSWELL", "year": 2026, "type": "substation", "geoid": 51085, "lines": 1.0, "max_voltage": 115.0, "source_id": "147849", "status": "IN SERVICE"}}, {"type": "Feature", "geometry": {"type": "Point", "coordinates": [-77.36238895199995, 37.83706571800008]}, "properties": {"facility_id": "hifld_ss_147850", "facility_name": "BEAR ISLAND DP", "year": 2026, "type": "substation", "geoid": 51033, "lines": 1.0, "max_voltage": 115.0, "source_id": "147850", "status": "IN SERVICE"}}, {"type": "Feature", "geometry": {"type": "Point", "coordinates": [-77.42765586199994, 38.03114506600008]}, "properties": {"facility_id": "hifld_ss_147851", "facility_name": "ST. JOHNS", "year": 2026, "type": "substation", "geoid": 51033, "lines": 5.0, "max_voltage": 115.0, "source_id": "147851", "status": "IN SERVICE"}}, {"type": "Feature", "geometry": {"type": "Point", "coordinates": [-77.43118130699997, 38.02933589700007]}, "properties": {"facility_id": "hifld_ss_147852", "facility_name": "ST JOHNS DP", "year": 2026, "type": "substation", "geoid": 51033, "lines": 6.0, "max_voltage": 115.0, "source_id": "147852", "status": "IN SERVICE"}}, {"type": "Feature", "geometry": {"type": "Point", "coordinates": [-77.38765809099993, 38.45115318400008]}, "properties": {"facility_id": "hifld_ss_147853", "facility_name": "AQUIA HARBOR", "year": 2026, "type": "substation", "geoid": 51179, "lines": 4.0, "max_voltage": 230.0, "source_id": "147853", "status": "IN SERVICE"}}, {"type": "Feature", "geometry": {"type": "Point", "coordinates": [-77.45586288199996, 38.35364279300006]}, "properties": {"facility_id": "hifld_ss_147854", "facility_name": "CRANES CORNER", "year": 2026, "type": "substation", "geoid": 51179, "lines": 2.0, "max_voltage": 230.0, "source_id": "147854", "status": "IN SERVICE"}}, {"type": "Feature", "geometry": {"type": "Point", "coordinates": [-77.36493534799996, 38.50080254200003]}, "properties": {"facility_id": "hifld_ss_147855", "facility_name": "FULLER ROAD", "year": 2026, "type": "substation", "geoid": 51179, "lines": 2.0, "max_voltage": 230.0, "source_id": "147855", "status": "IN SERVICE"}}, {"type": "Feature", "geometry": {"type": "Point", "coordinates": [-77.27942618099996, 38.54052188400004]}, "properties": {"facility_id": "hifld_ss_147856", "facility_name": "POSSUM POINT", "year": 2026, "type": "substation", "geoid": 51153, "lines": 9.0, "max_voltage": 230.0, "source_id": "147856", "status": "IN SERVICE"}}, {"type": "Feature", "geometry": {"type": "Point", "coordinates": [-77.30371461599998, 38.51635437500005]}, "properties": {"facility_id": "hifld_ss_147857", "facility_name": "QUANTICO", "year": 2026, "type": "substation", "geoid": 51153, "lines": 1.0, "max_voltage": 115.0, "source_id": "147857", "status": "IN SERVICE"}}, {"type": "Feature", "geometry": {"type": "Point", "coordinates": [-77.37383143599999, 37.478443980000065]}, "properties": {"facility_id": "hifld_ss_147859", "facility_name": "TAP147859", "year": 2026, "type": "substation", "geoid": 51087, "lines": 2.0, "max_voltage": 115.0, "source_id": "147859", "status": "IN SERVICE"}}, {"type": "Feature", "geometry": {"type": "Point", "coordinates": [-77.43222576299996, 37.41753522600004]}, "properties": {"facility_id": "hifld_ss_147860", "facility_name": "TAP147860", "year": 2026, "type": "substation", "geoid": 51041, "lines": 3.0, "max_voltage": 115.0, "source_id": "147860", "status": "IN SERVICE"}}, {"type": "Feature", "geometry": {"type": "Point", "coordinates": [-77.43224222999999, 37.41741086700006]}, "properties": {"facility_id": "hifld_ss_147861", "facility_name": "TAP147861", "year": 2026, "type": "substation", "geoid": 51041, "lines": 3.0, "max_voltage": 115.0, "source_id": "147861", "status": "IN SERVICE"}}, {"type": "Feature", "geometry": {"type": "Point", "coordinates": [-77.42467009199999, 37.51009613700006]}, "properties": {"facility_id": "hifld_ss_147862", "facility_name": "TAP147862", "year": 2026, "type": "substation", "geoid": 51760, "lines": 3.0, "max_voltage": 115.0, "source_id": "147862", "status": "IN SERVICE"}}, {"type": "Feature", "geometry": {"type": "Point", "coordinates": [-77.42524116199996, 37.50336027900005]}, "properties": {"facility_id": "hifld_ss_147863", "facility_name": "TAP147863", "year": 2026, "type": "substation", "geoid": 51760, "lines": 3.0, "max_voltage": 115.0, "source_id": "147863", "status": "IN SERVICE"}}, {"type": "Feature", "geometry": {"type": "Point", "coordinates": [-77.42451635499998, 37.51108385900005]}, "properties": {"facility_id": "hifld_ss_147864", "facility_name": "TAP147864", "year": 2026, "type": "substation", "geoid": 51760, "lines": 3.0, "max_voltage": 115.0, "source_id": "147864", "status": "IN SERVICE"}}, {"type": "Feature", "geometry": {"type": "Point", "coordinates": [-77.43066724499994, 37.52437690800008]}, "properties": {"facility_id": "hifld_ss_147865", "facility_name": "TAP147865", "year": 2026, "type": "substation", "geoid": 51760, "lines": 3.0, "max_voltage": 115.0, "source_id": "147865", "status": "IN SERVICE"}}, {"type": "Feature", "geometry": {"type": "Point", "coordinates": [-77.43182707399995, 37.525494422000065]}, "properties": {"facility_id": "hifld_ss_147866", "facility_name": "TAP147866", "year": 2026, "type": "substation", "geoid": 51760, "lines": 3.0, "max_voltage": 115.0, "source_id": "147866", "status": "IN SERVICE"}}, {"type": "Feature", "geometry": {"type": "Point", "coordinates": [-77.41088609799993, 37.38959818100005]}, "properties": {"facility_id": "hifld_ss_147867", "facility_name": "TAP147867", "year": 2026, "type": "substation", "geoid": 51041, "lines": 3.0, "max_voltage": 115.0, "source_id": "147867", "status": "IN SERVICE"}}, {"type": "Feature", "geometry": {"type": "Point", "coordinates": [-77.36248286899996, 37.83736324400007]}, "properties": {"facility_id": "hifld_ss_147868", "facility_name": "TAP147868", "year": 2026, "type": "substation", "geoid": 51033, "lines": 3.0, "max_voltage": 115.0, "source_id": "147868", "status": "IN SERVICE"}}, {"type": "Feature", "geometry": {"type": "Point", "coordinates": [-77.29734809099995, 37.33731198900006]}, "properties": {"facility_id": "hifld_ss_147869", "facility_name": "TAP147869", "year": 2026, "type": "substation", "geoid": 51041, "lines": 3.0, "max_voltage": 230.0, "source_id": "147869", "status": "IN SERVICE"}}, {"type": "Feature", "geometry": {"type": "Point", "coordinates": [-77.29364549699994, 37.44646123500007]}, "properties": {"facility_id": "hifld_ss_147870", "facility_name": "TAP147870", "year": 2026, "type": "substation", "geoid": 51087, "lines": 3.0, "max_voltage": 115.0, "source_id": "147870", "status": "IN SERVICE"}}, {"type": "Feature", "geometry": {"type": "Point", "coordinates": [-77.40408462699997, 37.30660243500006]}, "properties": {"facility_id": "hifld_ss_147873", "facility_name": "TAP147873", "year": 2026, "type": "substation", "geoid": 51041, "lines": 3.0, "max_voltage": 115.0, "source_id": "147873", "status": "IN SERVICE"}}, {"type": "Feature", "geometry": {"type": "Point", "coordinates": [-77.46230878799997, 37.74051855600004]}, "properties": {"facility_id": "hifld_ss_147874", "facility_name": "TAP147874", "year": 2026, "type": "substation", "geoid": 51085, "lines": 3.0, "max_voltage": 115.0, "source_id": "147874", "status": "IN SERVICE"}}, {"type": "Feature", "geometry": {"type": "Point", "coordinates": [-77.45150386499995, 37.38705962900008]}, "properties": {"facility_id": "hifld_ss_147875", "facility_name": "TAP147875", "year": 2026, "type": "substation", "geoid": 51041, "lines": 3.0, "max_voltage": 115.0, "source_id": "147875", "status": "IN SERVICE"}}, {"type": "Feature", "geometry": {"type": "Point", "coordinates": [-77.30143634699994, 37.447482732000026]}, "properties": {"facility_id": "hifld_ss_147876", "facility_name": "TURNER ROAD", "year": 2026, "type": "substation", "geoid": 51087, "lines": 4.0, "max_voltage": 230.0, "source_id": "147876", "status": "IN SERVICE"}}, {"type": "Feature", "geometry": {"type": "Point", "coordinates": [-77.46271479099994, 37.740695351000056]}, "properties": {"facility_id": "hifld_ss_147877", "facility_name": "HANOVER", "year": 2026, "type": "substation", "geoid": 51085, "lines": 3.0, "max_voltage": 230.0, "source_id": "147877", "status": "IN SERVICE"}}, {"type": "Feature", "geometry": {"type": "Point", "coordinates": [-77.44353516599995, 37.821787878000066]}, "properties": {"facility_id": "hifld_ss_147878", "facility_name": "FOUR RIVERS", "year": 2026, "type": "substation", "geoid": 51085, "lines": 6.0, "max_voltage": 230.0, "source_id": "147878", "status": "IN SERVICE"}}, {"type": "Feature", "geometry": {"type": "Point", "coordinates": [-77.43722743799998, 37.818782500000054]}, "properties": {"facility_id": "hifld_ss_147879", "facility_name": "BEAR ISLAND", "year": 2026, "type": "substation", "geoid": 51085, "lines": 1.0, "max_voltage": 230.0, "source_id": "147879", "status": "IN SERVICE"}}, {"type": "Feature", "geometry": {"type": "Point", "coordinates": [-77.44170623799994, 37.84628421100007]}, "properties": {"facility_id": "hifld_ss_147880", "facility_name": "KINGS DOMINION", "year": 2026, "type": "substation", "geoid": 51085, "lines": 2.0, "max_voltage": 115.0, "source_id": "147880", "status": "IN SERVICE"}}, {"type": "Feature", "geometry": {"type": "Point", "coordinates": [-77.36597471499994, 37.51559167700003]}, "properties": {"facility_id": "hifld_ss_147881", "facility_name": "CHARLES CITY ROAD", "year": 2026, "type": "substation", "geoid": 51087, "lines": 2.0, "max_voltage": 230.0, "source_id": "147881", "status": "IN SERVICE"}}, {"type": "Feature", "geometry": {"type": "Point", "coordinates": [-77.38919760199997, 38.44610158900008]}, "properties": {"facility_id": "hifld_ss_147882", "facility_name": "STAFFORD", "year": 2026, "type": "substation", "geoid": 51179, "lines": 1.0, "max_voltage": 230.0, "source_id": "147882", "status": "IN SERVICE"}}, {"type": "Feature", "geometry": {"type": "Point", "coordinates": [-77.44548371099995, 38.090488925000045]}, "properties": {"facility_id": "hifld_ss_147883", "facility_name": "WOODPECKER", "year": 2026, "type": "substation", "geoid": 51033, "lines": 1.0, "max_voltage": 115.0, "source_id": "147883", "status": "IN SERVICE"}}, {"type": "Feature", "geometry": {"type": "Point", "coordinates": [-77.31785779399996, 38.267826084000035]}, "properties": {"facility_id": "hifld_ss_147884", "facility_name": "BIRCHWOOD", "year": 2026, "type": "substation", "geoid": 51099, "lines": 3.0, "max_voltage": 230.0, "source_id": "147884", "status": "IN SERVICE"}}, {"type": "Feature", "geometry": {"type": "Point", "coordinates": [-77.45344474899997, 37.37949754700003]}, "properties": {"facility_id": "hifld_ss_147885", "facility_name": "CENTRALIA", "year": 2026, "type": "substation", "geoid": 51041, "lines": 1.0, "max_voltage": 115.0, "source_id": "147885", "status": "IN SERVICE"}}, {"type": "Feature", "geometry": {"type": "Point", "coordinates": [-77.67210685099997, 37.393218156000046]}, "properties": {"facility_id": "hifld_ss_147890", "facility_name": "WINTERPOCK", "year": 2026, "type": "substation", "geoid": 51041, "lines": 2.0, "max_voltage": 230.0, "source_id": "147890", "status": "IN SERVICE"}}, {"type": "Feature", "geometry": {"type": "Point", "coordinates": [-77.70405173399996, 37.50258351800005]}, "properties": {"facility_id": "hifld_ss_147891", "facility_name": "MIDLOTHIAN", "year": 2026, "type": "substation", "geoid": 51041, "lines": 9.0, "max_voltage": 500.0, "source_id": "147891", "status": "IN SERVICE"}}, {"type": "Feature", "geometry": {"type": "Point", "coordinates": [-77.79385635399996, 37.63621889800004]}, "properties": {"facility_id": "hifld_ss_147892", "facility_name": "NORTH POLE", "year": 2026, "type": "substation", "geoid": 51075, "lines": 2.0, "max_voltage": 230.0, "source_id": "147892", "status": "IN SERVICE"}}, {"type": "Feature", "geometry": {"type": "Point", "coordinates": [-77.79721628199997, 38.06129172100003]}, "properties": {"facility_id": "hifld_ss_147893", "facility_name": "NORTH ANNA", "year": 2026, "type": "substation", "geoid": 51109, "lines": 5.0, "max_voltage": 500.0, "source_id": "147893", "status": "IN SERVICE"}}, {"type": "Feature", "geometry": {"type": "Point", "coordinates": [-77.75674092199995, 38.354431797000075]}, "properties": {"facility_id": "hifld_ss_147894", "facility_name": "WILDERNESS DP", "year": 2026, "type": "substation", "geoid": 51137, "lines": 1.0, "max_voltage": 115.0, "source_id": "147894", "status": "IN SERVICE"}}, {"type": "Feature", "geometry": {"type": "Point", "coordinates": [-77.83495515399994, 38.22622492800008]}, "properties": {"facility_id": "hifld_ss_147895", "facility_name": "PAYTES DP", "year": 2026, "type": "substation", "geoid": 51177, "lines": 3.0, "max_voltage": 115.0, "source_id": "147895", "status": "IN SERVICE"}}, {"type": "Feature", "geometry": {"type": "Point", "coordinates": [-77.78125429299996, 38.31353299500006]}, "properties": {"facility_id": "hifld_ss_147896", "facility_name": "LAKE OF THE WOODS DP", "year": 2026, "type": "substation", "geoid": 51137, "lines": 1.0, "max_voltage": 115.0, "source_id": "147896", "status": "IN SERVICE"}}, {"type": "Feature", "geometry": {"type": "Point", "coordinates": [-77.70878873599997, 38.50108791800005]}, "properties": {"facility_id": "hifld_ss_147897", "facility_name": "MORRISVILLE", "year": 2026, "type": "substation", "geoid": 51061, "lines": 6.0, "max_voltage": 500.0, "source_id": "147897", "status": "IN SERVICE"}}, {"type": "Feature", "geometry": {"type": "Point", "coordinates": [-77.77721970299996, 38.53964352400004]}, "properties": {"facility_id": "hifld_ss_147898", "facility_name": "REMINGTON", "year": 2026, "type": "substation", "geoid": 51061, "lines": 4.0, "max_voltage": 230.0, "source_id": "147898", "status": "IN SERVICE"}}, {"type": "Feature", "geometry": {"type": "Point", "coordinates": [-77.76959511699994, 38.54385199800004]}, "properties": {"facility_id": "hifld_ss_147899", "facility_name": "REMINGTON CT", "year": 2026, "type": "substation", "geoid": 51061, "lines": 6.0, "max_voltage": 230.0, "source_id": "147899", "status": "IN SERVICE"}}, {"type": "Feature", "geometry": {"type": "Point", "coordinates": [-77.76961349999993, 38.52789850500005]}, "properties": {"facility_id": "hifld_ss_147900", "facility_name": "MARSH RUN CT", "year": 2026, "type": "substation", "geoid": 51061, "lines": 5.0, "max_voltage": 230.0, "source_id": "147900", "status": "IN SERVICE"}}, {"type": "Feature", "geometry": {"type": "Point", "coordinates": [-77.76746381499999, 38.69742368000004]}, "properties": {"facility_id": "hifld_ss_147901", "facility_name": "WARRENTON", "year": 2026, "type": "substation", "geoid": 51061, "lines": 1.0, "max_voltage": 230.0, "source_id": "147901", "status": "IN SERVICE"}}, {"type": "Feature", "geometry": {"type": "Point", "coordinates": [-77.72156119199997, 38.95924314900003]}, "properties": {"facility_id": "hifld_ss_147902", "facility_name": "MIDDLEBURG", "year": 2026, "type": "substation", "geoid": 51107, "lines": 1.0, "max_voltage": 115.0, "source_id": "147902", "status": "IN SERVICE"}}, {"type": "Feature", "geometry": {"type": "Point", "coordinates": [-77.80503624699998, 37.531185366000045]}, "properties": {"facility_id": "hifld_ss_147903", "facility_name": "TAP147903", "year": 2026, "type": "substation", "geoid": 51145, "lines": 2.0, "max_voltage": 230.0, "source_id": "147903", "status": "IN SERVICE"}}, {"type": "Feature", "geometry": {"type": "Point", "coordinates": [-77.73141765899999, 37.78810051900007]}, "properties": {"facility_id": "hifld_ss_147904", "facility_name": "TAP147904", "year": 2026, "type": "substation", "geoid": 51085, "lines": 3.0, "source_id": "147904", "status": "IN SERVICE"}}, {"type": "Feature", "geometry": {"type": "Point", "coordinates": [-77.68039987899994, 39.146408448000045]}, "properties": {"facility_id": "hifld_ss_147917", "facility_name": "HAMILTON", "year": 2026, "type": "substation", "geoid": 51107, "lines": 1.0, "source_id": "147917", "status": "IN SERVICE"}}, {"type": "Feature", "geometry": {"type": "Point", "coordinates": [-76.73866348299998, 37.01474396900005]}, "properties": {"facility_id": "hifld_ss_147920", "facility_name": "SEPTA", "year": 2026, "type": "substation", "geoid": 51093, "lines": 3.0, "max_voltage": 500.0, "source_id": "147920", "status": "IN SERVICE"}}, {"type": "Feature", "geometry": {"type": "Point", "coordinates": [-76.69477726099996, 37.16202032700005]}, "properties": {"facility_id": "hifld_ss_147921", "facility_name": "SURRY", "year": 2026, "type": "substation", "geoid": 51181, "lines": 14.0, "max_voltage": 500.0, "source_id": "147921", "status": "IN SERVICE"}}, {"type": "Feature", "geometry": {"type": "Point", "coordinates": [-76.54619558099995, 37.16228569300006]}, "properties": {"facility_id": "hifld_ss_147922", "facility_name": "FORT EUSTIS", "year": 2026, "type": "substation", "geoid": 51700, "lines": 2.0, "max_voltage": 230.0, "source_id": "147922", "status": "IN SERVICE"}}, {"type": "Feature", "geometry": {"type": "Point", "coordinates": [-76.49849950299995, 37.14913923000006]}, "properties": {"facility_id": "hifld_ss_147923", "facility_name": "GRAFTON", "year": 2026, "type": "substation", "geoid": 51199, "lines": 2.0, "max_voltage": 230.0, "source_id": "147923", "status": "IN SERVICE"}}, {"type": "Feature", "geometry": {"type": "Point", "coordinates": [-76.38503462999995, 37.09336742100004]}, "properties": {"facility_id": "hifld_ss_147924", "facility_name": "NASA", "year": 2026, "type": "substation", "geoid": 51650, "lines": 2.0, "max_voltage": 115.0, "source_id": "147924", "status": "IN SERVICE"}}, {"type": "Feature", "geometry": {"type": "Point", "coordinates": [-76.60514216399997, 37.20268561800003]}, "properties": {"facility_id": "hifld_ss_147925", "facility_name": "DOW", "year": 2026, "type": "substation", "geoid": 51095, "lines": 1.0, "max_voltage": 115.0, "source_id": "147925", "status": "IN SERVICE"}}, {"type": "Feature", "geometry": {"type": "Point", "coordinates": [-76.91198958999996, 37.42016693800008]}, "properties": {"facility_id": "hifld_ss_147927", "facility_name": "LANEXA", "year": 2026, "type": "substation", "geoid": 51127, "lines": 10.0, "max_voltage": 230.0, "source_id": "147927", "status": "IN SERVICE"}}, {"type": "Feature", "geometry": {"type": "Point", "coordinates": [-76.80487749099996, 37.36324129900004]}, "properties": {"facility_id": "hifld_ss_147928", "facility_name": "TOANO", "year": 2026, "type": "substation", "geoid": 51095, "lines": 2.0, "max_voltage": 115.0, "source_id": "147928", "status": "IN SERVICE"}}, {"type": "Feature", "geometry": {"type": "Point", "coordinates": [-76.75710981099996, 37.32823050500008]}, "properties": {"facility_id": "hifld_ss_147929", "facility_name": "LIGHTFOOT", "year": 2026, "type": "substation", "geoid": 51095, "lines": 6.0, "max_voltage": 230.0, "source_id": "147929", "status": "IN SERVICE"}}, {"type": "Feature", "geometry": {"type": "Point", "coordinates": [-76.49480810599994, 37.27920313300007]}, "properties": {"facility_id": "hifld_ss_147930", "facility_name": "HAYES", "year": 2026, "type": "substation", "geoid": 51073, "lines": 2.0, "max_voltage": 230.0, "source_id": "147930", "status": "IN SERVICE"}}, {"type": "Feature", "geometry": {"type": "Point", "coordinates": [-76.43043747899998, 36.986557024000035]}, "properties": {"facility_id": "hifld_ss_147931", "facility_name": "NEWPORT NEWS", "year": 2026, "type": "substation", "geoid": 51700, "lines": 3.0, "max_voltage": 230.0, "source_id": "147931", "status": "IN SERVICE"}}, {"type": "Feature", "geometry": {"type": "Point", "coordinates": [-76.36708709499999, 37.029970915000035]}, "properties": {"facility_id": "hifld_ss_147932", "facility_name": "SHELLBANK", "year": 2026, "type": "substation", "geoid": 51650, "lines": 5.0, "max_voltage": 230.0, "source_id": "147932", "status": "IN SERVICE"}}, {"type": "Feature", "geometry": {"type": "Point", "coordinates": [-76.30026434999996, 37.06074010100008]}, "properties": {"facility_id": "hifld_ss_147933", "facility_name": "BLOXOMS CORNER", "year": 2026, "type": "substation", "geoid": 51650, "lines": 1.0, "max_voltage": 115.0, "source_id": "147933", "status": "IN SERVICE"}}, {"type": "Feature", "geometry": {"type": "Point", "coordinates": [-76.40107991599996, 37.05799065700006]}, "properties": {"facility_id": "hifld_ss_147934", "facility_name": "MAGRUDER", "year": 2026, "type": "substation", "geoid": 51650, "lines": 2.0, "max_voltage": 230.0, "source_id": "147934", "status": "IN SERVICE"}}, {"type": "Feature", "geometry": {"type": "Point", "coordinates": [-76.43134134999997, 37.03074178300005]}, "properties": {"facility_id": "hifld_ss_147935", "facility_name": "WHEALTON", "year": 2026, "type": "substation", "geoid": 51650, "lines": 7.0, "max_voltage": 230.0, "source_id": "147935", "status": "IN SERVICE"}}, {"type": "Feature", "geometry": {"type": "Point", "coordinates": [-76.38880984499997, 37.091458190000026]}, "properties": {"facility_id": "hifld_ss_147936", "facility_name": "PENINSULA", "year": 2026, "type": "substation", "geoid": 51650, "lines": 8.0, "max_voltage": 230.0, "source_id": "147936", "status": "IN SERVICE"}}, {"type": "Feature", "geometry": {"type": "Point", "coordinates": [-76.44045317299998, 37.12657877200007]}, "properties": {"facility_id": "hifld_ss_147937", "facility_name": "SEAFORD", "year": 2026, "type": "substation", "geoid": 51199, "lines": 4.0, "max_voltage": 230.0, "source_id": "147937", "status": "IN SERVICE"}}, {"type": "Feature", "geometry": {"type": "Point", "coordinates": [-76.50412402999996, 37.10745168300008]}, "properties": {"facility_id": "hifld_ss_147938", "facility_name": "COLONY", "year": 2026, "type": "substation", "geoid": 51700, "lines": 2.0, "max_voltage": 115.0, "source_id": "147938", "status": "IN SERVICE"}}, {"type": "Feature", "geometry": {"type": "Point", "coordinates": [-76.46033697799999, 37.08343513900007]}, "properties": {"facility_id": "hifld_ss_147939", "facility_name": "WARWICK", "year": 2026, "type": "substation", "geoid": 51700, "lines": 2.0, "max_voltage": 230.0, "source_id": "147939", "status": "IN SERVICE"}}, {"type": "Feature", "geometry": {"type": "Point", "coordinates": [-76.46103490899998, 37.21316328900008]}, "properties": {"facility_id": "hifld_ss_147940", "facility_name": "YORKTOWN", "year": 2026, "type": "substation", "geoid": 51199, "lines": 11.0, "max_voltage": 230.0, "source_id": "147940", "status": "IN SERVICE"}}, {"type": "Feature", "geometry": {"type": "Point", "coordinates": [-76.80383346999997, 37.53926227000005]}, "properties": {"facility_id": "hifld_ss_147941", "facility_name": "WEST POINT", "year": 2026, "type": "substation", "geoid": 51101, "lines": 2.0, "max_voltage": 230.0, "source_id": "147941", "status": "IN SERVICE"}}, {"type": "Feature", "geometry": {"type": "Point", "coordinates": [-76.81263912999998, 37.85277896400004]}, "properties": {"facility_id": "hifld_ss_147942", "facility_name": "DUNNSVILLE", "year": 2026, "type": "substation", "geoid": 51057, "lines": 2.0, "max_voltage": 230.0, "source_id": "147942", "status": "IN SERVICE"}}, {"type": "Feature", "geometry": {"type": "Point", "coordinates": [-76.71203978699998, 37.94847795000004]}, "properties": {"facility_id": "hifld_ss_147943", "facility_name": "NORTHERN NECK", "year": 2026, "type": "substation", "geoid": 51159, "lines": 3.0, "max_voltage": 230.0, "source_id": "147943", "status": "IN SERVICE"}}, {"type": "Feature", "geometry": {"type": "Point", "coordinates": [-76.39830011899994, 37.64880296500007]}, "properties": {"facility_id": "hifld_ss_147944", "facility_name": "WHITE STONE", "year": 2026, "type": "substation", "geoid": 51103, "lines": 2.0, "max_voltage": 115.0, "source_id": "147944", "status": "IN SERVICE"}}, {"type": "Feature", "geometry": {"type": "Point", "coordinates": [-76.48478139199995, 37.58231166300004]}, "properties": {"facility_id": "hifld_ss_147945", "facility_name": "HARMONY VILLAGE", "year": 2026, "type": "substation", "geoid": 51119, "lines": 5.0, "max_voltage": 230.0, "source_id": "147945", "status": "IN SERVICE"}}, {"type": "Feature", "geometry": {"type": "Point", "coordinates": [-76.50641923899997, 37.89372550600007]}, "properties": {"facility_id": "hifld_ss_147946", "facility_name": "GARNER DP", "year": 2026, "type": "substation", "geoid": 51133, "lines": 1.0, "source_id": "147946", "status": "IN SERVICE"}}, {"type": "Feature", "geometry": {"type": "Point", "coordinates": [-75.57043579399993, 37.94334066600004]}, "properties": {"facility_id": "hifld_ss_147947", "facility_name": "OAK HALL", "year": 2026, "type": "substation", "geoid": 51001, "lines": 7.0, "max_voltage": 138.0, "source_id": "147947", "status": "IN SERVICE"}}, {"type": "Feature", "geometry": {"type": "Point", "coordinates": [-75.52172575899993, 37.88098030700007]}, "properties": {"facility_id": "hifld_ss_147948", "facility_name": "CHINCOTEAGUE", "year": 2026, "type": "substation", "geoid": 51001, "lines": 1.0, "max_voltage": 69.0, "source_id": "147948", "status": "IN SERVICE"}}, {"type": "Feature", "geometry": {"type": "Point", "coordinates": [-76.47368453799999, 37.15142537500003]}, "properties": {"facility_id": "hifld_ss_147949", "facility_name": "TAP147949", "year": 2026, "type": "substation", "geoid": 51199, "lines": 2.0, "max_voltage": 115.0, "source_id": "147949", "status": "IN SERVICE"}}, {"type": "Feature", "geometry": {"type": "Point", "coordinates": [-76.47383679299998, 37.15153831600003]}, "properties": {"facility_id": "hifld_ss_147950", "facility_name": "TAP147950", "year": 2026, "type": "substation", "geoid": 51199, "lines": 2.0, "max_voltage": 115.0, "source_id": "147950", "status": "IN SERVICE"}}, {"type": "Feature", "geometry": {"type": "Point", "coordinates": [-76.42475928499994, 37.01724250600006]}, "properties": {"facility_id": "hifld_ss_147951", "facility_name": "TAP147951", "year": 2026, "type": "substation", "geoid": 51700, "lines": 3.0, "max_voltage": 230.0, "source_id": "147951", "status": "IN SERVICE"}}, {"type": "Feature", "geometry": {"type": "Point", "coordinates": [-76.51529553899996, 37.17286221100005]}, "properties": {"facility_id": "hifld_ss_147952", "facility_name": "TAP147952", "year": 2026, "type": "substation", "geoid": 51700, "lines": 3.0, "max_voltage": 230.0, "source_id": "147952", "status": "IN SERVICE"}}, {"type": "Feature", "geometry": {"type": "Point", "coordinates": [-76.57534751399999, 37.20640519300008]}, "properties": {"facility_id": "hifld_ss_147953", "facility_name": "TAP147953", "year": 2026, "type": "substation", "geoid": 51700, "lines": 3.0, "max_voltage": 115.0, "source_id": "147953", "status": "IN SERVICE"}}, {"type": "Feature", "geometry": {"type": "Point", "coordinates": [-76.49945142399997, 37.15143481200005]}, "properties": {"facility_id": "hifld_ss_147954", "facility_name": "TAP147954", "year": 2026, "type": "substation", "geoid": 51199, "lines": 3.0, "max_voltage": 230.0, "source_id": "147954", "status": "IN SERVICE"}}, {"type": "Feature", "geometry": {"type": "Point", "coordinates": [-76.49940573299995, 37.15127820200007]}, "properties": {"facility_id": "hifld_ss_147955", "facility_name": "TAP147955", "year": 2026, "type": "substation", "geoid": 51199, "lines": 3.0, "max_voltage": 115.0, "source_id": "147955", "status": "IN SERVICE"}}, {"type": "Feature", "geometry": {"type": "Point", "coordinates": [-76.58609587299998, 37.21037270800008]}, "properties": {"facility_id": "hifld_ss_147956", "facility_name": "TAP147956", "year": 2026, "type": "substation", "geoid": 51700, "lines": 3.0, "max_voltage": 115.0, "source_id": "147956", "status": "IN SERVICE"}}, {"type": "Feature", "geometry": {"type": "Point", "coordinates": [-76.81744710299995, 37.37205566900008]}, "properties": {"facility_id": "hifld_ss_147958", "facility_name": "TAP147958", "year": 2026, "type": "substation", "geoid": 51095, "lines": 3.0, "max_voltage": 115.0, "source_id": "147958", "status": "IN SERVICE"}}, {"type": "Feature", "geometry": {"type": "Point", "coordinates": [-76.86224810299996, 37.48971854900003]}, "properties": {"facility_id": "hifld_ss_147960", "facility_name": "TAP147960", "year": 2026, "type": "substation", "geoid": 51127, "lines": 3.0, "max_voltage": 230.0, "source_id": "147960", "status": "IN SERVICE"}}, {"type": "Feature", "geometry": {"type": "Point", "coordinates": [-76.81415660799996, 37.55183620100007]}, "properties": {"facility_id": "hifld_ss_147961", "facility_name": "TAP147961", "year": 2026, "type": "substation", "geoid": 51101, "lines": 3.0, "max_voltage": 230.0, "source_id": "147961", "status": "IN SERVICE"}}, {"type": "Feature", "geometry": {"type": "Point", "coordinates": [-76.70200523199998, 37.54304290600004]}, "properties": {"facility_id": "hifld_ss_147962", "facility_name": "TAP147962", "year": 2026, "type": "substation", "geoid": 51097, "lines": 3.0, "max_voltage": 230.0, "source_id": "147962", "status": "IN SERVICE"}}, {"type": "Feature", "geometry": {"type": "Point", "coordinates": [-75.93438549399997, 37.322139924000055]}, "properties": {"facility_id": "hifld_ss_147963", "facility_name": "TAP147963", "year": 2026, "type": "substation", "geoid": 51131, "lines": 3.0, "max_voltage": 69.0, "source_id": "147963", "status": "IN SERVICE"}}, {"type": "Feature", "geometry": {"type": "Point", "coordinates": [-75.65970077399999, 37.74589370300003]}, "properties": {"facility_id": "hifld_ss_147964", "facility_name": "TAP147964", "year": 2026, "type": "substation", "geoid": 51001, "lines": 3.0, "max_voltage": 69.0, "source_id": "147964", "status": "IN SERVICE"}}, {"type": "Feature", "geometry": {"type": "Point", "coordinates": [-75.86674653299997, 37.44847537500005]}, "properties": {"facility_id": "hifld_ss_147965", "facility_name": "TAP147965", "year": 2026, "type": "substation", "geoid": 51131, "lines": 3.0, "max_voltage": 69.0, "source_id": "147965", "status": "IN SERVICE"}}, {"type": "Feature", "geometry": {"type": "Point", "coordinates": [-75.79147459999996, 37.54863135900007]}, "properties": {"facility_id": "hifld_ss_147966", "facility_name": "TAP147966", "year": 2026, "type": "substation", "geoid": 51001, "lines": 3.0, "max_voltage": 69.0, "source_id": "147966", "status": "IN SERVICE"}}, {"type": "Feature", "geometry": {"type": "Point", "coordinates": [-76.49780556299999, 37.062041116000046]}, "properties": {"facility_id": "hifld_ss_147967", "facility_name": "UNKNOWN147967", "year": 2026, "type": "substation", "geoid": 51700, "lines": 0.0, "source_id": "147967", "status": "IN SERVICE"}}, {"type": "Feature", "geometry": {"type": "Point", "coordinates": [-76.69658185199995, 37.27584512600003]}, "properties": {"facility_id": "hifld_ss_147968", "facility_name": "UNKNOWN147968", "year": 2026, "type": "substation", "geoid": 51830, "lines": 0.0, "source_id": "147968", "status": "IN SERVICE"}}, {"type": "Feature", "geometry": {"type": "Point", "coordinates": [-76.41152618999996, 36.97538349100006]}, "properties": {"facility_id": "hifld_ss_147969", "facility_name": "UNKNOWN147969", "year": 2026, "type": "substation", "geoid": 51700, "lines": 0.0, "source_id": "147969", "status": "IN SERVICE"}}, {"type": "Feature", "geometry": {"type": "Point", "coordinates": [-76.32336472199995, 36.957982198000025]}, "properties": {"facility_id": "hifld_ss_147970", "facility_name": "UNKNOWN147970", "year": 2026, "type": "substation", "geoid": 51710, "lines": 0.0, "source_id": "147970", "status": "IN SERVICE"}}, {"type": "Feature", "geometry": {"type": "Point", "coordinates": [-76.25156038099993, 36.95375716700005]}, "properties": {"facility_id": "hifld_ss_147971", "facility_name": "UNKNOWN147971", "year": 2026, "type": "substation", "geoid": 51710, "lines": 0.0, "source_id": "147971", "status": "IN SERVICE"}}, {"type": "Feature", "geometry": {"type": "Point", "coordinates": [-76.66956784999996, 36.95970070100003]}, "properties": {"facility_id": "hifld_ss_147972", "facility_name": "SMITHFIELD", "year": 2026, "type": "substation", "geoid": 51093, "lines": 2.0, "max_voltage": 230.0, "source_id": "147972", "status": "IN SERVICE"}}, {"type": "Feature", "geometry": {"type": "Point", "coordinates": [-76.63094246099996, 37.23368811100005]}, "properties": {"facility_id": "hifld_ss_147973", "facility_name": "KING'S MILL", "year": 2026, "type": "substation", "geoid": 51095, "lines": 4.0, "max_voltage": 230.0, "source_id": "147973", "status": "IN SERVICE"}}, {"type": "Feature", "geometry": {"type": "Point", "coordinates": [-76.47677781999994, 37.17419781000007]}, "properties": {"facility_id": "hifld_ss_147974", "facility_name": "SEAFORD", "year": 2026, "type": "substation", "geoid": 51199, "lines": 4.0, "max_voltage": 115.0, "source_id": "147974", "status": "IN SERVICE"}}, {"type": "Feature", "geometry": {"type": "Point", "coordinates": [-76.74359277799994, 38.00835039400005]}, "properties": {"facility_id": "hifld_ss_147975", "facility_name": "WESTMORELAND", "year": 2026, "type": "substation", "geoid": 51193, "lines": 2.0, "max_voltage": 230.0, "source_id": "147975", "status": "IN SERVICE"}}, {"type": "Feature", "geometry": {"type": "Point", "coordinates": [-78.44491332399997, 36.57215819100003]}, "properties": {"facility_id": "hifld_ss_147976", "facility_name": "BURLINGTON DP", "year": 2026, "type": "substation", "geoid": 51117, "lines": 1.0, "max_voltage": 115.0, "source_id": "147976", "status": "IN SERVICE"}}, {"type": "Feature", "geometry": {"type": "Point", "coordinates": [-78.46555154699996, 36.80905980000006]}, "properties": {"facility_id": "hifld_ss_147977", "facility_name": "CHASE CITY", "year": 2026, "type": "substation", "geoid": 51117, "lines": 7.0, "max_voltage": 115.0, "source_id": "147977", "status": "IN SERVICE"}}, {"type": "Feature", "geometry": {"type": "Point", "coordinates": [-78.46694640599998, 36.54887966700005]}, "properties": {"facility_id": "hifld_ss_147978", "facility_name": "BUGGS ISLAND NUG", "year": 2026, "type": "substation", "geoid": 51117, "lines": 1.0, "max_voltage": 115.0, "source_id": "147978", "status": "IN SERVICE"}}, {"type": "Feature", "geometry": {"type": "Point", "coordinates": [-78.39303410399998, 37.311421583000026]}, "properties": {"facility_id": "hifld_ss_147979", "facility_name": "FARMVILLE", "year": 2026, "type": "substation", "geoid": 51049, "lines": 4.0, "max_voltage": 230.0, "source_id": "147979", "status": "IN SERVICE"}}, {"type": "Feature", "geometry": {"type": "Point", "coordinates": [-78.44543680499999, 36.57292152300005]}, "properties": {"facility_id": "hifld_ss_147993", "facility_name": "TAP147993", "year": 2026, "type": "substation", "geoid": 51117, "lines": 3.0, "max_voltage": 115.0, "source_id": "147993", "status": "IN SERVICE"}}, {"type": "Feature", "geometry": {"type": "Point", "coordinates": [-78.50921653599994, 36.80669251200004]}, "properties": {"facility_id": "hifld_ss_147994", "facility_name": "TAP147994", "year": 2026, "type": "substation", "geoid": 51117, "lines": 3.0, "max_voltage": 115.0, "source_id": "147994", "status": "IN SERVICE"}}, {"type": "Feature", "geometry": {"type": "Point", "coordinates": [-78.46563641099993, 36.54927874500004]}, "properties": {"facility_id": "hifld_ss_147995", "facility_name": "TAP147995", "year": 2026, "type": "substation", "geoid": 51117, "lines": 3.0, "max_voltage": 115.0, "source_id": "147995", "status": "IN SERVICE"}}, {"type": "Feature", "geometry": {"type": "Point", "coordinates": [-78.53029425799997, 36.597294814000065]}, "properties": {"facility_id": "hifld_ss_147996", "facility_name": "TAP147996", "year": 2026, "type": "substation", "geoid": 51117, "lines": 3.0, "max_voltage": 115.0, "source_id": "147996", "status": "IN SERVICE"}}, {"type": "Feature", "geometry": {"type": "Point", "coordinates": [-78.35006674499994, 36.68550598000007]}, "properties": {"facility_id": "hifld_ss_147997", "facility_name": "TAP147997", "year": 2026, "type": "substation", "geoid": 51117, "lines": 3.0, "max_voltage": 115.0, "source_id": "147997", "status": "IN SERVICE"}}, {"type": "Feature", "geometry": {"type": "Point", "coordinates": [-78.30124511099996, 36.60085532800008]}, "properties": {"facility_id": "hifld_ss_148027", "facility_name": "KERR DAM", "year": 2026, "type": "substation", "geoid": 51117, "lines": 7.0, "max_voltage": 115.0, "source_id": "148027", "status": "IN SERVICE"}}, {"type": "Feature", "geometry": {"type": "Point", "coordinates": [-78.11698543399996, 36.72624205400007]}, "properties": {"facility_id": "hifld_ss_148028", "facility_name": "SOUTH HILL", "year": 2026, "type": "substation", "geoid": 51117, "lines": 2.0, "max_voltage": 115.0, "source_id": "148028", "status": "IN SERVICE"}}, {"type": "Feature", "geometry": {"type": "Point", "coordinates": [-78.19166045299994, 36.62635990900003]}, "properties": {"facility_id": "hifld_ss_148029", "facility_name": "BEECHWOOD DP", "year": 2026, "type": "substation", "geoid": 51117, "lines": 1.0, "max_voltage": 115.0, "source_id": "148029", "status": "IN SERVICE"}}, {"type": "Feature", "geometry": {"type": "Point", "coordinates": [-78.13172367699997, 36.95962820200003]}, "properties": {"facility_id": "hifld_ss_148030", "facility_name": "KENBRIDGE", "year": 2026, "type": "substation", "geoid": 51111, "lines": 1.0, "max_voltage": 115.0, "source_id": "148030", "status": "IN SERVICE"}}, {"type": "Feature", "geometry": {"type": "Point", "coordinates": [-78.13068406399998, 37.16504500800005]}, "properties": {"facility_id": "hifld_ss_148031", "facility_name": "CREWE", "year": 2026, "type": "substation", "geoid": 51135, "lines": 3.0, "max_voltage": 115.0, "source_id": "148031", "status": "IN SERVICE"}}, {"type": "Feature", "geometry": {"type": "Point", "coordinates": [-78.11164196599998, 37.280602516000044]}, "properties": {"facility_id": "hifld_ss_148032", "facility_name": "JETERSVILLE", "year": 2026, "type": "substation", "geoid": 51007, "lines": 1.0, "max_voltage": 115.0, "source_id": "148032", "status": "IN SERVICE"}}, {"type": "Feature", "geometry": {"type": "Point", "coordinates": [-78.19523862899996, 36.91861026000004]}, "properties": {"facility_id": "hifld_ss_148044", "facility_name": "TAP148044", "year": 2026, "type": "substation", "geoid": 51111, "lines": 3.0, "max_voltage": 115.0, "source_id": "148044", "status": "IN SERVICE"}}, {"type": "Feature", "geometry": {"type": "Point", "coordinates": [-78.27902864599997, 37.232135002000064]}, "properties": {"facility_id": "hifld_ss_148045", "facility_name": "TAP148045", "year": 2026, "type": "substation", "geoid": 51147, "lines": 3.0, "max_voltage": 115.0, "source_id": "148045", "status": "IN SERVICE"}}, {"type": "Feature", "geometry": {"type": "Point", "coordinates": [-78.15027199899998, 37.17845831400007]}, "properties": {"facility_id": "hifld_ss_148046", "facility_name": "TAP148046", "year": 2026, "type": "substation", "geoid": 51135, "lines": 3.0, "max_voltage": 115.0, "source_id": "148046", "status": "IN SERVICE"}}, {"type": "Feature", "geometry": {"type": "Point", "coordinates": [-78.25461842399994, 36.972070479000024]}, "properties": {"facility_id": "hifld_ss_148048", "facility_name": "TAP148048", "year": 2026, "type": "substation", "geoid": 51111, "lines": 3.0, "max_voltage": 115.0, "source_id": "148048", "status": "IN SERVICE"}}, {"type": "Feature", "geometry": {"type": "Point", "coordinates": [-78.25319840599997, 36.97263776700004]}, "properties": {"facility_id": "hifld_ss_148049", "facility_name": "TAP148049", "year": 2026, "type": "substation", "geoid": 51111, "lines": 3.0, "max_voltage": 115.0, "source_id": "148049", "status": "IN SERVICE"}}, {"type": "Feature", "geometry": {"type": "Point", "coordinates": [-78.01111495699996, 36.734351426000046]}, "properties": {"facility_id": "hifld_ss_148052", "facility_name": "BRODNAX", "year": 2026, "type": "substation", "geoid": 51025, "lines": 2.0, "max_voltage": 115.0, "source_id": "148052", "status": "IN SERVICE"}}, {"type": "Feature", "geometry": {"type": "Point", "coordinates": [-77.92115070899996, 36.741400817000056]}, "properties": {"facility_id": "hifld_ss_148053", "facility_name": "BRUNSWICK", "year": 2026, "type": "substation", "geoid": 51025, "lines": 3.0, "max_voltage": 115.0, "source_id": "148053", "status": "IN SERVICE"}}, {"type": "Feature", "geometry": {"type": "Point", "coordinates": [-77.93804953299997, 37.12094648500005]}, "properties": {"facility_id": "hifld_ss_148054", "facility_name": "FORK PICKETT", "year": 2026, "type": "substation", "geoid": 51135, "lines": 1.0, "source_id": "148054", "status": "IN SERVICE"}}, {"type": "Feature", "geometry": {"type": "Point", "coordinates": [-77.52826564199995, 36.834079978000034]}, "properties": {"facility_id": "hifld_ss_148189", "facility_name": "TAP148189", "year": 2026, "type": "substation", "geoid": 51081, "lines": 3.0, "max_voltage": 115.0, "source_id": "148189", "status": "IN SERVICE"}}, {"type": "Feature", "geometry": {"type": "Point", "coordinates": [-77.58499783899998, 36.71819514300006]}, "properties": {"facility_id": "hifld_ss_148191", "facility_name": "CLUBHOUSE", "year": 2026, "type": "substation", "geoid": 51081, "lines": 4.0, "max_voltage": 230.0, "source_id": "148191", "status": "IN SERVICE"}}, {"type": "Feature", "geometry": {"type": "Point", "coordinates": [-76.89784094099997, 36.897902687000055]}, "properties": {"facility_id": "hifld_ss_148192", "facility_name": "WAKEFIELD", "year": 2026, "type": "substation", "geoid": 51175, "lines": 2.0, "max_voltage": 115.0, "source_id": "148192", "status": "IN SERVICE"}}, {"type": "Feature", "geometry": {"type": "Point", "coordinates": [-77.63719697599998, 36.60100950200007]}, "properties": {"facility_id": "hifld_ss_148193", "facility_name": "TREGO", "year": 2026, "type": "substation", "geoid": 51081, "lines": 1.0, "max_voltage": 115.0, "source_id": "148193", "status": "IN SERVICE"}}, {"type": "Feature", "geometry": {"type": "Point", "coordinates": [-77.52904785099997, 36.55111147400004]}, "properties": {"facility_id": "hifld_ss_148194", "facility_name": "PLEASANT HILL", "year": 2026, "type": "substation", "geoid": 51081, "lines": 1.0, "max_voltage": 115.0, "source_id": "148194", "status": "IN SERVICE"}}, {"type": "Feature", "geometry": {"type": "Point", "coordinates": [-77.19368155599994, 36.60044680300007]}, "properties": {"facility_id": "hifld_ss_148195", "facility_name": "BOYKINS", "year": 2026, "type": "substation", "geoid": 51175, "lines": 3.0, "max_voltage": 230.0, "source_id": "148195", "status": "IN SERVICE"}}, {"type": "Feature", "geometry": {"type": "Point", "coordinates": [-76.78182066399995, 36.82268499700007]}, "properties": {"facility_id": "hifld_ss_148196", "facility_name": "WINDSOR DP", "year": 2026, "type": "substation", "geoid": 51093, "lines": 2.0, "max_voltage": 115.0, "source_id": "148196", "status": "IN SERVICE"}}, {"type": "Feature", "geometry": {"type": "Point", "coordinates": [-76.69665160099999, 36.771300213000075]}, "properties": {"facility_id": "hifld_ss_148203", "facility_name": "MYRTLE", "year": 2026, "type": "substation", "geoid": 51800, "lines": 2.0, "max_voltage": 115.0, "source_id": "148203", "status": "IN SERVICE"}}, {"type": "Feature", "geometry": {"type": "Point", "coordinates": [-80.86129938099998, 37.36974300600008]}, "properties": {"facility_id": "hifld_ss_148204", "facility_name": "GLEN LYN", "year": 2026, "type": "substation", "geoid": 51071, "lines": 11.0, "max_voltage": 138.0, "source_id": "148204", "status": "IN SERVICE"}}, {"type": "Feature", "geometry": {"type": "Point", "coordinates": [-80.98805526799998, 36.71525957800003]}, "properties": {"facility_id": "hifld_ss_148205", "facility_name": "FRIES", "year": 2026, "type": "substation", "geoid": 51077, "lines": 4.0, "max_voltage": 69.0, "source_id": "148205", "status": "IN SERVICE"}}, {"type": "Feature", "geometry": {"type": "Point", "coordinates": [-80.60907333499995, 36.63446956100006]}, "properties": {"facility_id": "hifld_ss_148206", "facility_name": "UNKNOWN148206", "year": 2026, "type": "substation", "geoid": 51035, "lines": 1.0, "source_id": "148206", "status": "IN SERVICE"}}, {"type": "Feature", "geometry": {"type": "Point", "coordinates": [-80.66672837699997, 37.35329063000006]}, "properties": {"facility_id": "hifld_ss_148207", "facility_name": "KIMBALLTON", "year": 2026, "type": "substation", "geoid": 51071, "lines": 1.0, "source_id": "148207", "status": "IN SERVICE"}}, {"type": "Feature", "geometry": {"type": "Point", "coordinates": [-77.84646652699996, 36.74967218100005]}, "properties": {"facility_id": "hifld_ss_148208", "facility_name": "LAWRENCEVILLE", "year": 2026, "type": "substation", "geoid": 51025, "lines": 2.0, "max_voltage": 115.0, "source_id": "148208", "status": "IN SERVICE"}}, {"type": "Feature", "geometry": {"type": "Point", "coordinates": [-77.70108815999998, 36.76420328300003]}, "properties": {"facility_id": "hifld_ss_148209", "facility_name": "FREEMAN DP", "year": 2026, "type": "substation", "geoid": 51025, "lines": 1.0, "max_voltage": 115.0, "source_id": "148209", "status": "IN SERVICE"}}, {"type": "Feature", "geometry": {"type": "Point", "coordinates": [-77.47668022999994, 36.94478174100004]}, "properties": {"facility_id": "hifld_ss_148210", "facility_name": "SAPONY", "year": 2026, "type": "substation", "geoid": 51183, "lines": 2.0, "max_voltage": 230.0, "source_id": "148210", "status": "IN SERVICE"}}, {"type": "Feature", "geometry": {"type": "Point", "coordinates": [-77.42517512699999, 37.08919503900006]}, "properties": {"facility_id": "hifld_ss_148211", "facility_name": "UKNOWN", "year": 2026, "type": "substation", "geoid": 51053, "lines": 2.0, "max_voltage": 115.0, "source_id": "148211", "status": "IN SERVICE"}}, {"type": "Feature", "geometry": {"type": "Point", "coordinates": [-77.48376492199998, 36.82027336800007]}, "properties": {"facility_id": "hifld_ss_148212", "facility_name": "JARRATT", "year": 2026, "type": "substation", "geoid": 51081, "lines": 1.0, "max_voltage": 115.0, "source_id": "148212", "status": "IN SERVICE"}}, {"type": "Feature", "geometry": {"type": "Point", "coordinates": [-77.22521266499996, 37.11028930400005]}, "properties": {"facility_id": "hifld_ss_148213", "facility_name": "DISPUTANTA", "year": 2026, "type": "substation", "geoid": 51149, "lines": 1.0, "max_voltage": 115.0, "source_id": "148213", "status": "IN SERVICE"}}, {"type": "Feature", "geometry": {"type": "Point", "coordinates": [-77.35909115299995, 37.199953711000035]}, "properties": {"facility_id": "hifld_ss_148214", "facility_name": "POE", "year": 2026, "type": "substation", "geoid": 51730, "lines": 5.0, "max_voltage": 230.0, "source_id": "148214", "status": "IN SERVICE"}}, {"type": "Feature", "geometry": {"type": "Point", "coordinates": [-77.44356457899994, 37.221976994000045]}, "properties": {"facility_id": "hifld_ss_148215", "facility_name": "LOCKS", "year": 2026, "type": "substation", "geoid": 51730, "lines": 5.0, "max_voltage": 230.0, "source_id": "148215", "status": "IN SERVICE"}}, {"type": "Feature", "geometry": {"type": "Point", "coordinates": [-77.37203088299998, 37.25649654900008]}, "properties": {"facility_id": "hifld_ss_148216", "facility_name": "HARVELL", "year": 2026, "type": "substation", "geoid": 51149, "lines": 2.0, "max_voltage": 115.0, "source_id": "148216", "status": "IN SERVICE"}}, {"type": "Feature", "geometry": {"type": "Point", "coordinates": [-77.70541285999997, 36.73778124100005]}, "properties": {"facility_id": "hifld_ss_148227", "facility_name": "TAP148227", "year": 2026, "type": "substation", "geoid": 51025, "lines": 3.0, "max_voltage": 115.0, "source_id": "148227", "status": "IN SERVICE"}}, {"type": "Feature", "geometry": {"type": "Point", "coordinates": [-77.58538093299995, 36.71834267000003]}, "properties": {"facility_id": "hifld_ss_148228", "facility_name": "TAP148228", "year": 2026, "type": "substation", "geoid": 51081, "lines": 3.0, "max_voltage": 230.0, "source_id": "148228", "status": "IN SERVICE"}}, {"type": "Feature", "geometry": {"type": "Point", "coordinates": [-77.58723198299998, 36.71414765100008]}, "properties": {"facility_id": "hifld_ss_148229", "facility_name": "TAP148229", "year": 2026, "type": "substation", "geoid": 51081, "lines": 3.0, "max_voltage": 115.0, "source_id": "148229", "status": "IN SERVICE"}}, {"type": "Feature", "geometry": {"type": "Point", "coordinates": [-77.42480760799998, 37.08916047500003]}, "properties": {"facility_id": "hifld_ss_148230", "facility_name": "TAP148230", "year": 2026, "type": "substation", "geoid": 51053, "lines": 3.0, "max_voltage": 115.0, "source_id": "148230", "status": "IN SERVICE"}}, {"type": "Feature", "geometry": {"type": "Point", "coordinates": [-77.47697838899995, 36.94488028800003]}, "properties": {"facility_id": "hifld_ss_148231", "facility_name": "TAP148231", "year": 2026, "type": "substation", "geoid": 51183, "lines": 3.0, "max_voltage": 115.0, "source_id": "148231", "status": "IN SERVICE"}}, {"type": "Feature", "geometry": {"type": "Point", "coordinates": [-77.45612995999994, 37.09547981800006]}, "properties": {"facility_id": "hifld_ss_148232", "facility_name": "TAP148232", "year": 2026, "type": "substation", "geoid": 51053, "lines": 3.0, "max_voltage": 115.0, "source_id": "148232", "status": "IN SERVICE"}}, {"type": "Feature", "geometry": {"type": "Point", "coordinates": [-77.57688890699995, 36.963307031000056]}, "properties": {"facility_id": "hifld_ss_148233", "facility_name": "TAP148233", "year": 2026, "type": "substation", "geoid": 51053, "lines": 3.0, "max_voltage": 115.0, "source_id": "148233", "status": "IN SERVICE"}}, {"type": "Feature", "geometry": {"type": "Point", "coordinates": [-77.43764049699996, 37.180079738000074]}, "properties": {"facility_id": "hifld_ss_148234", "facility_name": "TAP148234", "year": 2026, "type": "substation", "geoid": 51053, "lines": 3.0, "max_voltage": 230.0, "source_id": "148234", "status": "IN SERVICE"}}, {"type": "Feature", "geometry": {"type": "Point", "coordinates": [-77.14047194699998, 37.05894445900003]}, "properties": {"facility_id": "hifld_ss_148235", "facility_name": "TAP148235", "year": 2026, "type": "substation", "geoid": 51183, "lines": 3.0, "max_voltage": 115.0, "source_id": "148235", "status": "IN SERVICE"}}, {"type": "Feature", "geometry": {"type": "Point", "coordinates": [-76.99174124899997, 36.96453119000006]}, "properties": {"facility_id": "hifld_ss_148236", "facility_name": "TAP148236", "year": 2026, "type": "substation", "geoid": 51183, "lines": 3.0, "max_voltage": 115.0, "source_id": "148236", "status": "IN SERVICE"}}, {"type": "Feature", "geometry": {"type": "Point", "coordinates": [-77.56537042299993, 36.606363067000075]}, "properties": {"facility_id": "hifld_ss_148237", "facility_name": "TAP148237", "year": 2026, "type": "substation", "geoid": 51081, "lines": 3.0, "max_voltage": 115.0, "source_id": "148237", "status": "IN SERVICE"}}, {"type": "Feature", "geometry": {"type": "Point", "coordinates": [-77.58187421599996, 36.56394798500003]}, "properties": {"facility_id": "hifld_ss_148238", "facility_name": "TAP148238", "year": 2026, "type": "substation", "geoid": 51081, "lines": 3.0, "max_voltage": 115.0, "source_id": "148238", "status": "IN SERVICE"}}, {"type": "Feature", "geometry": {"type": "Point", "coordinates": [-77.08151771299998, 36.63944097900003]}, "properties": {"facility_id": "hifld_ss_148239", "facility_name": "TAP148239", "year": 2026, "type": "substation", "geoid": 51175, "lines": 3.0, "max_voltage": 230.0, "source_id": "148239", "status": "IN SERVICE"}}, {"type": "Feature", "geometry": {"type": "Point", "coordinates": [-77.31754103899993, 37.17797935200008]}, "properties": {"facility_id": "hifld_ss_148240", "facility_name": "TAP148240", "year": 2026, "type": "substation", "geoid": 51149, "lines": 3.0, "max_voltage": 115.0, "source_id": "148240", "status": "IN SERVICE"}}, {"type": "Feature", "geometry": {"type": "Point", "coordinates": [-77.30844441499994, 37.22631315000007]}, "properties": {"facility_id": "hifld_ss_148241", "facility_name": "TAP148241", "year": 2026, "type": "substation", "geoid": 51149, "lines": 3.0, "max_voltage": 115.0, "source_id": "148241", "status": "IN SERVICE"}}, {"type": "Feature", "geometry": {"type": "Point", "coordinates": [-77.22529368399995, 37.11012730400006]}, "properties": {"facility_id": "hifld_ss_148242", "facility_name": "TAP148242", "year": 2026, "type": "substation", "geoid": 51149, "lines": 3.0, "max_voltage": 115.0, "source_id": "148242", "status": "IN SERVICE"}}, {"type": "Feature", "geometry": {"type": "Point", "coordinates": [-77.29070775299994, 37.14997007900007]}, "properties": {"facility_id": "hifld_ss_148243", "facility_name": "TAP148243", "year": 2026, "type": "substation", "geoid": 51149, "lines": 3.0, "max_voltage": 115.0, "source_id": "148243", "status": "IN SERVICE"}}, {"type": "Feature", "geometry": {"type": "Point", "coordinates": [-77.34006318599995, 37.25616948000004]}, "properties": {"facility_id": "hifld_ss_148244", "facility_name": "UNKNOWN148244", "year": 2026, "type": "substation", "geoid": 51149, "lines": 2.0, "max_voltage": 115.0, "source_id": "148244", "status": "IN SERVICE"}}, {"type": "Feature", "geometry": {"type": "Point", "coordinates": [-77.40587584299999, 37.08538824600003]}, "properties": {"facility_id": "hifld_ss_148246", "facility_name": "CARSON", "year": 2026, "type": "substation", "geoid": 51053, "lines": 8.0, "max_voltage": 500.0, "source_id": "148246", "status": "IN SERVICE"}}, {"type": "Feature", "geometry": {"type": "Point", "coordinates": [-80.30859177099995, 36.92592941500004]}, "properties": {"facility_id": "hifld_ss_148692", "facility_name": "FLOYD", "year": 2026, "type": "substation", "geoid": 51063, "lines": 3.0, "max_voltage": 138.0, "source_id": "148692", "status": "IN SERVICE"}}, {"type": "Feature", "geometry": {"type": "Point", "coordinates": [-80.59313942199998, 37.117043840000065]}, "properties": {"facility_id": "hifld_ss_148697", "facility_name": "INGLES ST", "year": 2026, "type": "substation", "geoid": 51750, "lines": 3.0, "max_voltage": 138.0, "source_id": "148697", "status": "IN SERVICE"}}, {"type": "Feature", "geometry": {"type": "Point", "coordinates": [-80.53026735999998, 37.12326179800005]}, "properties": {"facility_id": "hifld_ss_148698", "facility_name": "NORTH CLAYTOR", "year": 2026, "type": "substation", "geoid": 51750, "lines": 3.0, "max_voltage": 138.0, "source_id": "148698", "status": "IN SERVICE"}}, {"type": "Feature", "geometry": {"type": "Point", "coordinates": [-80.38097126199995, 37.27708187600007]}, "properties": {"facility_id": "hifld_ss_148717", "facility_name": "NORTH BLACKSBURG", "year": 2026, "type": "substation", "geoid": 51121, "lines": 4.0, "max_voltage": 138.0, "source_id": "148717", "status": "IN SERVICE"}}, {"type": "Feature", "geometry": {"type": "Point", "coordinates": [-80.46710169299996, 37.10222453700004]}, "properties": {"facility_id": "hifld_ss_148718", "facility_name": "EDGEMONT", "year": 2026, "type": "substation", "geoid": 51121, "lines": 5.0, "max_voltage": 138.0, "source_id": "148718", "status": "IN SERVICE"}}, {"type": "Feature", "geometry": {"type": "Point", "coordinates": [-80.44405860599994, 37.165246644000035]}, "properties": {"facility_id": "hifld_ss_148719", "facility_name": "VICKER", "year": 2026, "type": "substation", "geoid": 51121, "lines": 2.0, "max_voltage": 138.0, "source_id": "148719", "status": "IN SERVICE"}}, {"type": "Feature", "geometry": {"type": "Point", "coordinates": [-80.38395996399998, 37.12252837900007]}, "properties": {"facility_id": "hifld_ss_148720", "facility_name": "SOUTH CHRISTIANBURG", "year": 2026, "type": "substation", "geoid": 51121, "lines": 2.0, "max_voltage": 138.0, "source_id": "148720", "status": "IN SERVICE"}}, {"type": "Feature", "geometry": {"type": "Point", "coordinates": [-80.33119303699993, 37.13830301500008]}, "properties": {"facility_id": "hifld_ss_148721", "facility_name": "FALLING BRANCH", "year": 2026, "type": "substation", "geoid": 51121, "lines": 3.0, "max_voltage": 138.0, "source_id": "148721", "status": "IN SERVICE"}}, {"type": "Feature", "geometry": {"type": "Point", "coordinates": [-80.39842020899994, 36.975394245000075]}, "properties": {"facility_id": "hifld_ss_148722", "facility_name": "ALUM RIDGE", "year": 2026, "type": "substation", "geoid": 51063, "lines": 2.0, "max_voltage": 138.0, "source_id": "148722", "status": "IN SERVICE"}}, {"type": "Feature", "geometry": {"type": "Point", "coordinates": [-80.41881611399998, 37.192544733000034]}, "properties": {"facility_id": "hifld_ss_148723", "facility_name": "MERRIMAC", "year": 2026, "type": "substation", "geoid": 51121, "lines": 5.0, "max_voltage": 138.0, "source_id": "148723", "status": "IN SERVICE"}}, {"type": "Feature", "geometry": {"type": "Point", "coordinates": [-80.54763690599998, 37.19576378100004]}, "properties": {"facility_id": "hifld_ss_150352", "facility_name": "UNKNOWN150352", "year": 2026, "type": "substation", "geoid": 51155, "lines": 0.0, "source_id": "150352", "status": "IN SERVICE"}}, {"type": "Feature", "geometry": {"type": "Point", "coordinates": [-80.55864340899996, 37.181496941000034]}, "properties": {"facility_id": "hifld_ss_150353", "facility_name": "UNKNOWN150353", "year": 2026, "type": "substation", "geoid": 51121, "lines": 1.0, "source_id": "150353", "status": "IN SERVICE"}}, {"type": "Feature", "geometry": {"type": "Point", "coordinates": [-80.58238534399999, 37.07236378300007]}, "properties": {"facility_id": "hifld_ss_150378", "facility_name": "CLAYTOR", "year": 2026, "type": "substation", "geoid": 51155, "lines": 7.0, "max_voltage": 138.0, "source_id": "150378", "status": "IN SERVICE"}}, {"type": "Feature", "geometry": {"type": "Point", "coordinates": [-80.32760988999996, 37.13407857000004]}, "properties": {"facility_id": "hifld_ss_150588", "facility_name": "TAP150588", "year": 2026, "type": "substation", "geoid": 51121, "lines": 3.0, "max_voltage": 138.0, "source_id": "150588", "status": "IN SERVICE"}}, {"type": "Feature", "geometry": {"type": "Point", "coordinates": [-80.32739653199997, 37.13412504200005]}, "properties": {"facility_id": "hifld_ss_150589", "facility_name": "TAP150589", "year": 2026, "type": "substation", "geoid": 51121, "lines": 3.0, "max_voltage": 138.0, "source_id": "150589", "status": "IN SERVICE"}}, {"type": "Feature", "geometry": {"type": "Point", "coordinates": [-80.38912184299994, 37.20580014500007]}, "properties": {"facility_id": "hifld_ss_150638", "facility_name": "TAP150638", "year": 2026, "type": "substation", "geoid": 51121, "lines": 3.0, "source_id": "150638", "status": "IN SERVICE"}}, {"type": "Feature", "geometry": {"type": "Point", "coordinates": [-80.42554462399994, 37.233944430000065]}, "properties": {"facility_id": "hifld_ss_150692", "facility_name": "TAP150692", "year": 2026, "type": "substation", "geoid": 51121, "lines": 2.0, "source_id": "150692", "status": "IN SERVICE"}}, {"type": "Feature", "geometry": {"type": "Point", "coordinates": [-80.39790868199998, 37.11926749500003]}, "properties": {"facility_id": "hifld_ss_150722", "facility_name": "SOUTH CHRISTIANSBURG", "year": 2026, "type": "substation", "geoid": 51121, "lines": 4.0, "max_voltage": 138.0, "source_id": "150722", "status": "IN SERVICE"}}, {"type": "Feature", "geometry": {"type": "Point", "coordinates": [-80.44554849499997, 37.25929654500004]}, "properties": {"facility_id": "hifld_ss_150723", "facility_name": "MOUNT VIEW", "year": 2026, "type": "substation", "geoid": 51121, "lines": 2.0, "source_id": "150723", "status": "IN SERVICE"}}, {"type": "Feature", "geometry": {"type": "Point", "coordinates": [-80.44460014099997, 37.22961721100006]}, "properties": {"facility_id": "hifld_ss_150724", "facility_name": "PRICES FORK", "year": 2026, "type": "substation", "geoid": 51121, "lines": 2.0, "source_id": "150724", "status": "IN SERVICE"}}, {"type": "Feature", "geometry": {"type": "Point", "coordinates": [-80.42006470099994, 37.21014026800003]}, "properties": {"facility_id": "hifld_ss_150725", "facility_name": "LANE", "year": 2026, "type": "substation", "geoid": 51121, "lines": 2.0, "source_id": "150725", "status": "IN SERVICE"}}, {"type": "Feature", "geometry": {"type": "Point", "coordinates": [-80.42270363999995, 37.17076572800005]}, "properties": {"facility_id": "hifld_ss_150726", "facility_name": "MIDWAY", "year": 2026, "type": "substation", "geoid": 51121, "lines": 2.0, "source_id": "150726", "status": "IN SERVICE"}}, {"type": "Feature", "geometry": {"type": "Point", "coordinates": [-80.41152766799996, 37.15259021500003]}, "properties": {"facility_id": "hifld_ss_150727", "facility_name": "HANS MEADOW", "year": 2026, "type": "substation", "geoid": 51121, "lines": 2.0, "source_id": "150727", "status": "IN SERVICE"}}, {"type": "Feature", "geometry": {"type": "Point", "coordinates": [-80.41473650499995, 37.142514635000055]}, "properties": {"facility_id": "hifld_ss_150728", "facility_name": "CAMBRIA", "year": 2026, "type": "substation", "geoid": 51121, "lines": 1.0, "source_id": "150728", "status": "IN SERVICE"}}, {"type": "Feature", "geometry": {"type": "Point", "coordinates": [-80.17746495699998, 37.23709798700003]}, "properties": {"facility_id": "hifld_ss_150886", "facility_name": "TAP150886", "year": 2026, "type": "substation", "geoid": 51161, "lines": 3.0, "max_voltage": 138.0, "source_id": "150886", "status": "IN SERVICE"}}, {"type": "Feature", "geometry": {"type": "Point", "coordinates": [-80.17007786499994, 37.23728648400004]}, "properties": {"facility_id": "hifld_ss_150926", "facility_name": "MATT FUNK", "year": 2026, "type": "substation", "geoid": 51161, "lines": 4.0, "max_voltage": 345.0, "source_id": "150926", "status": "IN SERVICE"}}, {"type": "Feature", "geometry": {"type": "Point", "coordinates": [-82.46473788699996, 36.79432976100003]}, "properties": {"facility_id": "hifld_ss_151044", "facility_name": "COPPER RIDGE", "year": 2026, "type": "substation", "geoid": 51169, "lines": 0.0, "source_id": "151044", "status": "IN SERVICE"}}, {"type": "Feature", "geometry": {"type": "Point", "coordinates": [-80.53765691899997, 37.14550363800004]}, "properties": {"facility_id": "hifld_ss_151346", "facility_name": "UNKNOWN151346", "year": 2026, "type": "substation", "geoid": 51155, "lines": 2.0, "source_id": "151346", "status": "IN SERVICE"}}, {"type": "Feature", "geometry": {"type": "Point", "coordinates": [-82.19675709299997, 37.00597908000003]}, "properties": {"facility_id": "hifld_ss_151612", "facility_name": "TAP151612", "year": 2026, "type": "substation", "geoid": 51167, "lines": 3.0, "source_id": "151612", "status": "IN SERVICE"}}, {"type": "Feature", "geometry": {"type": "Point", "coordinates": [-82.19803394099995, 36.93050928800005]}, "properties": {"facility_id": "hifld_ss_151631", "facility_name": "CLINCH RIVER", "year": 2026, "type": "substation", "geoid": 51167, "lines": 13.0, "max_voltage": 138.0, "source_id": "151631", "status": "IN SERVICE"}}, {"type": "Feature", "geometry": {"type": "Point", "coordinates": [-82.18864269499994, 36.62454270200004]}, "properties": {"facility_id": "hifld_ss_151632", "facility_name": "NORTH BRISTOL", "year": 2026, "type": "substation", "geoid": 51191, "lines": 8.0, "max_voltage": 138.0, "source_id": "151632", "status": "IN SERVICE"}}, {"type": "Feature", "geometry": {"type": "Point", "coordinates": [-80.05627338099998, 37.28149484700003]}, "properties": {"facility_id": "hifld_ss_151812", "facility_name": "TAP151812", "year": 2026, "type": "substation", "geoid": 51775, "lines": 3.0, "source_id": "151812", "status": "IN SERVICE"}}, {"type": "Feature", "geometry": {"type": "Point", "coordinates": [-81.75428965199995, 37.212907691000055]}, "properties": {"facility_id": "hifld_ss_151950", "facility_name": "TAP151950", "year": 2026, "type": "substation", "geoid": 51185, "lines": 3.0, "max_voltage": 69.0, "source_id": "151950", "status": "IN SERVICE"}}, {"type": "Feature", "geometry": {"type": "Point", "coordinates": [-81.75395932499998, 36.89660155200005]}, "properties": {"facility_id": "hifld_ss_151951", "facility_name": "TAP151951", "year": 2026, "type": "substation", "geoid": 51173, "lines": 3.0, "max_voltage": 138.0, "source_id": "151951", "status": "IN SERVICE"}}, {"type": "Feature", "geometry": {"type": "Point", "coordinates": [-81.76632089499998, 36.85672015600005]}, "properties": {"facility_id": "hifld_ss_151956", "facility_name": "UNKNOWN151956", "year": 2026, "type": "substation", "geoid": 51191, "lines": 0.0, "source_id": "151956", "status": "IN SERVICE"}}, {"type": "Feature", "geometry": {"type": "Point", "coordinates": [-81.75334542399997, 36.89548796500003]}, "properties": {"facility_id": "hifld_ss_151997", "facility_name": "SALTVILLE", "year": 2026, "type": "substation", "geoid": 51173, "lines": 10.0, "max_voltage": 138.0, "source_id": "151997", "status": "IN SERVICE"}}, {"type": "Feature", "geometry": {"type": "Point", "coordinates": [-83.11023960499995, 36.768100634000064]}, "properties": {"facility_id": "hifld_ss_152103", "facility_name": "TAP152103", "year": 2026, "type": "substation", "geoid": 51105, "lines": 3.0, "source_id": "152103", "status": "IN SERVICE"}}, {"type": "Feature", "geometry": {"type": "Point", "coordinates": [-82.84538163799994, 36.91752083700004]}, "properties": {"facility_id": "hifld_ss_152104", "facility_name": "TAP152104", "year": 2026, "type": "substation", "geoid": 51195, "lines": 3.0, "max_voltage": 69.0, "source_id": "152104", "status": "IN SERVICE"}}, {"type": "Feature", "geometry": {"type": "Point", "coordinates": [-82.94209386599994, 36.84483276900005]}, "properties": {"facility_id": "hifld_ss_152114", "facility_name": "UNKNOWN152114", "year": 2026, "type": "substation", "geoid": 51105, "lines": 0.0, "source_id": "152114", "status": "IN SERVICE"}}, {"type": "Feature", "geometry": {"type": "Point", "coordinates": [-82.89642495299995, 36.863080162000074]}, "properties": {"facility_id": "hifld_ss_152115", "facility_name": "UNKNOWN152115", "year": 2026, "type": "substation", "geoid": 51105, "lines": 0.0, "source_id": "152115", "status": "IN SERVICE"}}, {"type": "Feature", "geometry": {"type": "Point", "coordinates": [-83.04332439199999, 36.78399533800007]}, "properties": {"facility_id": "hifld_ss_152121", "facility_name": "POCKET NORTH", "year": 2026, "type": "substation", "geoid": 51105, "lines": 5.0, "max_voltage": 500.0, "source_id": "152121", "status": "IN SERVICE"}}, {"type": "Feature", "geometry": {"type": "Point", "coordinates": [-83.04455350999996, 36.78157553200003]}, "properties": {"facility_id": "hifld_ss_152122", "facility_name": "POCKET", "year": 2026, "type": "substation", "geoid": 51105, "lines": 7.0, "max_voltage": 161.0, "source_id": "152122", "status": "IN SERVICE"}}, {"type": "Feature", "geometry": {"type": "Point", "coordinates": [-82.23236460599998, 36.88898396600007]}, "properties": {"facility_id": "hifld_ss_152242", "facility_name": "TAP152242", "year": 2026, "type": "substation", "geoid": 51167, "lines": 3.0, "max_voltage": 138.0, "source_id": "152242", "status": "IN SERVICE"}}, {"type": "Feature", "geometry": {"type": "Point", "coordinates": [-82.22726173399997, 36.84326456500003]}, "properties": {"facility_id": "hifld_ss_152271", "facility_name": "DICKENS", "year": 2026, "type": "substation", "geoid": 51167, "lines": 1.0, "max_voltage": 138.0, "source_id": "152271", "status": "IN SERVICE"}}, {"type": "Feature", "geometry": {"type": "Point", "coordinates": [-81.06341651399998, 36.93519968700008]}, "properties": {"facility_id": "hifld_ss_152824", "facility_name": "TAP152824", "year": 2026, "type": "substation", "geoid": 51197, "lines": 3.0, "max_voltage": 138.0, "source_id": "152824", "status": "IN SERVICE"}}, {"type": "Feature", "geometry": {"type": "Point", "coordinates": [-81.06024526899995, 36.94665520500007]}, "properties": {"facility_id": "hifld_ss_152834", "facility_name": "LEE HIGHWAY", "year": 2026, "type": "substation", "geoid": 51197, "lines": 1.0, "max_voltage": 138.0, "source_id": "152834", "status": "IN SERVICE"}}, {"type": "Feature", "geometry": {"type": "Point", "coordinates": [-81.06049946899998, 36.94843239600005]}, "properties": {"facility_id": "hifld_ss_152866", "facility_name": "WYTHE", "year": 2026, "type": "substation", "geoid": 51197, "lines": 7.0, "max_voltage": 138.0, "source_id": "152866", "status": "IN SERVICE"}}, {"type": "Feature", "geometry": {"type": "Point", "coordinates": [-81.00360187899997, 36.96108746400006]}, "properties": {"facility_id": "hifld_ss_152867", "facility_name": "PROGRESS PARK", "year": 2026, "type": "substation", "geoid": 51197, "lines": 3.0, "max_voltage": 138.0, "source_id": "152867", "status": "IN SERVICE"}}, {"type": "Feature", "geometry": {"type": "Point", "coordinates": [-82.15102761899999, 36.604387788000054]}, "properties": {"facility_id": "hifld_ss_152886", "facility_name": "TAP152886", "year": 2026, "type": "substation", "geoid": 51520, "lines": 3.0, "source_id": "152886", "status": "IN SERVICE"}}, {"type": "Feature", "geometry": {"type": "Point", "coordinates": [-82.12132495299994, 36.847819016000074]}, "properties": {"facility_id": "hifld_ss_152903", "facility_name": "HANSONVILLE", "year": 2026, "type": "substation", "geoid": 51167, "lines": 2.0, "max_voltage": 138.0, "source_id": "152903", "status": "IN SERVICE"}}, {"type": "Feature", "geometry": {"type": "Point", "coordinates": [-81.68295248099997, 36.92073876500007]}, "properties": {"facility_id": "hifld_ss_153211", "facility_name": "BROADFORD (138 KV)", "year": 2026, "type": "substation", "geoid": 51173, "lines": 6.0, "max_voltage": 138.0, "source_id": "153211", "status": "IN SERVICE"}}, {"type": "Feature", "geometry": {"type": "Point", "coordinates": [-81.80063397099997, 37.16348095200004]}, "properties": {"facility_id": "hifld_ss_153937", "facility_name": "TAP153937", "year": 2026, "type": "substation", "geoid": 51185, "lines": 3.0, "max_voltage": 69.0, "source_id": "153937", "status": "IN SERVICE"}}, {"type": "Feature", "geometry": {"type": "Point", "coordinates": [-80.67205101299999, 37.356209584000055]}, "properties": {"facility_id": "hifld_ss_154137", "facility_name": "TAP154137", "year": 2026, "type": "substation", "geoid": 51071, "lines": 3.0, "source_id": "154137", "status": "IN SERVICE"}}, {"type": "Feature", "geometry": {"type": "Point", "coordinates": [-80.62753803499999, 37.08952859300007]}, "properties": {"facility_id": "hifld_ss_154140", "facility_name": "UNKNOWN154140", "year": 2026, "type": "substation", "geoid": 51155, "lines": 0.0, "source_id": "154140", "status": "IN SERVICE"}}, {"type": "Feature", "geometry": {"type": "Point", "coordinates": [-80.85712657699997, 37.367649398000026]}, "properties": {"facility_id": "hifld_ss_154211", "facility_name": "TAP154211", "year": 2026, "type": "substation", "geoid": 51071, "lines": 3.0, "max_voltage": 138.0, "source_id": "154211", "status": "IN SERVICE"}}, {"type": "Feature", "geometry": {"type": "Point", "coordinates": [-80.82317025399999, 36.87916219500005]}, "properties": {"facility_id": "hifld_ss_154233", "facility_name": "JACKSONS FERRY", "year": 2026, "type": "substation", "geoid": 51197, "lines": 7.0, "max_voltage": 765.0, "source_id": "154233", "status": "IN SERVICE"}}, {"type": "Feature", "geometry": {"type": "Point", "coordinates": [-80.82571772399996, 36.87703296300003]}, "properties": {"facility_id": "hifld_ss_154234", "facility_name": "JACKSONS FERRY", "year": 2026, "type": "substation", "geoid": 51197, "lines": 6.0, "max_voltage": 138.0, "source_id": "154234", "status": "IN SERVICE"}}, {"type": "Feature", "geometry": {"type": "Point", "coordinates": [-80.79814557699996, 37.37210044200003]}, "properties": {"facility_id": "hifld_ss_154239", "facility_name": "PETERS MOUNTAIN", "year": 2026, "type": "substation", "geoid": 51071, "lines": 1.0, "max_voltage": 138.0, "source_id": "154239", "status": "IN SERVICE"}}, {"type": "Feature", "geometry": {"type": "Point", "coordinates": [-82.63475530599999, 36.72236028800006]}, "properties": {"facility_id": "hifld_ss_154294", "facility_name": "HILL", "year": 2026, "type": "substation", "geoid": 51169, "lines": 5.0, "max_voltage": 138.0, "source_id": "154294", "status": "IN SERVICE"}}, {"type": "Feature", "geometry": {"type": "Point", "coordinates": [-82.53885253599998, 37.138514583000074]}, "properties": {"facility_id": "hifld_ss_154516", "facility_name": "TAP154516", "year": 2026, "type": "substation", "geoid": 51051, "lines": 3.0, "max_voltage": 46.0, "source_id": "154516", "status": "IN SERVICE"}}, {"type": "Feature", "geometry": {"type": "Point", "coordinates": [-82.01066866299999, 37.20530122100007]}, "properties": {"facility_id": "hifld_ss_154562", "facility_name": "TAP154562", "year": 2026, "type": "substation", "geoid": 51027, "lines": 3.0, "max_voltage": 138.0, "source_id": "154562", "status": "IN SERVICE"}}, {"type": "Feature", "geometry": {"type": "Point", "coordinates": [-82.03577631799999, 37.18140729600003]}, "properties": {"facility_id": "hifld_ss_154580", "facility_name": "TAP154580", "year": 2026, "type": "substation", "geoid": 51027, "lines": 3.0, "max_voltage": 138.0, "source_id": "154580", "status": "IN SERVICE"}}, {"type": "Feature", "geometry": {"type": "Point", "coordinates": [-82.07051378699998, 36.92264493100003]}, "properties": {"facility_id": "hifld_ss_154596", "facility_name": "LEBANON", "year": 2026, "type": "substation", "geoid": 51167, "lines": 2.0, "max_voltage": 138.0, "source_id": "154596", "status": "IN SERVICE"}}, {"type": "Feature", "geometry": {"type": "Point", "coordinates": [-82.00796658299998, 36.72004620600006]}, "properties": {"facility_id": "hifld_ss_154597", "facility_name": "ABINGDON", "year": 2026, "type": "substation", "geoid": 51191, "lines": 3.0, "max_voltage": 138.0, "source_id": "154597", "status": "IN SERVICE"}}, {"type": "Feature", "geometry": {"type": "Point", "coordinates": [-81.99699100399994, 36.91476406100003]}, "properties": {"facility_id": "hifld_ss_154913", "facility_name": "ELK GARDEN", "year": 2026, "type": "substation", "geoid": 51167, "lines": 1.0, "max_voltage": 138.0, "source_id": "154913", "status": "IN SERVICE"}}, {"type": "Feature", "geometry": {"type": "Point", "coordinates": [-81.67964532799994, 36.92167698000003]}, "properties": {"facility_id": "hifld_ss_155015", "facility_name": "BROADFORD (765 KV)", "year": 2026, "type": "substation", "geoid": 51173, "lines": 4.0, "max_voltage": 765.0, "source_id": "155015", "status": "IN SERVICE"}}, {"type": "Feature", "geometry": {"type": "Point", "coordinates": [-81.54568417399997, 37.14809388200007]}, "properties": {"facility_id": "hifld_ss_155328", "facility_name": "TAZEWELL", "year": 2026, "type": "substation", "geoid": 51185, "lines": 6.0, "max_voltage": 138.0, "source_id": "155328", "status": "IN SERVICE"}}, {"type": "Feature", "geometry": {"type": "Point", "coordinates": [-81.54471518999998, 37.14722525900004]}, "properties": {"facility_id": "hifld_ss_155329", "facility_name": "TAZEWELL", "year": 2026, "type": "substation", "geoid": 51185, "lines": 2.0, "max_voltage": 34.0, "source_id": "155329", "status": "IN SERVICE"}}, {"type": "Feature", "geometry": {"type": "Point", "coordinates": [-77.80805441699994, 38.114245657000026]}, "properties": {"facility_id": "hifld_ss_155684", "facility_name": "RISER155684", "year": 2026, "type": "substation", "geoid": 51177, "lines": 2.0, "source_id": "155684", "status": "IN SERVICE"}}, {"type": "Feature", "geometry": {"type": "Point", "coordinates": [-81.13092763499998, 37.09698983000004]}, "properties": {"facility_id": "hifld_ss_155901", "facility_name": "TAP155901", "year": 2026, "type": "substation", "geoid": 51021, "lines": 3.0, "max_voltage": 69.0, "source_id": "155901", "status": "IN SERVICE"}}, {"type": "Feature", "geometry": {"type": "Point", "coordinates": [-78.20092060199994, 36.56534455000008]}, "properties": {"facility_id": "hifld_ss_155931", "facility_name": "TAP155931", "year": 2026, "type": "substation", "geoid": 51117, "lines": 3.0, "max_voltage": 115.0, "source_id": "155931", "status": "IN SERVICE"}}, {"type": "Feature", "geometry": {"type": "Point", "coordinates": [-77.80567626199996, 38.105920936000075]}, "properties": {"facility_id": "hifld_ss_155933", "facility_name": "RISER155933", "year": 2026, "type": "substation", "geoid": 51177, "lines": 2.0, "source_id": "155933", "status": "IN SERVICE"}}, {"type": "Feature", "geometry": {"type": "Point", "coordinates": [-77.05197834999996, 38.820524474000024]}, "properties": {"facility_id": "hifld_ss_155934", "facility_name": "NORTH ALEXANDRIA", "year": 2026, "type": "substation", "geoid": 51510, "lines": 4.0, "max_voltage": 230.0, "source_id": "155934", "status": "IN SERVICE"}}, {"type": "Feature", "geometry": {"type": "Point", "coordinates": [-75.67862165899999, 37.75266653600005]}, "properties": {"facility_id": "hifld_ss_156257", "facility_name": "TAP156257", "year": 2026, "type": "substation", "geoid": 51001, "lines": 3.0, "max_voltage": 69.0, "source_id": "156257", "status": "IN SERVICE"}}, {"type": "Feature", "geometry": {"type": "Point", "coordinates": [-79.37111130799997, 38.060093563000066]}, "properties": {"facility_id": "hifld_ss_156388", "facility_name": "UNKNOWN156388", "year": 2026, "type": "substation", "geoid": 51015, "lines": 0.0, "source_id": "156388", "status": "IN SERVICE"}}, {"type": "Feature", "geometry": {"type": "Point", "coordinates": [-78.93224275799997, 38.345920299000056]}, "properties": {"facility_id": "hifld_ss_156521", "facility_name": "UNKNOWN156521", "year": 2026, "type": "substation", "geoid": 51165, "lines": 0.0, "source_id": "156521", "status": "IN SERVICE"}}, {"type": "Feature", "geometry": {"type": "Point", "coordinates": [-82.05847769699994, 36.68725999900005]}, "properties": {"facility_id": "hifld_ss_156532", "facility_name": "UNKNOWN156532", "year": 2026, "type": "substation", "geoid": 51191, "lines": 2.0, "max_voltage": 138.0, "source_id": "156532", "status": "IN SERVICE"}}, {"type": "Feature", "geometry": {"type": "Point", "coordinates": [-81.80441595299999, 37.09369297400008]}, "properties": {"facility_id": "hifld_ss_156533", "facility_name": "UNKNOWN156533", "year": 2026, "type": "substation", "geoid": 51185, "lines": 1.0, "max_voltage": 69.0, "source_id": "156533", "status": "IN SERVICE"}}, {"type": "Feature", "geometry": {"type": "Point", "coordinates": [-81.79375375099994, 36.794005828000024]}, "properties": {"facility_id": "hifld_ss_156534", "facility_name": "UNKNOWN156534", "year": 2026, "type": "substation", "geoid": 51191, "lines": 2.0, "source_id": "156534", "status": "IN SERVICE"}}, {"type": "Feature", "geometry": {"type": "Point", "coordinates": [-80.68220466399998, 37.10183071700004]}, "properties": {"facility_id": "hifld_ss_156552", "facility_name": "UNKNOWN156552", "year": 2026, "type": "substation", "geoid": 51155, "lines": 0.0, "source_id": "156552", "status": "IN SERVICE"}}, {"type": "Feature", "geometry": {"type": "Point", "coordinates": [-78.87688324499999, 38.43246819400008]}, "properties": {"facility_id": "hifld_ss_156585", "facility_name": "UNKNOWN156585", "year": 2026, "type": "substation", "geoid": 51660, "lines": 0.0, "source_id": "156585", "status": "IN SERVICE"}}, {"type": "Feature", "geometry": {"type": "Point", "coordinates": [-77.12846793099999, 38.89804486400004]}, "properties": {"facility_id": "hifld_ss_156590", "facility_name": "UNKNOWN156590", "year": 2026, "type": "substation", "geoid": 51013, "lines": 0.0, "source_id": "156590", "status": "IN SERVICE"}}, {"type": "Feature", "geometry": {"type": "Point", "coordinates": [-78.98691772799998, 38.02111181600003]}, "properties": {"facility_id": "hifld_ss_156741", "facility_name": "UNKNOWN156741", "year": 2026, "type": "substation", "geoid": 51015, "lines": 0.0, "source_id": "156741", "status": "IN SERVICE"}}, {"type": "Feature", "geometry": {"type": "Point", "coordinates": [-76.20598225399993, 36.872829221000075]}, "properties": {"facility_id": "hifld_ss_156774", "facility_name": "UNKNOWN156774", "year": 2026, "type": "substation", "geoid": 51710, "lines": 0.0, "source_id": "156774", "status": "IN SERVICE"}}, {"type": "Feature", "geometry": {"type": "Point", "coordinates": [-77.62020875699994, 38.93239908900006]}, "properties": {"facility_id": "hifld_ss_156823", "facility_name": "UNKNOWN156823", "year": 2026, "type": "substation", "geoid": 51107, "lines": 3.0, "max_voltage": 230.0, "source_id": "156823", "status": "IN SERVICE"}}, {"type": "Feature", "geometry": {"type": "Point", "coordinates": [-77.53375098999999, 38.77464046600005]}, "properties": {"facility_id": "hifld_ss_156824", "facility_name": "UNKNOWN156824", "year": 2026, "type": "substation", "geoid": 51153, "lines": 4.0, "max_voltage": 230.0, "source_id": "156824", "status": "IN SERVICE"}}, {"type": "Feature", "geometry": {"type": "Point", "coordinates": [-77.53570214799998, 38.77727690900008]}, "properties": {"facility_id": "hifld_ss_156825", "facility_name": "UNKNOWN156825", "year": 2026, "type": "substation", "geoid": 51153, "lines": 2.0, "max_voltage": 230.0, "source_id": "156825", "status": "IN SERVICE"}}, {"type": "Feature", "geometry": {"type": "Point", "coordinates": [-77.80144320099998, 38.09109213500005]}, "properties": {"facility_id": "hifld_ss_156826", "facility_name": "UNKNOWN156826", "year": 2026, "type": "substation", "geoid": 51177, "lines": 1.0, "source_id": "156826", "status": "IN SERVICE"}}, {"type": "Feature", "geometry": {"type": "Point", "coordinates": [-75.72017951599997, 37.74536511200006]}, "properties": {"facility_id": "hifld_ss_156947", "facility_name": "UNKNOWN156947", "year": 2026, "type": "substation", "geoid": 51001, "lines": 1.0, "max_voltage": 69.0, "source_id": "156947", "status": "IN SERVICE"}}, {"type": "Feature", "geometry": {"type": "Point", "coordinates": [-80.01850799999994, 37.27735500000006]}, "properties": {"facility_id": "hifld_ss_157204", "facility_name": "UNKNOWN157204", "year": 2026, "type": "substation", "geoid": 51775, "lines": 0.0, "source_id": "157204", "status": "IN SERVICE"}}, {"type": "Feature", "geometry": {"type": "Point", "coordinates": [-79.98587488599998, 37.769791456000064]}, "properties": {"facility_id": "hifld_ss_157264", "facility_name": "UNKNOWN157264", "year": 2026, "type": "substation", "geoid": 51580, "lines": 0.0, "source_id": "157264", "status": "IN SERVICE"}}, {"type": "Feature", "geometry": {"type": "Point", "coordinates": [-81.13053872899997, 37.09728153500003]}, "properties": {"facility_id": "hifld_ss_157442", "facility_name": "BLAND", "year": 2026, "type": "substation", "geoid": 51021, "lines": 1.0, "max_voltage": 69.0, "source_id": "157442", "status": "IN SERVICE"}}, {"type": "Feature", "geometry": {"type": "Point", "coordinates": [-77.45533161099996, 37.860866257000055]}, "properties": {"facility_id": "hifld_ss_157529", "facility_name": "UNKNOWN157529", "year": 2026, "type": "substation", "geoid": 51085, "lines": 0.0, "source_id": "157529", "status": "IN SERVICE"}}, {"type": "Feature", "geometry": {"type": "Point", "coordinates": [-77.53146441299998, 39.07550887000008]}, "properties": {"facility_id": "hifld_ss_157646", "facility_name": "GOOSE CREEK", "year": 2026, "type": "substation", "geoid": 51107, "lines": 3.0, "max_voltage": 500.0, "source_id": "157646", "status": "IN SERVICE"}}, {"type": "Feature", "geometry": {"type": "Point", "coordinates": [-79.03877909899995, 38.023638747000064]}, "properties": {"facility_id": "hifld_ss_157664", "facility_name": "UNKNOWN157664", "year": 2026, "type": "substation", "geoid": 51015, "lines": 0.0, "source_id": "157664", "status": "IN SERVICE"}}, {"type": "Feature", "geometry": {"type": "Point", "coordinates": [-77.55668572399998, 36.69114105800003]}, "properties": {"facility_id": "hifld_ss_157682", "facility_name": "UNKNOWN157682", "year": 2026, "type": "substation", "geoid": 51595, "lines": 0.0, "source_id": "157682", "status": "IN SERVICE"}}, {"type": "Feature", "geometry": {"type": "Point", "coordinates": [-77.56454703199995, 38.89413189100003]}, "properties": {"facility_id": "hifld_ss_157733", "facility_name": "LOUDON", "year": 2026, "type": "substation", "geoid": 51107, "lines": 5.0, "max_voltage": 500.0, "source_id": "157733", "status": "IN SERVICE"}}, {"type": "Feature", "geometry": {"type": "Point", "coordinates": [-79.34759339699997, 36.603964940000026]}, "properties": {"facility_id": "hifld_ss_158344", "facility_name": "UNKNOWN158344", "year": 2026, "type": "substation", "geoid": 51143, "lines": 3.0, "source_id": "158344", "status": "IN SERVICE"}}, {"type": "Feature", "geometry": {"type": "Point", "coordinates": [-76.58445247799995, 37.213555873000075]}, "properties": {"facility_id": "hifld_ss_158366", "facility_name": "UNKNOWN158366", "year": 2026, "type": "substation", "geoid": 51199, "lines": 0.0, "source_id": "158366", "status": "IN SERVICE"}}, {"type": "Feature", "geometry": {"type": "Point", "coordinates": [-77.97228057099994, 37.06059218100006]}, "properties": {"facility_id": "hifld_ss_158375", "facility_name": "UNKNOWN158375", "year": 2026, "type": "substation", "geoid": 51135, "lines": 2.0, "source_id": "158375", "status": "IN SERVICE"}}, {"type": "Feature", "geometry": {"type": "Point", "coordinates": [-77.16648897899995, 36.61385009300005]}, "properties": {"facility_id": "hifld_ss_159795", "facility_name": "UNKNOWN159795", "year": 2026, "type": "substation", "geoid": 51175, "lines": 0.0, "source_id": "159795", "status": "UNDER CONST"}}, {"type": "Feature", "geometry": {"type": "Point", "coordinates": [-82.81172399999997, 36.881305000000054]}, "properties": {"facility_id": "hifld_ss_160521", "facility_name": "TAP160521", "year": 2026, "type": "substation", "geoid": 51195, "lines": 3.0, "max_voltage": 161.0, "source_id": "160521", "status": "IN SERVICE"}}, {"type": "Feature", "geometry": {"type": "Point", "coordinates": [-82.81442099999998, 36.880393000000026]}, "properties": {"facility_id": "hifld_ss_160522", "facility_name": "TAP160522", "year": 2026, "type": "substation", "geoid": 51195, "lines": 3.0, "max_voltage": 161.0, "source_id": "160522", "status": "IN SERVICE"}}, {"type": "Feature", "geometry": {"type": "Point", "coordinates": [-83.11026716199996, 36.76829403800008]}, "properties": {"facility_id": "hifld_ss_160528", "facility_name": "TAP160528", "year": 2026, "type": "substation", "geoid": 51105, "lines": 3.0, "source_id": "160528", "status": "IN SERVICE"}}, {"type": "Feature", "geometry": {"type": "Point", "coordinates": [-81.98763999999994, 37.158393000000046]}, "properties": {"facility_id": "hifld_ss_160532", "facility_name": "TAP160532", "year": 2026, "type": "substation", "geoid": 51027, "lines": 3.0, "max_voltage": 69.0, "source_id": "160532", "status": "IN SERVICE"}}, {"type": "Feature", "geometry": {"type": "Point", "coordinates": [-81.98603263699994, 37.16089291800006]}, "properties": {"facility_id": "hifld_ss_160533", "facility_name": "UNKNOWN160533", "year": 2026, "type": "substation", "geoid": 51027, "lines": 1.0, "max_voltage": 69.0, "source_id": "160533", "status": "IN SERVICE"}}, {"type": "Feature", "geometry": {"type": "Point", "coordinates": [-81.98353899999995, 37.157268000000045]}, "properties": {"facility_id": "hifld_ss_160534", "facility_name": "TAP160534", "year": 2026, "type": "substation", "geoid": 51027, "lines": 3.0, "max_voltage": 69.0, "source_id": "160534", "status": "IN SERVICE"}}, {"type": "Feature", "geometry": {"type": "Point", "coordinates": [-81.96980499999995, 37.16076400000003]}, "properties": {"facility_id": "hifld_ss_160535", "facility_name": "TAP160535", "year": 2026, "type": "substation", "geoid": 51027, "lines": 3.0, "max_voltage": 69.0, "source_id": "160535", "status": "IN SERVICE"}}, {"type": "Feature", "geometry": {"type": "Point", "coordinates": [-81.95807099999996, 37.16477700000007]}, "properties": {"facility_id": "hifld_ss_160536", "facility_name": "TAP160536", "year": 2026, "type": "substation", "geoid": 51027, "lines": 3.0, "max_voltage": 69.0, "source_id": "160536", "status": "IN SERVICE"}}, {"type": "Feature", "geometry": {"type": "Point", "coordinates": [-81.95768611799997, 37.16438358700003]}, "properties": {"facility_id": "hifld_ss_160537", "facility_name": "UNKNOWN160537", "year": 2026, "type": "substation", "geoid": 51027, "lines": 1.0, "max_voltage": 69.0, "source_id": "160537", "status": "IN SERVICE"}}, {"type": "Feature", "geometry": {"type": "Point", "coordinates": [-81.95456999999999, 37.172304000000054]}, "properties": {"facility_id": "hifld_ss_160538", "facility_name": "TAP160538", "year": 2026, "type": "substation", "geoid": 51027, "lines": 3.0, "max_voltage": 69.0, "source_id": "160538", "status": "IN SERVICE"}}, {"type": "Feature", "geometry": {"type": "Point", "coordinates": [-81.95474499999995, 37.172386000000074]}, "properties": {"facility_id": "hifld_ss_160539", "facility_name": "TAP160539", "year": 2026, "type": "substation", "geoid": 51027, "lines": 3.0, "max_voltage": 69.0, "source_id": "160539", "status": "IN SERVICE"}}, {"type": "Feature", "geometry": {"type": "Point", "coordinates": [-81.98353420299998, 37.157045330000074]}, "properties": {"facility_id": "hifld_ss_160540", "facility_name": "PERMAC", "year": 2026, "type": "substation", "geoid": 51027, "lines": 1.0, "max_voltage": 69.0, "source_id": "160540", "status": "IN SERVICE"}}, {"type": "Feature", "geometry": {"type": "Point", "coordinates": [-82.03227313699995, 37.23922111200005]}, "properties": {"facility_id": "hifld_ss_160541", "facility_name": "UNKNOWN160541", "year": 2026, "type": "substation", "geoid": 51027, "lines": 1.0, "max_voltage": 69.0, "source_id": "160541", "status": "IN SERVICE"}}, {"type": "Feature", "geometry": {"type": "Point", "coordinates": [-82.12158537399995, 37.22516642800008]}, "properties": {"facility_id": "hifld_ss_160555", "facility_name": "TURKEY PEN", "year": 2026, "type": "substation", "geoid": 51027, "lines": 1.0, "max_voltage": 69.0, "source_id": "160555", "status": "IN SERVICE"}}, {"type": "Feature", "geometry": {"type": "Point", "coordinates": [-82.03376505899996, 37.24064165000004]}, "properties": {"facility_id": "hifld_ss_160556", "facility_name": "DISMAL RIVER", "year": 2026, "type": "substation", "geoid": 51027, "lines": 5.0, "max_voltage": 69.0, "source_id": "160556", "status": "IN SERVICE"}}, {"type": "Feature", "geometry": {"type": "Point", "coordinates": [-81.97478254499998, 37.17085810100008]}, "properties": {"facility_id": "hifld_ss_160560", "facility_name": "MARVIN", "year": 2026, "type": "substation", "geoid": 51027, "lines": 1.0, "max_voltage": 69.0, "source_id": "160560", "status": "IN SERVICE"}}, {"type": "Feature", "geometry": {"type": "Point", "coordinates": [-81.80437944899995, 37.093407624000065]}, "properties": {"facility_id": "hifld_ss_160561", "facility_name": "TAP160561", "year": 2026, "type": "substation", "geoid": 51185, "lines": 3.0, "max_voltage": 69.0, "source_id": "160561", "status": "IN SERVICE"}}, {"type": "Feature", "geometry": {"type": "Point", "coordinates": [-81.95527334399998, 37.17275691100008]}, "properties": {"facility_id": "hifld_ss_160562", "facility_name": "WHITESTONE BRANCH", "year": 2026, "type": "substation", "geoid": 51027, "lines": 1.0, "max_voltage": 69.0, "source_id": "160562", "status": "IN SERVICE"}}, {"type": "Feature", "geometry": {"type": "Point", "coordinates": [-77.55711899999994, 39.107699000000025]}, "properties": {"facility_id": "hifld_ss_161075", "facility_name": "TAP161075", "year": 2026, "type": "substation", "geoid": 51107, "lines": 2.0, "source_id": "161075", "status": "IN SERVICE"}}, {"type": "Feature", "geometry": {"type": "Point", "coordinates": [-77.53969102899998, 39.05809636700008]}, "properties": {"facility_id": "hifld_ss_161085", "facility_name": "TAP161085", "year": 2026, "type": "substation", "geoid": 51107, "lines": 3.0, "max_voltage": 230.0, "source_id": "161085", "status": "IN SERVICE"}}, {"type": "Feature", "geometry": {"type": "Point", "coordinates": [-77.41193243699996, 38.98971498800006]}, "properties": {"facility_id": "hifld_ss_161090", "facility_name": "DAVIS DRIVE", "year": 2026, "type": "substation", "geoid": 51107, "lines": 0.0, "source_id": "161090", "status": "IN SERVICE"}}, {"type": "Feature", "geometry": {"type": "Point", "coordinates": [-77.54045958099994, 39.05800491800005]}, "properties": {"facility_id": "hifld_ss_161091", "facility_name": "STONEWALL ENERGY CENTER", "year": 2026, "type": "substation", "geoid": 51107, "lines": 2.0, "max_voltage": 230.0, "source_id": "161091", "status": "IN SERVICE"}}, {"type": "Feature", "geometry": {"type": "Point", "coordinates": [-77.51863529999997, 38.95018188800003]}, "properties": {"facility_id": "hifld_ss_161092", "facility_name": "YARDLEY RIDGE", "year": 2026, "type": "substation", "geoid": 51107, "lines": 2.0, "max_voltage": 230.0, "source_id": "161092", "status": "IN SERVICE"}}, {"type": "Feature", "geometry": {"type": "Point", "coordinates": [-77.99377320799994, 36.90325194400003]}, "properties": {"facility_id": "hifld_ss_161131", "facility_name": "DANIELTOWN", "year": 2026, "type": "substation", "geoid": 51025, "lines": 1.0, "max_voltage": 115.0, "source_id": "161131", "status": "IN SERVICE"}}, {"type": "Feature", "geometry": {"type": "Point", "coordinates": [-77.95529409499994, 36.807799473000046]}, "properties": {"facility_id": "hifld_ss_161132", "facility_name": "UNKNOWN161132", "year": 2026, "type": "substation", "geoid": 51025, "lines": 1.0, "max_voltage": 115.0, "source_id": "161132", "status": "IN SERVICE"}}, {"type": "Feature", "geometry": {"type": "Point", "coordinates": [-77.87394183799995, 36.61662047900006]}, "properties": {"facility_id": "hifld_ss_161133", "facility_name": "UNKNOWN161133", "year": 2026, "type": "substation", "geoid": 51025, "lines": 1.0, "max_voltage": 115.0, "source_id": "161133", "status": "IN SERVICE"}}, {"type": "Feature", "geometry": {"type": "Point", "coordinates": [-77.95479699999999, 36.80831800000004]}, "properties": {"facility_id": "hifld_ss_161134", "facility_name": "TAP161134", "year": 2026, "type": "substation", "geoid": 51025, "lines": 3.0, "max_voltage": 115.0, "source_id": "161134", "status": "IN SERVICE"}}, {"type": "Feature", "geometry": {"type": "Point", "coordinates": [-77.92058699999995, 36.74112800000006]}, "properties": {"facility_id": "hifld_ss_161135", "facility_name": "TAP161135", "year": 2026, "type": "substation", "geoid": 51025, "lines": 3.0, "max_voltage": 115.0, "source_id": "161135", "status": "IN SERVICE"}}, {"type": "Feature", "geometry": {"type": "Point", "coordinates": [-77.60484546499998, 37.062507303000075]}, "properties": {"facility_id": "hifld_ss_161136", "facility_name": "UNKNOWN161136", "year": 2026, "type": "substation", "geoid": 51053, "lines": 0.0, "source_id": "161136", "status": "IN SERVICE"}}, {"type": "Feature", "geometry": {"type": "Point", "coordinates": [-77.42948066099996, 37.522558280000055]}, "properties": {"facility_id": "hifld_ss_161137", "facility_name": "TAP161137", "year": 2026, "type": "substation", "geoid": 51760, "lines": 3.0, "max_voltage": 115.0, "source_id": "161137", "status": "IN SERVICE"}}, {"type": "Feature", "geometry": {"type": "Point", "coordinates": [-76.96717999999998, 37.89411700000005]}, "properties": {"facility_id": "hifld_ss_161183", "facility_name": "TAP161183", "year": 2026, "type": "substation", "geoid": 51057, "lines": 3.0, "source_id": "161183", "status": "IN SERVICE"}}, {"type": "Feature", "geometry": {"type": "Point", "coordinates": [-76.93748092499999, 37.96721256500007]}, "properties": {"facility_id": "hifld_ss_161184", "facility_name": "UNKNOWN161184", "year": 2026, "type": "substation", "geoid": 51057, "lines": 1.0, "source_id": "161184", "status": "IN SERVICE"}}, {"type": "Feature", "geometry": {"type": "Point", "coordinates": [-79.89384029899998, 37.37583480100005]}, "properties": {"facility_id": "hifld_ss_161185", "facility_name": "CLOVERDALE EAST", "year": 2026, "type": "substation", "geoid": 51023, "lines": 4.0, "max_voltage": 500.0, "source_id": "161185", "status": "IN SERVICE"}}, {"type": "Feature", "geometry": {"type": "Point", "coordinates": [-79.36997097899996, 37.73015902100008]}, "properties": {"facility_id": "hifld_ss_161412", "facility_name": "TAP161412", "year": 2026, "type": "substation", "geoid": 51530, "lines": 3.0, "max_voltage": 115.0, "source_id": "161412", "status": "IN SERVICE"}}, {"type": "Feature", "geometry": {"type": "Point", "coordinates": [-77.49173628499994, 38.91751630500005]}, "properties": {"facility_id": "hifld_ss_161590", "facility_name": "POLAND RD", "year": 2026, "type": "substation", "geoid": 51107, "lines": 2.0, "max_voltage": 230.0, "source_id": "161590", "status": "IN SERVICE"}}, {"type": "Feature", "geometry": {"type": "Point", "coordinates": [-80.43435656199995, 37.23188305300005]}, "properties": {"facility_id": "hifld_ss_161591", "facility_name": "RISER161591", "year": 2026, "type": "substation", "geoid": 51121, "lines": 2.0, "source_id": "161591", "status": "IN SERVICE"}}, {"type": "Feature", "geometry": {"type": "Point", "coordinates": [-80.44419091599997, 37.22229403900008]}, "properties": {"facility_id": "hifld_ss_161592", "facility_name": "TAP161592", "year": 2026, "type": "substation", "geoid": 51121, "lines": 2.0, "source_id": "161592", "status": "IN SERVICE"}}, {"type": "Feature", "geometry": {"type": "Point", "coordinates": [-80.91970453599998, 36.66613846100006]}, "properties": {"facility_id": "hifld_ss_161593", "facility_name": "UNKNOWN161593", "year": 2026, "type": "substation", "geoid": 51640, "lines": 2.0, "max_voltage": 69.0, "source_id": "161593", "status": "IN SERVICE"}}, {"type": "Feature", "geometry": {"type": "Point", "coordinates": [-79.68231258299994, 36.67229324900006]}, "properties": {"facility_id": "hifld_ss_161594", "facility_name": "TAP161594", "year": 2026, "type": "substation", "geoid": 51143, "lines": 3.0, "source_id": "161594", "status": "IN SERVICE"}}, {"type": "Feature", "geometry": {"type": "Point", "coordinates": [-80.91748299999995, 36.66709300000008]}, "properties": {"facility_id": "hifld_ss_161595", "facility_name": "TAP161595", "year": 2026, "type": "substation", "geoid": 51640, "lines": 3.0, "max_voltage": 69.0, "source_id": "161595", "status": "IN SERVICE"}}, {"type": "Feature", "geometry": {"type": "Point", "coordinates": [-77.60370062699997, 37.24924783200004]}, "properties": {"facility_id": "hifld_ss_161686", "facility_name": "TAP161686", "year": 2026, "type": "substation", "geoid": 51053, "lines": 3.0, "max_voltage": 115.0, "source_id": "161686", "status": "IN SERVICE"}}, {"type": "Feature", "geometry": {"type": "Point", "coordinates": [-77.56613173999995, 37.27159351000006]}, "properties": {"facility_id": "hifld_ss_161687", "facility_name": "UNKNOWN161687", "year": 2026, "type": "substation", "geoid": 51041, "lines": 1.0, "max_voltage": 115.0, "source_id": "161687", "status": "IN SERVICE"}}, {"type": "Feature", "geometry": {"type": "Point", "coordinates": [-77.61336733999997, 37.989542795000034]}, "properties": {"facility_id": "hifld_ss_161757", "facility_name": "TAP161757", "year": 2026, "type": "substation", "geoid": 51033, "lines": 3.0, "max_voltage": 115.0, "source_id": "161757", "status": "IN SERVICE"}}, {"type": "Feature", "geometry": {"type": "Point", "coordinates": [-77.32763009599995, 38.53353764900004]}, "properties": {"facility_id": "hifld_ss_161758", "facility_name": "UNKNOWN161758", "year": 2026, "type": "substation", "geoid": 51153, "lines": 2.0, "max_voltage": 230.0, "source_id": "161758", "status": "IN SERVICE"}}, {"type": "Feature", "geometry": {"type": "Point", "coordinates": [-78.92429379499998, 36.78407003600006]}, "properties": {"facility_id": "hifld_ss_161759", "facility_name": "UNKNOWN161759", "year": 2026, "type": "substation", "geoid": 51083, "lines": 0.0, "source_id": "161759", "status": "UNDER CONST"}}, {"type": "Feature", "geometry": {"type": "Point", "coordinates": [-78.87653406099997, 36.69835285700003]}, "properties": {"facility_id": "hifld_ss_161760", "facility_name": "UNKNOWN161760", "year": 2026, "type": "substation", "geoid": 51083, "lines": 3.0, "max_voltage": 115.0, "source_id": "161760", "status": "IN SERVICE"}}, {"type": "Feature", "geometry": {"type": "Point", "coordinates": [-78.91463126299999, 36.69782526700004]}, "properties": {"facility_id": "hifld_ss_161761", "facility_name": "TAP161761", "year": 2026, "type": "substation", "geoid": 51083, "lines": 3.0, "max_voltage": 115.0, "source_id": "161761", "status": "IN SERVICE"}}, {"type": "Feature", "geometry": {"type": "Point", "coordinates": [-76.30525770899999, 36.76542739400003]}, "properties": {"facility_id": "hifld_ss_161768", "facility_name": "TAP161768", "year": 2026, "type": "substation", "geoid": 51550, "lines": 3.0, "max_voltage": 230.0, "source_id": "161768", "status": "IN SERVICE"}}, {"type": "Feature", "geometry": {"type": "Point", "coordinates": [-76.25279258799998, 36.791085398000064]}, "properties": {"facility_id": "hifld_ss_161774", "facility_name": "TAP161774", "year": 2026, "type": "substation", "geoid": 51550, "lines": 3.0, "max_voltage": 115.0, "source_id": "161774", "status": "IN SERVICE"}}, {"type": "Feature", "geometry": {"type": "Point", "coordinates": [-76.19351907399994, 36.81255262500008]}, "properties": {"facility_id": "hifld_ss_161807", "facility_name": "TAP161807", "year": 2026, "type": "substation", "geoid": 51810, "lines": 3.0, "max_voltage": 115.0, "source_id": "161807", "status": "IN SERVICE"}}, {"type": "Feature", "geometry": {"type": "Point", "coordinates": [-76.55161146799998, 37.19359543300004]}, "properties": {"facility_id": "hifld_ss_161808", "facility_name": "TAP161808", "year": 2026, "type": "substation", "geoid": 51700, "lines": 3.0, "max_voltage": 115.0, "source_id": "161808", "status": "IN SERVICE"}}, {"type": "Feature", "geometry": {"type": "Point", "coordinates": [-76.04033399999997, 36.88104400000003]}, "properties": {"facility_id": "hifld_ss_161809", "facility_name": "TAP161809", "year": 2026, "type": "substation", "geoid": 51810, "lines": 3.0, "max_voltage": 115.0, "source_id": "161809", "status": "IN SERVICE"}}, {"type": "Feature", "geometry": {"type": "Point", "coordinates": [-78.18340199999994, 38.90590400000008]}, "properties": {"facility_id": "hifld_ss_161841", "facility_name": "UNKNOWN161841", "year": 2026, "type": "substation", "geoid": 51187, "lines": 1.0, "source_id": "161841", "status": "IN SERVICE"}}, {"type": "Feature", "geometry": {"type": "Point", "coordinates": [-77.38019699999995, 37.50435300000004]}, "properties": {"facility_id": "hifld_ss_161842", "facility_name": "UNKNOWN161842", "year": 2026, "type": "substation", "geoid": 51087, "lines": 0.0, "source_id": "161842", "status": "IN SERVICE"}}, {"type": "Feature", "geometry": {"type": "Point", "coordinates": [-79.29840699999994, 36.66115400000007]}, "properties": {"facility_id": "hifld_ss_161843", "facility_name": "UNKNOWN161843", "year": 2026, "type": "substation", "geoid": 51143, "lines": 2.0, "max_voltage": 69.0, "source_id": "161843", "status": "IN SERVICE"}}, {"type": "Feature", "geometry": {"type": "Point", "coordinates": [-79.29882499999997, 36.66102100000006]}, "properties": {"facility_id": "hifld_ss_162225", "facility_name": "TAP162225", "year": 2026, "type": "substation", "geoid": 51143, "lines": 3.0, "max_voltage": 69.0, "source_id": "162225", "status": "IN SERVICE"}}, {"type": "Feature", "geometry": {"type": "Point", "coordinates": [-79.29886899999997, 36.66112100000004]}, "properties": {"facility_id": "hifld_ss_162226", "facility_name": "TAP162226", "year": 2026, "type": "substation", "geoid": 51143, "lines": 3.0, "max_voltage": 69.0, "source_id": "162226", "status": "IN SERVICE"}}, {"type": "Feature", "geometry": {"type": "Point", "coordinates": [-79.48974099999998, 37.34592600000008]}, "properties": {"facility_id": "hifld_ss_162227", "facility_name": "UNKNOWN162227", "year": 2026, "type": "substation", "geoid": 51019, "lines": 1.0, "max_voltage": 138.0, "source_id": "162227", "status": "IN SERVICE"}}, {"type": "Feature", "geometry": {"type": "Point", "coordinates": [-79.52248599999996, 37.33571200000006]}, "properties": {"facility_id": "hifld_ss_162228", "facility_name": "TAP162228", "year": 2026, "type": "substation", "geoid": 51019, "lines": 3.0, "max_voltage": 138.0, "source_id": "162228", "status": "IN SERVICE"}}, {"type": "Feature", "geometry": {"type": "Point", "coordinates": [-79.85313299999996, 36.68106800000004]}, "properties": {"facility_id": "hifld_ss_162229", "facility_name": "UNKNOWN162229", "year": 2026, "type": "substation", "geoid": 51690, "lines": 0.0, "source_id": "162229", "status": "IN SERVICE"}}, {"type": "Feature", "geometry": {"type": "Point", "coordinates": [-79.99907199999996, 37.273563000000024]}, "properties": {"facility_id": "hifld_ss_162230", "facility_name": "UNKNOWN162230", "year": 2026, "type": "substation", "geoid": 51770, "lines": 1.0, "source_id": "162230", "status": "IN SERVICE"}}, {"type": "Feature", "geometry": {"type": "Point", "coordinates": [-77.43838499999998, 38.995971000000054]}, "properties": {"facility_id": "hifld_ss_162231", "facility_name": "UNKNOWN162231", "year": 2026, "type": "substation", "geoid": 51107, "lines": 2.0, "max_voltage": 230.0, "source_id": "162231", "status": "IN SERVICE"}}, {"type": "Feature", "geometry": {"type": "Point", "coordinates": [-77.46328999999997, 37.56437800000003]}, "properties": {"facility_id": "hifld_ss_162232", "facility_name": "UNKNOWN162232", "year": 2026, "type": "substation", "geoid": 51760, "lines": 0.0, "source_id": "162232", "status": "IN SERVICE"}}, {"type": "Feature", "geometry": {"type": "Point", "coordinates": [-81.80799581899998, 37.10311188600008]}, "properties": {"facility_id": "hifld_ss_167384", "facility_name": "DEADEND167384", "year": 2026, "type": "substation", "geoid": 51185, "lines": 1.0, "max_voltage": 69.0, "source_id": "167384", "status": "IN SERVICE"}}, {"type": "Feature", "geometry": {"type": "Point", "coordinates": [-80.75625711799995, 37.37149807600008]}, "properties": {"facility_id": "hifld_ss_167385", "facility_name": "TAP167385", "year": 2026, "type": "substation", "geoid": 51071, "lines": 3.0, "max_voltage": 138.0, "source_id": "167385", "status": "IN SERVICE"}}, {"type": "Feature", "geometry": {"type": "Point", "coordinates": [-79.88810842599997, 37.37139192600006]}, "properties": {"facility_id": "hifld_ss_167386", "facility_name": "DEADEND167386", "year": 2026, "type": "substation", "geoid": 51023, "lines": 1.0, "source_id": "167386", "status": "IN SERVICE"}}, {"type": "Feature", "geometry": {"type": "Point", "coordinates": [-79.43938409199995, 36.565106582000055]}, "properties": {"facility_id": "hifld_ss_167387", "facility_name": "UNKNOWN167387", "year": 2026, "type": "substation", "geoid": 51590, "lines": 2.0, "max_voltage": 69.0, "source_id": "167387", "status": "IN SERVICE"}}, {"type": "Feature", "geometry": {"type": "Point", "coordinates": [-79.41268059099997, 36.568736450000074]}, "properties": {"facility_id": "hifld_ss_167388", "facility_name": "UNKNOWN167388", "year": 2026, "type": "substation", "geoid": 51590, "lines": 2.0, "source_id": "167388", "status": "IN SERVICE"}}, {"type": "Feature", "geometry": {"type": "Point", "coordinates": [-79.32832663599999, 36.59066338100007]}, "properties": {"facility_id": "hifld_ss_167389", "facility_name": "UNKNOWN167389", "year": 2026, "type": "substation", "geoid": 51143, "lines": 1.0, "source_id": "167389", "status": "IN SERVICE"}}, {"type": "Feature", "geometry": {"type": "Point", "coordinates": [-79.32803899999999, 36.587387000000035]}, "properties": {"facility_id": "hifld_ss_167390", "facility_name": "TAP167390", "year": 2026, "type": "substation", "geoid": 51143, "lines": 3.0, "source_id": "167390", "status": "IN SERVICE"}}, {"type": "Feature", "geometry": {"type": "Point", "coordinates": [-79.31197260099998, 36.579199138000035]}, "properties": {"facility_id": "hifld_ss_167391", "facility_name": "UNKNOWN167391", "year": 2026, "type": "substation", "geoid": 51590, "lines": 2.0, "source_id": "167391", "status": "IN SERVICE"}}, {"type": "Feature", "geometry": {"type": "Point", "coordinates": [-79.39378999999997, 36.59414900000007]}, "properties": {"facility_id": "hifld_ss_167392", "facility_name": "DEADEND167392", "year": 2026, "type": "substation", "geoid": 51590, "lines": 1.0, "source_id": "167392", "status": "IN SERVICE"}}, {"type": "Feature", "geometry": {"type": "Point", "coordinates": [-79.39377764499994, 36.59417415500008]}, "properties": {"facility_id": "hifld_ss_167393", "facility_name": "DEADEND167393", "year": 2026, "type": "substation", "geoid": 51590, "lines": 1.0, "source_id": "167393", "status": "IN SERVICE"}}, {"type": "Feature", "geometry": {"type": "Point", "coordinates": [-79.37390261799999, 36.56631779500003]}, "properties": {"facility_id": "hifld_ss_167394", "facility_name": "DEADEND167394", "year": 2026, "type": "substation", "geoid": 51590, "lines": 1.0, "max_voltage": 138.0, "source_id": "167394", "status": "IN SERVICE"}}, {"type": "Feature", "geometry": {"type": "Point", "coordinates": [-79.36469747499996, 36.55042462100005]}, "properties": {"facility_id": "hifld_ss_167395", "facility_name": "UNKNOWN167395", "year": 2026, "type": "substation", "geoid": 51590, "lines": 2.0, "max_voltage": 138.0, "source_id": "167395", "status": "IN SERVICE"}}, {"type": "Feature", "geometry": {"type": "Point", "coordinates": [-79.37461728199997, 36.54564964000008]}, "properties": {"facility_id": "hifld_ss_167396", "facility_name": "UNKNOWN167396", "year": 2026, "type": "substation", "geoid": 51590, "lines": 3.0, "source_id": "167396", "status": "IN SERVICE"}}, {"type": "Feature", "geometry": {"type": "Point", "coordinates": [-79.39360399999998, 36.547225000000026]}, "properties": {"facility_id": "hifld_ss_167397", "facility_name": "TAP167397", "year": 2026, "type": "substation", "geoid": 51590, "lines": 3.0, "source_id": "167397", "status": "IN SERVICE"}}, {"type": "Feature", "geometry": {"type": "Point", "coordinates": [-79.30937493899995, 38.093400760000065]}, "properties": {"facility_id": "hifld_ss_167398", "facility_name": "DEADEND167398", "year": 2026, "type": "substation", "geoid": 51015, "lines": 1.0, "source_id": "167398", "status": "IN SERVICE"}}, {"type": "Feature", "geometry": {"type": "Point", "coordinates": [-79.28446574399999, 37.09257971200003]}, "properties": {"facility_id": "hifld_ss_167399", "facility_name": "DEADEND167399", "year": 2026, "type": "substation", "geoid": 51143, "lines": 1.0, "max_voltage": 115.0, "source_id": "167399", "status": "IN SERVICE"}}, {"type": "Feature", "geometry": {"type": "Point", "coordinates": [-78.12737994099996, 37.656507342000054]}, "properties": {"facility_id": "hifld_ss_167400", "facility_name": "DEADEND167400", "year": 2026, "type": "substation", "geoid": 51049, "lines": 1.0, "max_voltage": 115.0, "source_id": "167400", "status": "IN SERVICE"}}, {"type": "Feature", "geometry": {"type": "Point", "coordinates": [-77.43121075399995, 37.52481691000003]}, "properties": {"facility_id": "hifld_ss_167401", "facility_name": "DEADEND167401", "year": 2026, "type": "substation", "geoid": 51760, "lines": 1.0, "source_id": "167401", "status": "IN SERVICE"}}, {"type": "Feature", "geometry": {"type": "Point", "coordinates": [-77.27061849499995, 38.71427942500003]}, "properties": {"facility_id": "hifld_ss_167402", "facility_name": "DEADEND167402", "year": 2026, "type": "substation", "geoid": 51059, "lines": 1.0, "max_voltage": 115.0, "source_id": "167402", "status": "IN SERVICE"}}, {"type": "Feature", "geometry": {"type": "Point", "coordinates": [-77.08246100399998, 38.79760085800007]}, "properties": {"facility_id": "hifld_ss_167403", "facility_name": "DEADEND167403", "year": 2026, "type": "substation", "geoid": 51059, "lines": 1.0, "source_id": "167403", "status": "IN SERVICE"}}, {"type": "Feature", "geometry": {"type": "Point", "coordinates": [-77.05507357599998, 38.796054199000025]}, "properties": {"facility_id": "hifld_ss_167404", "facility_name": "DEADEND167404", "year": 2026, "type": "substation", "geoid": 51510, "lines": 1.0, "source_id": "167404", "status": "IN SERVICE"}}, {"type": "Feature", "geometry": {"type": "Point", "coordinates": [-76.60795619399994, 37.21614626000007]}, "properties": {"facility_id": "hifld_ss_167405", "facility_name": "SKIFFES CREEK SWITCHING STATION", "year": 2026, "type": "substation", "geoid": 51095, "lines": 11.0, "max_voltage": 500.0, "source_id": "167405", "status": "IN SERVICE"}}, {"type": "Feature", "geometry": {"type": "Point", "coordinates": [-76.46442879599994, 37.09338534100005]}, "properties": {"facility_id": "hifld_ss_167406", "facility_name": "UNKNOWN167406", "year": 2026, "type": "substation", "geoid": 51700, "lines": 3.0, "max_voltage": 230.0, "source_id": "167406", "status": "IN SERVICE"}}, {"type": "Feature", "geometry": {"type": "Point", "coordinates": [-79.77027625999995, 36.99587146500005]}, "properties": {"facility_id": "hifld_ss_171558", "facility_name": "UNKNOWN171558", "year": 2026, "type": "substation", "geoid": 51067, "lines": 1.0, "source_id": "171558", "status": "IN SERVICE"}}, {"type": "Feature", "geometry": {"type": "Point", "coordinates": [-80.61736099999996, 37.13336000000004]}, "properties": {"facility_id": "hifld_ss_171559", "facility_name": "TAP171559", "year": 2026, "type": "substation", "geoid": 51155, "lines": 3.0, "source_id": "171559", "status": "IN SERVICE"}}, {"type": "Feature", "geometry": {"type": "Point", "coordinates": [-80.60524099999998, 37.14940900000005]}, "properties": {"facility_id": "hifld_ss_171560", "facility_name": "DEADEND171560", "year": 2026, "type": "substation", "geoid": 51155, "lines": 1.0, "source_id": "171560", "status": "IN SERVICE"}}, {"type": "Feature", "geometry": {"type": "Point", "coordinates": [-80.61352899999997, 37.12927600000006]}, "properties": {"facility_id": "hifld_ss_171561", "facility_name": "TAP171561", "year": 2026, "type": "substation", "geoid": 51155, "lines": 3.0, "source_id": "171561", "status": "IN SERVICE"}}, {"type": "Feature", "geometry": {"type": "Point", "coordinates": [-80.58096199999994, 37.11816100000004]}, "properties": {"facility_id": "hifld_ss_171562", "facility_name": "TAP171562", "year": 2026, "type": "substation", "geoid": 51750, "lines": 1.0, "source_id": "171562", "status": "IN SERVICE"}}, {"type": "Feature", "geometry": {"type": "Point", "coordinates": [-80.60445619899997, 37.16100847600006]}, "properties": {"facility_id": "hifld_ss_171563", "facility_name": "UNKNOWN171563", "year": 2026, "type": "substation", "geoid": 51155, "lines": 2.0, "source_id": "171563", "status": "IN SERVICE"}}, {"type": "Feature", "geometry": {"type": "Point", "coordinates": [-81.87457399999994, 36.76744100000008]}, "properties": {"facility_id": "hifld_ss_171564", "facility_name": "TAP171564", "year": 2026, "type": "substation", "geoid": 51191, "lines": 3.0, "source_id": "171564", "status": "IN SERVICE"}}, {"type": "Feature", "geometry": {"type": "Point", "coordinates": [-82.87088110799994, 36.69335014800003]}, "properties": {"facility_id": "hifld_ss_171565", "facility_name": "UNKNOWN171565", "year": 2026, "type": "substation", "geoid": 51169, "lines": 1.0, "source_id": "171565", "status": "IN SERVICE"}}, {"type": "Feature", "geometry": {"type": "Point", "coordinates": [-82.31055032899997, 37.04409419900003]}, "properties": {"facility_id": "hifld_ss_171566", "facility_name": "TAP171566", "year": 2026, "type": "substation", "geoid": 51051, "lines": 3.0, "source_id": "171566", "status": "IN SERVICE"}}, {"type": "Feature", "geometry": {"type": "Point", "coordinates": [-82.34198221699995, 37.02411149100004]}, "properties": {"facility_id": "hifld_ss_171567", "facility_name": "UNKNOWN171567", "year": 2026, "type": "substation", "geoid": 51051, "lines": 1.0, "source_id": "171567", "status": "IN SERVICE"}}, {"type": "Feature", "geometry": {"type": "Point", "coordinates": [-82.75035779699994, 36.997092563000024]}, "properties": {"facility_id": "hifld_ss_171568", "facility_name": "UNKNOWN171568", "year": 2026, "type": "substation", "geoid": 51195, "lines": 1.0, "source_id": "171568", "status": "IN SERVICE"}}, {"type": "Feature", "geometry": {"type": "Point", "coordinates": [-82.73161954199998, 36.96835700200006]}, "properties": {"facility_id": "hifld_ss_171569", "facility_name": "UNKNOWN171569", "year": 2026, "type": "substation", "geoid": 51195, "lines": 2.0, "max_voltage": 69.0, "source_id": "171569", "status": "IN SERVICE"}}, {"type": "Feature", "geometry": {"type": "Point", "coordinates": [-82.73083482199996, 36.96837129600004]}, "properties": {"facility_id": "hifld_ss_171570", "facility_name": "TAP171570", "year": 2026, "type": "substation", "geoid": 51195, "lines": 3.0, "max_voltage": 69.0, "source_id": "171570", "status": "IN SERVICE"}}, {"type": "Feature", "geometry": {"type": "Point", "coordinates": [-79.62701999999996, 38.01271500000007]}, "properties": {"facility_id": "hifld_ss_171571", "facility_name": "TAP171571", "year": 2026, "type": "substation", "geoid": 51017, "lines": 3.0, "source_id": "171571", "status": "IN SERVICE"}}, {"type": "Feature", "geometry": {"type": "Point", "coordinates": [-79.78418286399994, 38.04942059500007]}, "properties": {"facility_id": "hifld_ss_171572", "facility_name": "UNKNOWN171572", "year": 2026, "type": "substation", "geoid": 51017, "lines": 2.0, "source_id": "171572", "status": "IN SERVICE"}}, {"type": "Feature", "geometry": {"type": "Point", "coordinates": [-78.13255199999998, 39.223963000000026]}, "properties": {"facility_id": "hifld_ss_171682", "facility_name": "RISER171682", "year": 2026, "type": "substation", "geoid": 51069, "lines": 1.0, "source_id": "171682", "status": "IN SERVICE"}}, {"type": "Feature", "geometry": {"type": "Point", "coordinates": [-78.11118599999998, 39.25949500000007]}, "properties": {"facility_id": "hifld_ss_171683", "facility_name": "TAP171683", "year": 2026, "type": "substation", "geoid": 51069, "lines": 2.0, "source_id": "171683", "status": "IN SERVICE"}}, {"type": "Feature", "geometry": {"type": "Point", "coordinates": [-78.09733415899996, 39.25640810400006]}, "properties": {"facility_id": "hifld_ss_171684", "facility_name": "UNKNOWN171684", "year": 2026, "type": "substation", "geoid": 51069, "lines": 1.0, "source_id": "171684", "status": "IN SERVICE"}}, {"type": "Feature", "geometry": {"type": "Point", "coordinates": [-77.84213450999994, 38.71235235300003]}, "properties": {"facility_id": "hifld_ss_171685", "facility_name": "UNKNOWN171685", "year": 2026, "type": "substation", "geoid": 51061, "lines": 1.0, "source_id": "171685", "status": "IN SERVICE"}}, {"type": "Feature", "geometry": {"type": "Point", "coordinates": [-78.18048199999998, 38.90574300000003]}, "properties": {"facility_id": "hifld_ss_171686", "facility_name": "TAP171686", "year": 2026, "type": "substation", "geoid": 51187, "lines": 3.0, "source_id": "171686", "status": "IN SERVICE"}}, {"type": "Feature", "geometry": {"type": "Point", "coordinates": [-78.50575184699994, 37.71646920200004]}, "properties": {"facility_id": "hifld_ss_171687", "facility_name": "UNKNOWN171687", "year": 2026, "type": "substation", "geoid": 51029, "lines": 1.0, "max_voltage": 138.0, "source_id": "171687", "status": "IN SERVICE"}}, {"type": "Feature", "geometry": {"type": "Point", "coordinates": [-79.00014978699994, 37.341546434000065]}, "properties": {"facility_id": "hifld_ss_171688", "facility_name": "TAP171688", "year": 2026, "type": "substation", "geoid": 51031, "lines": 3.0, "source_id": "171688", "status": "IN SERVICE"}}, {"type": "Feature", "geometry": {"type": "Point", "coordinates": [-78.92623973199994, 37.43026860800006]}, "properties": {"facility_id": "hifld_ss_171689", "facility_name": "UNKNOWN171689", "year": 2026, "type": "substation", "geoid": 51011, "lines": 1.0, "source_id": "171689", "status": "IN SERVICE"}}, {"type": "Feature", "geometry": {"type": "Point", "coordinates": [-79.12570799999997, 37.38578300000006]}, "properties": {"facility_id": "hifld_ss_171690", "facility_name": "TAP171690", "year": 2026, "type": "substation", "geoid": 51680, "lines": 3.0, "source_id": "171690", "status": "IN SERVICE"}}, {"type": "Feature", "geometry": {"type": "Point", "coordinates": [-79.14923999999996, 37.39366800000005]}, "properties": {"facility_id": "hifld_ss_171691", "facility_name": "TAP171691", "year": 2026, "type": "substation", "geoid": 51680, "lines": 3.0, "source_id": "171691", "status": "IN SERVICE"}}, {"type": "Feature", "geometry": {"type": "Point", "coordinates": [-79.15547343599997, 37.38733123400005]}, "properties": {"facility_id": "hifld_ss_171692", "facility_name": "UNKNOWN171692", "year": 2026, "type": "substation", "geoid": 51680, "lines": 2.0, "source_id": "171692", "status": "IN SERVICE"}}, {"type": "Feature", "geometry": {"type": "Point", "coordinates": [-79.14924142199999, 37.38024817400003]}, "properties": {"facility_id": "hifld_ss_171693", "facility_name": "TAP171693", "year": 2026, "type": "substation", "geoid": 51680, "lines": 3.0, "source_id": "171693", "status": "IN SERVICE"}}, {"type": "Feature", "geometry": {"type": "Point", "coordinates": [-79.16442030099995, 37.409266494000065]}, "properties": {"facility_id": "hifld_ss_171694", "facility_name": "DEARINGTON", "year": 2026, "type": "substation", "geoid": 51680, "lines": 1.0, "source_id": "171694", "status": "IN SERVICE"}}, {"type": "Feature", "geometry": {"type": "Point", "coordinates": [-79.21624734199997, 37.30732324600007]}, "properties": {"facility_id": "hifld_ss_171695", "facility_name": "UNKNOWN171695", "year": 2026, "type": "substation", "geoid": 51031, "lines": 1.0, "source_id": "171695", "status": "IN SERVICE"}}, {"type": "Feature", "geometry": {"type": "Point", "coordinates": [-76.36770994799997, 36.80763405500005]}, "properties": {"facility_id": "hifld_ss_171696", "facility_name": "UNKNOWN171696", "year": 2026, "type": "substation", "geoid": 51740, "lines": 1.0, "source_id": "171696", "status": "IN SERVICE"}}, {"type": "Feature", "geometry": {"type": "Point", "coordinates": [-77.50534175599995, 36.73716845300004]}, "properties": {"facility_id": "hifld_ss_171697", "facility_name": "UNKNOWN171697", "year": 2026, "type": "substation", "geoid": 51081, "lines": 1.0, "source_id": "171697", "status": "IN SERVICE"}}, {"type": "Feature", "geometry": {"type": "Point", "coordinates": [-78.73520510199995, 36.73816869600006]}, "properties": {"facility_id": "hifld_ss_171698", "facility_name": "UNKNOWN171698", "year": 2026, "type": "substation", "geoid": 51083, "lines": 1.0, "source_id": "171698", "status": "IN SERVICE"}}, {"type": "Feature", "geometry": {"type": "Point", "coordinates": [-78.73396399999996, 36.81910600000003]}, "properties": {"facility_id": "hifld_ss_171699", "facility_name": "RISER171699", "year": 2026, "type": "substation", "geoid": 51083, "lines": 1.0, "source_id": "171699", "status": "IN SERVICE"}}, {"type": "Feature", "geometry": {"type": "Point", "coordinates": [-79.10163901599998, 36.928637320000064]}, "properties": {"facility_id": "hifld_ss_171700", "facility_name": "UNKNOWN171700", "year": 2026, "type": "substation", "geoid": 51083, "lines": 1.0, "max_voltage": 115.0, "source_id": "171700", "status": "IN SERVICE"}}, {"type": "Feature", "geometry": {"type": "Point", "coordinates": [-79.00718439499997, 37.016703208000024]}, "properties": {"facility_id": "hifld_ss_171701", "facility_name": "TAP171701", "year": 2026, "type": "substation", "geoid": 51083, "lines": 3.0, "max_voltage": 115.0, "source_id": "171701", "status": "IN SERVICE"}}, {"type": "Feature", "geometry": {"type": "Point", "coordinates": [-80.04741441699997, 37.30144394800004]}, "properties": {"facility_id": "hifld_ss_171702", "facility_name": "UNKNOWN171702", "year": 2026, "type": "substation", "geoid": 51775, "lines": 2.0, "source_id": "171702", "status": "IN SERVICE"}}, {"type": "Feature", "geometry": {"type": "Point", "coordinates": [-80.04332015799997, 37.294043825000074]}, "properties": {"facility_id": "hifld_ss_171703", "facility_name": "UNKNOWN171703", "year": 2026, "type": "substation", "geoid": 51775, "lines": 4.0, "source_id": "171703", "status": "IN SERVICE"}}, {"type": "Feature", "geometry": {"type": "Point", "coordinates": [-79.92922079299996, 37.273195445000056]}, "properties": {"facility_id": "hifld_ss_171704", "facility_name": "UNKNOWN171704", "year": 2026, "type": "substation", "geoid": 51770, "lines": 2.0, "max_voltage": 138.0, "source_id": "171704", "status": "IN SERVICE"}}, {"type": "Feature", "geometry": {"type": "Point", "coordinates": [-79.55814032599994, 36.66716682300006]}, "properties": {"facility_id": "hifld_ss_171705", "facility_name": "UNKNOWN171705", "year": 2026, "type": "substation", "geoid": 51143, "lines": 2.0, "source_id": "171705", "status": "IN SERVICE"}}, {"type": "Feature", "geometry": {"type": "Point", "coordinates": [-79.51480062499996, 36.721795678000035]}, "properties": {"facility_id": "hifld_ss_171706", "facility_name": "UNKNOWN171706", "year": 2026, "type": "substation", "geoid": 51143, "lines": 2.0, "source_id": "171706", "status": "IN SERVICE"}}, {"type": "Feature", "geometry": {"type": "Point", "coordinates": [-79.41341927299999, 36.602593193000075]}, "properties": {"facility_id": "hifld_ss_171707", "facility_name": "DEADEND171707", "year": 2026, "type": "substation", "geoid": 51590, "lines": 1.0, "max_voltage": 69.0, "source_id": "171707", "status": "IN SERVICE"}}, {"type": "Feature", "geometry": {"type": "Point", "coordinates": [-79.40605099999993, 36.61864600000007]}, "properties": {"facility_id": "hifld_ss_171708", "facility_name": "TAP171708", "year": 2026, "type": "substation", "geoid": 51590, "lines": 3.0, "max_voltage": 69.0, "source_id": "171708", "status": "IN SERVICE"}}, {"type": "Feature", "geometry": {"type": "Point", "coordinates": [-79.39809047499995, 36.611937547000025]}, "properties": {"facility_id": "hifld_ss_171709", "facility_name": "TAP171709", "year": 2026, "type": "substation", "geoid": 51590, "lines": 3.0, "max_voltage": 69.0, "source_id": "171709", "status": "IN SERVICE"}}, {"type": "Feature", "geometry": {"type": "Point", "coordinates": [-79.35283432899996, 36.54438494900006]}, "properties": {"facility_id": "hifld_ss_171710", "facility_name": "UNKNOWN171710", "year": 2026, "type": "substation", "geoid": 51590, "lines": 2.0, "source_id": "171710", "status": "IN SERVICE"}}, {"type": "Feature", "geometry": {"type": "Point", "coordinates": [-79.37325342399998, 36.56818083900003]}, "properties": {"facility_id": "hifld_ss_171711", "facility_name": "TAP171711", "year": 2026, "type": "substation", "geoid": 51590, "lines": 3.0, "source_id": "171711", "status": "IN SERVICE"}}, {"type": "Feature", "geometry": {"type": "Point", "coordinates": [-76.39415999999994, 37.66719000000006]}, "properties": {"facility_id": "hifld_ss_172505", "facility_name": "UNKNOWN172505", "year": 2026, "type": "substation", "geoid": 51103, "lines": 2.0, "max_voltage": 115.0, "source_id": "172505", "status": "NOT AVAILABLE"}}, {"type": "Feature", "geometry": {"type": "Point", "coordinates": [-78.18547199999995, 38.92721800000004]}, "properties": {"facility_id": "hifld_ss_172506", "facility_name": "UNKNOWN172506", "year": 2026, "type": "substation", "geoid": 51187, "lines": 1.0, "source_id": "172506", "status": "NOT AVAILABLE"}}, {"type": "Feature", "geometry": {"type": "Point", "coordinates": [-78.18547199999995, 38.92688500000003]}, "properties": {"facility_id": "hifld_ss_172507", "facility_name": "UNKNOWN172507", "year": 2026, "type": "substation", "geoid": 51187, "lines": 3.0, "source_id": "172507", "status": "NOT AVAILABLE"}}, {"type": "Feature", "geometry": {"type": "Point", "coordinates": [-78.49110799999994, 38.05838600000004]}, "properties": {"facility_id": "hifld_ss_172570", "facility_name": "UNKNOWN172570", "year": 2026, "type": "substation", "geoid": 51540, "lines": 2.0, "max_voltage": 230.0, "source_id": "172570", "status": "NOT AVAILABLE"}}, {"type": "Feature", "geometry": {"type": "Point", "coordinates": [-77.53020999999995, 36.69473800000003]}, "properties": {"facility_id": "hifld_ss_172571", "facility_name": "UNKNOWN172571", "year": 2026, "type": "substation", "geoid": 51595, "lines": 1.0, "max_voltage": 115.0, "source_id": "172571", "status": "NOT AVAILABLE"}}, {"type": "Feature", "geometry": {"type": "Point", "coordinates": [-77.53026272699998, 36.69519876900006]}, "properties": {"facility_id": "hifld_ss_172572", "facility_name": "TAP172572", "year": 2026, "type": "substation", "geoid": 51595, "lines": 3.0, "max_voltage": 115.0, "source_id": "172572", "status": "NOT AVAILABLE"}}, {"type": "Feature", "geometry": {"type": "Point", "coordinates": [-75.91600699999998, 37.36571600000008]}, "properties": {"facility_id": "hifld_ss_172573", "facility_name": "UNKNOWN172573", "year": 2026, "type": "substation", "geoid": 51131, "lines": 2.0, "max_voltage": 69.0, "source_id": "172573", "status": "NOT AVAILABLE"}}, {"type": "Feature", "geometry": {"type": "Point", "coordinates": [-76.30544113499997, 36.76653369500008]}, "properties": {"facility_id": "hifld_ss_172590", "facility_name": "DEADEND172590", "year": 2026, "type": "substation", "geoid": 51550, "lines": 1.0, "max_voltage": 115.0, "source_id": "172590", "status": "NOT AVAILABLE"}}, {"type": "Feature", "geometry": {"type": "Point", "coordinates": [-76.42226700599997, 37.112078094000026]}, "properties": {"facility_id": "hifld_ss_172591", "facility_name": "DEADEND172591", "year": 2026, "type": "substation", "geoid": 51199, "lines": 1.0, "source_id": "172591", "status": "NOT AVAILABLE"}}, {"type": "Feature", "geometry": {"type": "Point", "coordinates": [-77.28278459499995, 37.28716366500004]}, "properties": {"facility_id": "hifld_ss_172592", "facility_name": "DEADEND172592", "year": 2026, "type": "substation", "geoid": 51670, "lines": 1.0, "max_voltage": 115.0, "source_id": "172592", "status": "NOT AVAILABLE"}}, {"type": "Feature", "geometry": {"type": "Point", "coordinates": [-80.78547501499997, 37.293503231000045]}, "properties": {"facility_id": "hifld_ss_172593", "facility_name": "DEADEND172593", "year": 2026, "type": "substation", "geoid": 51071, "lines": 1.0, "max_voltage": 138.0, "source_id": "172593", "status": "NOT AVAILABLE"}}, {"type": "Feature", "geometry": {"type": "Point", "coordinates": [-77.37714326799994, 37.38916186800003]}, "properties": {"facility_id": "hifld_ss_172594", "facility_name": "DEADEND172594", "year": 2026, "type": "substation", "geoid": 51087, "lines": 1.0, "max_voltage": 115.0, "source_id": "172594", "status": "NOT AVAILABLE"}}, {"type": "Feature", "geometry": {"type": "Point", "coordinates": [-77.04538099999996, 38.848160000000064]}, "properties": {"facility_id": "hifld_ss_172762", "facility_name": "UNKNOWN172762", "year": 2026, "type": "substation", "geoid": 51013, "lines": 0.0, "source_id": "172762", "status": "IN SERVICE"}}, {"type": "Feature", "geometry": {"type": "Point", "coordinates": [-77.79292199999998, 38.705434000000025]}, "properties": {"facility_id": "hifld_ss_172763", "facility_name": "UNKNOWN172763", "year": 2026, "type": "substation", "geoid": 51061, "lines": 0.0, "source_id": "172763", "status": "IN SERVICE"}}, {"type": "Feature", "geometry": {"type": "Point", "coordinates": [-77.83697799999999, 38.73920100000004]}, "properties": {"facility_id": "hifld_ss_172764", "facility_name": "UNKNOWN172764", "year": 2026, "type": "substation", "geoid": 51061, "lines": 0.0, "source_id": "172764", "status": "IN SERVICE"}}, {"type": "Feature", "geometry": {"type": "Point", "coordinates": [-78.15543999999994, 39.19790000000006]}, "properties": {"facility_id": "hifld_ss_172765", "facility_name": "UNKNOWN172765", "year": 2026, "type": "substation", "geoid": 51840, "lines": 0.0, "source_id": "172765", "status": "IN SERVICE"}}, {"type": "Feature", "geometry": {"type": "Point", "coordinates": [-76.65641899999997, 37.23781100000008]}, "properties": {"facility_id": "hifld_ss_172766", "facility_name": "UNKNOWN172766", "year": 2026, "type": "substation", "geoid": 51095, "lines": 0.0, "source_id": "172766", "status": "IN SERVICE"}}, {"type": "Feature", "geometry": {"type": "Point", "coordinates": [-77.04931199999999, 38.343826000000035]}, "properties": {"facility_id": "hifld_ss_172767", "facility_name": "UNKNOWN172767", "year": 2026, "type": "substation", "geoid": 51099, "lines": 0.0, "source_id": "172767", "status": "IN SERVICE"}}, {"type": "Feature", "geometry": {"type": "Point", "coordinates": [-76.48083099999997, 37.09443200000004]}, "properties": {"facility_id": "hifld_ss_172768", "facility_name": "UNKNOWN172768", "year": 2026, "type": "substation", "geoid": 51700, "lines": 0.0, "source_id": "172768", "status": "IN SERVICE"}}, {"type": "Feature", "geometry": {"type": "Point", "coordinates": [-78.52820399999996, 38.58140800000007]}, "properties": {"facility_id": "hifld_ss_172769", "facility_name": "UNKNOWN172769", "year": 2026, "type": "substation", "geoid": 51139, "lines": 0.0, "source_id": "172769", "status": "IN SERVICE"}}, {"type": "Feature", "geometry": {"type": "Point", "coordinates": [-78.61839099999997, 38.77057600000006]}, "properties": {"facility_id": "hifld_ss_172770", "facility_name": "UNKNOWN172770", "year": 2026, "type": "substation", "geoid": 51171, "lines": 0.0, "source_id": "172770", "status": "IN SERVICE"}}, {"type": "Feature", "geometry": {"type": "Point", "coordinates": [-78.15136499999994, 38.93896200000006]}, "properties": {"facility_id": "hifld_ss_172771", "facility_name": "UNKNOWN172771", "year": 2026, "type": "substation", "geoid": 51187, "lines": 0.0, "source_id": "172771", "status": "IN SERVICE"}}, {"type": "Feature", "geometry": {"type": "Point", "coordinates": [-78.17357999999996, 38.98202500000008]}, "properties": {"facility_id": "hifld_ss_172772", "facility_name": "UNKNOWN172772", "year": 2026, "type": "substation", "geoid": 51187, "lines": 0.0, "source_id": "172772", "status": "IN SERVICE"}}, {"type": "Feature", "geometry": {"type": "Point", "coordinates": [-78.16652599999998, 38.98752600000006]}, "properties": {"facility_id": "hifld_ss_172773", "facility_name": "UNKNOWN172773", "year": 2026, "type": "substation", "geoid": 51187, "lines": 0.0, "source_id": "172773", "status": "IN SERVICE"}}, {"type": "Feature", "geometry": {"type": "Point", "coordinates": [-78.17241799999994, 38.99867700000004]}, "properties": {"facility_id": "hifld_ss_172774", "facility_name": "UNKNOWN172774", "year": 2026, "type": "substation", "geoid": 51187, "lines": 0.0, "source_id": "172774", "status": "IN SERVICE"}}, {"type": "Feature", "geometry": {"type": "Point", "coordinates": [-78.17550799999998, 39.16285700000003]}, "properties": {"facility_id": "hifld_ss_172775", "facility_name": "UNKNOWN172775", "year": 2026, "type": "substation", "geoid": 51840, "lines": 0.0, "source_id": "172775", "status": "IN SERVICE"}}, {"type": "Feature", "geometry": {"type": "Point", "coordinates": [-77.90473999999995, 39.066662000000065]}, "properties": {"facility_id": "hifld_ss_173132", "facility_name": "UNKNOWN173132", "year": 2026, "type": "substation", "geoid": 51043, "lines": 0.0, "source_id": "173132", "status": "IN SERVICE"}}, {"type": "Feature", "geometry": {"type": "Point", "coordinates": [-80.76355199999995, 37.34661700000004]}, "properties": {"facility_id": "hifld_ss_173133", "facility_name": "UNKNOWN173133", "year": 2026, "type": "substation", "geoid": 51071, "lines": 0.0, "source_id": "173133", "status": "IN SERVICE"}}, {"type": "Feature", "geometry": {"type": "Point", "coordinates": [-77.27221599999996, 37.30342200000007]}, "properties": {"facility_id": "hifld_ss_173134", "facility_name": "UNKNOWN173134", "year": 2026, "type": "substation", "geoid": 51670, "lines": 0.0, "source_id": "173134", "status": "IN SERVICE"}}, {"type": "Feature", "geometry": {"type": "Point", "coordinates": [-77.88472999999993, 39.06000300000005]}, "properties": {"facility_id": "hifld_ss_173135", "facility_name": "UNKNOWN173135", "year": 2026, "type": "substation", "geoid": 51107, "lines": 0.0, "source_id": "173135", "status": "IN SERVICE"}}, {"type": "Feature", "geometry": {"type": "Point", "coordinates": [-77.44904099999997, 38.97359000000006]}, "properties": {"facility_id": "hifld_ss_173136", "facility_name": "UNKNOWN173136", "year": 2026, "type": "substation", "geoid": 51107, "lines": 0.0, "source_id": "173136", "status": "IN SERVICE"}}, {"type": "Feature", "geometry": {"type": "Point", "coordinates": [-80.52518799999996, 37.18581100000006]}, "properties": {"facility_id": "hifld_ss_173137", "facility_name": "UNKNOWN173137", "year": 2026, "type": "substation", "geoid": 51121, "lines": 0.0, "source_id": "173137", "status": "IN SERVICE"}}, {"type": "Feature", "geometry": {"type": "Point", "coordinates": [-80.54270199999996, 37.18012100000004]}, "properties": {"facility_id": "hifld_ss_173138", "facility_name": "UNKNOWN173138", "year": 2026, "type": "substation", "geoid": 51121, "lines": 0.0, "source_id": "173138", "status": "IN SERVICE"}}, {"type": "Feature", "geometry": {"type": "Point", "coordinates": [-75.91623299999998, 37.36630800000006]}, "properties": {"facility_id": "hifld_ss_173139", "facility_name": "UNKNOWN173139", "year": 2026, "type": "substation", "geoid": 51131, "lines": 0.0, "source_id": "173139", "status": "IN SERVICE"}}, {"type": "Feature", "geometry": {"type": "Point", "coordinates": [-80.56383299999999, 37.188622000000066]}, "properties": {"facility_id": "hifld_ss_173140", "facility_name": "UNKNOWN173140", "year": 2026, "type": "substation", "geoid": 51155, "lines": 0.0, "source_id": "173140", "status": "IN SERVICE"}}, {"type": "Feature", "geometry": {"type": "Point", "coordinates": [-79.93483399999997, 37.27276500000005]}, "properties": {"facility_id": "hifld_ss_173141", "facility_name": "UNKNOWN173141", "year": 2026, "type": "substation", "geoid": 51770, "lines": 0.0, "source_id": "173141", "status": "IN SERVICE"}}, {"type": "Feature", "geometry": {"type": "Point", "coordinates": [-78.87981099999996, 38.062227000000064]}, "properties": {"facility_id": "hifld_ss_173142", "facility_name": "UNKNOWN173142", "year": 2026, "type": "substation", "geoid": 51820, "lines": 0.0, "source_id": "173142", "status": "IN SERVICE"}}, {"type": "Feature", "geometry": {"type": "Point", "coordinates": [-82.77529499999997, 36.87176500000004]}, "properties": {"facility_id": "hifld_ss_173143", "facility_name": "UNKNOWN173143", "year": 2026, "type": "substation", "geoid": 51195, "lines": 0.0, "source_id": "173143", "status": "IN SERVICE"}}, {"type": "Feature", "geometry": {"type": "Point", "coordinates": [-77.07518303599994, 38.78135708700006]}, "properties": {"facility_id": "hifld_ss_173487", "facility_name": "BELLE HAVEN", "year": 2026, "type": "substation", "geoid": 51059, "lines": 0.0, "source_id": "173487", "status": "NOT AVAILABLE"}}, {"type": "Feature", "geometry": {"type": "Point", "coordinates": [-77.10445778799993, 38.89567429300007]}, "properties": {"facility_id": "hifld_ss_173488", "facility_name": "CHERRYDALE", "year": 2026, "type": "substation", "geoid": 51013, "lines": 0.0, "source_id": "173488", "status": "NOT AVAILABLE"}}, {"type": "Feature", "geometry": {"type": "Point", "coordinates": [-76.43657999999994, 37.00455856900004]}, "properties": {"facility_id": "hifld_ss_173489", "facility_name": "BRIARFIELD HILLS", "year": 2026, "type": "substation", "geoid": 51700, "lines": 0.0, "source_id": "173489", "status": "NOT AVAILABLE"}}]}